COHORT,SAMPLE_ID,PATIENT_ID,SEX,sex_encoded,age_numeric,age_for_model,age_unusable_flag,age_outlier_flag,smoking_detail,smoking_binary,smoking_unknown_flag,smoking_pack_years_numeric,pack_years_missing_flag,clinical_record_matched
LUNG_MSK_2017,P-0000036-T01-IM3,P-0000036,Female,0,57.0,57.0,0,0,Never,Never,0,,1,True
LUNG_MSK_2017,P-0000110-T01-IM3,P-0000110,Male,1,66.0,66.0,0,0,Former,Ever,0,,1,True
LUNG_MSK_2017,P-0000133-T01-IM3,P-0000133,Female,0,79.0,79.0,0,0,Never,Never,0,,1,True
LUNG_MSK_2017,P-0000149-T01-IM3,P-0000149,Female,0,50.0,50.0,0,0,Former,Ever,0,,1,True
LUNG_MSK_2017,P-0000163-T02-IM3,P-0000163,Female,0,37.0,37.0,0,0,Former,Ever,0,,1,True
LUNG_MSK_2017,P-0000165-T01-IM3,P-0000165,Female,0,62.0,62.0,0,0,Never,Never,0,,1,True
LUNG_MSK_2017,P-0000205-T01-IM3,P-0000205,Female,0,54.0,54.0,0,0,Never,Never,0,,1,True
LUNG_MSK_2017,P-0000219-T01-IM3,P-0000219,Female,0,52.0,52.0,0,0,Former,Ever,0,,1,True
LUNG_MSK_2017,P-0000231-T01-IM3,P-0000231,Female,0,27.0,27.0,0,0,Former,Ever,0,,1,True
LUNG_MSK_2017,P-0000233-T01-IM3,P-0000233,Female,0,64.0,64.0,0,0,Former,Ever,0,,1,True
LUNG_MSK_2017,P-0000239-T01-IM3,P-0000239,Male,1,80.0,80.0,0,0,Former,Ever,0,,1,True
LUNG_MSK_2017,P-0000252-T01-IM3,P-0000252,Female,0,52.0,52.0,0,0,Former,Ever,0,,1,True
LUNG_MSK_2017,P-0000263-T01-IM3,P-0000263,Female,0,62.0,62.0,0,0,Never,Never,0,,1,True
LUNG_MSK_2017,P-0000280-T01-IM3,P-0000280,Female,0,54.0,54.0,0,0,Never,Never,0,,1,True
LUNG_MSK_2017,P-0000301-T01-IM3,P-0000301,Male,1,29.0,29.0,0,0,Former,Ever,0,,1,True
LUNG_MSK_2017,P-0000316-T01-IM3,P-0000316,Female,0,60.0,60.0,0,0,Never,Never,0,,1,True
LUNG_MSK_2017,P-0000344-T01-IM3,P-0000344,Male,1,53.0,53.0,0,0,Former,Ever,0,,1,True
LUNG_MSK_2017,P-0000347-T01-IM3,P-0000347,Female,0,63.0,63.0,0,0,Former,Ever,0,,1,True
LUNG_MSK_2017,P-0000348-T01-IM3,P-0000348,Male,1,64.0,64.0,0,0,Never,Never,0,,1,True
LUNG_MSK_2017,P-0000349-T01-IM3,P-0000349,Male,1,69.0,69.0,0,0,Former,Ever,0,,1,True
LUNG_MSK_2017,P-0000352-T01-IM3,P-0000352,Female,0,46.0,46.0,0,0,Never,Never,0,,1,True
LUNG_MSK_2017,P-0000370-T01-IM3,P-0000370,Female,0,64.0,64.0,0,0,Former,Ever,0,,1,True
LUNG_MSK_2017,P-0000388-T01-IM3,P-0000388,Male,1,56.0,56.0,0,0,Former,Ever,0,,1,True
LUNG_MSK_2017,P-0000390-T01-IM3,P-0000390,Male,1,50.0,50.0,0,0,Former,Ever,0,,1,True
LUNG_MSK_2017,P-0000395-T01-IM3,P-0000395,Male,1,47.0,47.0,0,0,Former,Ever,0,,1,True
LUNG_MSK_2017,P-0000405-T01-IM3,P-0000405,Male,1,42.0,42.0,0,0,Former,Ever,0,,1,True
LUNG_MSK_2017,P-0000427-T01-IM3,P-0000427,Female,0,64.0,64.0,0,0,Former,Ever,0,,1,True
LUNG_MSK_2017,P-0000458-T01-IM3,P-0000458,Male,1,63.0,63.0,0,0,Former,Ever,0,,1,True
LUNG_MSK_2017,P-0000459-T01-IM3,P-0000459,Male,1,77.0,77.0,0,0,Former,Ever,0,,1,True
LUNG_MSK_2017,P-0000491-T01-IM3,P-0000491,Male,1,59.0,59.0,0,0,Former,Ever,0,,1,True
LUNG_MSK_2017,P-0000531-T01-IM3,P-0000531,Female,0,57.0,57.0,0,0,Former,Ever,0,,1,True
LUNG_MSK_2017,P-0000554-T01-IM3,P-0000554,Female,0,67.0,67.0,0,0,Former,Ever,0,,1,True
LUNG_MSK_2017,P-0000557-T01-IM3,P-0000557,Male,1,76.0,76.0,0,0,Never,Never,0,,1,True
LUNG_MSK_2017,P-0000563-T01-IM3,P-0000563,Male,1,41.0,41.0,0,0,Former,Ever,0,,1,True
LUNG_MSK_2017,P-0000571-T01-IM3,P-0000571,Female,0,70.0,70.0,0,0,Former,Ever,0,,1,True
LUNG_MSK_2017,P-0000580-T01-IM3,P-0000580,Female,0,68.0,68.0,0,0,Former,Ever,0,,1,True
LUNG_MSK_2017,P-0000583-T01-IM3,P-0000583,Female,0,60.0,60.0,0,0,Former,Ever,0,,1,True
LUNG_MSK_2017,P-0000594-T01-IM3,P-0000594,Male,1,55.0,55.0,0,0,Never,Never,0,,1,True
LUNG_MSK_2017,P-0000602-T01-IM3,P-0000602,Female,0,67.0,67.0,0,0,Former,Ever,0,,1,True
LUNG_MSK_2017,P-0000622-T01-IM3,P-0000622,Female,0,67.0,67.0,0,0,Former,Ever,0,,1,True
LUNG_MSK_2017,P-0000626-T01-IM3,P-0000626,Female,0,65.0,65.0,0,0,Former,Ever,0,,1,True
LUNG_MSK_2017,P-0000627-T01-IM3,P-0000627,Female,0,60.0,60.0,0,0,Former,Ever,0,,1,True
LUNG_MSK_2017,P-0000628-T02-IM5,P-0000628,Male,1,51.0,51.0,0,0,Former,Ever,0,,1,True
LUNG_MSK_2017,P-0000630-T01-IM3,P-0000630,Female,0,66.0,66.0,0,0,Never,Never,0,,1,True
LUNG_MSK_2017,P-0000632-T01-IM3,P-0000632,Male,1,39.0,39.0,0,0,Former,Ever,0,,1,True
LUNG_MSK_2017,P-0000636-T01-IM3,P-0000636,Female,0,53.0,53.0,0,0,Former,Ever,0,,1,True
LUNG_MSK_2017,P-0000642-T01-IM3,P-0000642,Male,1,65.0,65.0,0,0,Never,Never,0,,1,True
LUNG_MSK_2017,P-0000670-T01-IM3,P-0000670,Female,0,49.0,49.0,0,0,Former,Ever,0,,1,True
LUNG_MSK_2017,P-0000671-T01-IM3,P-0000671,Female,0,63.0,63.0,0,0,Former,Ever,0,,1,True
LUNG_MSK_2017,P-0000676-T01-IM3,P-0000676,Female,0,42.0,42.0,0,0,Former,Ever,0,,1,True
LUNG_MSK_2017,P-0000681-T02-IM5,P-0000681,Female,0,66.0,66.0,0,0,Former,Ever,0,,1,True
LUNG_MSK_2017,P-0000706-T01-IM3,P-0000706,Male,1,77.0,77.0,0,0,Former,Ever,0,,1,True
LUNG_MSK_2017,P-0000726-T01-IM3,P-0000726,Female,0,73.0,73.0,0,0,Former,Ever,0,,1,True
LUNG_MSK_2017,P-0000731-T01-IM3,P-0000731,Female,0,72.0,72.0,0,0,Former,Ever,0,,1,True
LUNG_MSK_2017,P-0000756-T01-IM3,P-0000756,Female,0,65.0,65.0,0,0,Former,Ever,0,,1,True
LUNG_MSK_2017,P-0000765-T01-IM3,P-0000765,Female,0,59.0,59.0,0,0,Former,Ever,0,,1,True
LUNG_MSK_2017,P-0000774-T01-IM3,P-0000774,Male,1,74.0,74.0,0,0,Former,Ever,0,,1,True
LUNG_MSK_2017,P-0000785-T01-IM3,P-0000785,Female,0,65.0,65.0,0,0,Former,Ever,0,,1,True
LUNG_MSK_2017,P-0000789-T01-IM3,P-0000789,Female,0,70.0,70.0,0,0,Former,Ever,0,,1,True
LUNG_MSK_2017,P-0000807-T01-IM3,P-0000807,Male,1,61.0,61.0,0,0,Former,Ever,0,,1,True
LUNG_MSK_2017,P-0000809-T01-IM3,P-0000809,Female,0,64.0,64.0,0,0,Never,Never,0,,1,True
LUNG_MSK_2017,P-0000819-T01-IM3,P-0000819,Male,1,58.0,58.0,0,0,Former,Ever,0,,1,True
LUNG_MSK_2017,P-0000825-T01-IM3,P-0000825,Female,0,49.0,49.0,0,0,Never,Never,0,,1,True
LUNG_MSK_2017,P-0000831-T01-IM3,P-0000831,Male,1,56.0,56.0,0,0,Former,Ever,0,,1,True
LUNG_MSK_2017,P-0000873-T01-IM3,P-0000873,Male,1,63.0,63.0,0,0,Former,Ever,0,,1,True
LUNG_MSK_2017,P-0000894-T01-IM3,P-0000894,Male,1,77.0,77.0,0,0,Never,Never,0,,1,True
LUNG_MSK_2017,P-0000900-T01-IM3,P-0000900,Male,1,64.0,64.0,0,0,Former,Ever,0,,1,True
LUNG_MSK_2017,P-0000903-T01-IM3,P-0000903,Male,1,68.0,68.0,0,0,Former,Ever,0,,1,True
LUNG_MSK_2017,P-0000913-T03-IM5,P-0000913,Female,0,54.0,54.0,0,0,Never,Never,0,,1,True
LUNG_MSK_2017,P-0000924-T01-IM3,P-0000924,Female,0,71.0,71.0,0,0,Former,Ever,0,,1,True
LUNG_MSK_2017,P-0000929-T01-IM3,P-0000929,Male,1,56.0,56.0,0,0,Former,Ever,0,,1,True
LUNG_MSK_2017,P-0000978-T02-IM5,P-0000978,Female,0,57.0,57.0,0,0,Never,Never,0,,1,True
LUNG_MSK_2017,P-0000987-T01-IM3,P-0000987,Male,1,61.0,61.0,0,0,Never,Never,0,,1,True
LUNG_MSK_2017,P-0000989-T01-IM3,P-0000989,Female,0,54.0,54.0,0,0,Former,Ever,0,,1,True
LUNG_MSK_2017,P-0001037-T01-IM3,P-0001037,Female,0,74.0,74.0,0,0,Never,Never,0,,1,True
LUNG_MSK_2017,P-0001089-T01-IM3,P-0001089,Male,1,64.0,64.0,0,0,Former,Ever,0,,1,True
LUNG_MSK_2017,P-0001093-T01-IM3,P-0001093,Male,1,65.0,65.0,0,0,Former,Ever,0,,1,True
LUNG_MSK_2017,P-0001097-T01-IM3,P-0001097,Female,0,59.0,59.0,0,0,Never,Never,0,,1,True
LUNG_MSK_2017,P-0001123-T02-IM5,P-0001123,Female,0,71.0,71.0,0,0,Former,Ever,0,,1,True
LUNG_MSK_2017,P-0001130-T01-IM3,P-0001130,Female,0,65.0,65.0,0,0,Former,Ever,0,,1,True
LUNG_MSK_2017,P-0001131-T01-IM3,P-0001131,Female,0,59.0,59.0,0,0,Former,Ever,0,,1,True
LUNG_MSK_2017,P-0001154-T01-IM3,P-0001154,Male,1,56.0,56.0,0,0,Former,Ever,0,,1,True
LUNG_MSK_2017,P-0001155-T01-IM3,P-0001155,Male,1,39.0,39.0,0,0,Never,Never,0,,1,True
LUNG_MSK_2017,P-0001163-T01-IM3,P-0001163,Female,0,82.0,82.0,0,0,Former,Ever,0,,1,True
LUNG_MSK_2017,P-0001165-T01-IM3,P-0001165,Female,0,33.0,33.0,0,0,Never,Never,0,,1,True
LUNG_MSK_2017,P-0001171-T01-IM3,P-0001171,Male,1,51.0,51.0,0,0,Former,Ever,0,,1,True
LUNG_MSK_2017,P-0001189-T01-IM3,P-0001189,Male,1,61.0,61.0,0,0,Former,Ever,0,,1,True
LUNG_MSK_2017,P-0001199-T01-IM3,P-0001199,Female,0,76.0,76.0,0,0,Former,Ever,0,,1,True
LUNG_MSK_2017,P-0001208-T01-IM3,P-0001208,Male,1,62.0,62.0,0,0,Former,Ever,0,,1,True
LUNG_MSK_2017,P-0001224-T02-IM3,P-0001224,Female,0,63.0,63.0,0,0,Former,Ever,0,,1,True
LUNG_MSK_2017,P-0001241-T01-IM3,P-0001241,Female,0,83.0,83.0,0,0,Never,Never,0,,1,True
LUNG_MSK_2017,P-0001243-T01-IM3,P-0001243,Female,0,61.0,61.0,0,0,Never,Never,0,,1,True
LUNG_MSK_2017,P-0001257-T01-IM3,P-0001257,Female,0,57.0,57.0,0,0,Former,Ever,0,,1,True
LUNG_MSK_2017,P-0001269-T01-IM3,P-0001269,Female,0,67.0,67.0,0,0,Never,Never,0,,1,True
LUNG_MSK_2017,P-0001296-T02-IM5,P-0001296,Female,0,68.0,68.0,0,0,Former,Ever,0,,1,True
LUNG_MSK_2017,P-0001300-T01-IM3,P-0001300,Female,0,51.0,51.0,0,0,Never,Never,0,,1,True
LUNG_MSK_2017,P-0001303-T01-IM3,P-0001303,Female,0,64.0,64.0,0,0,Never,Never,0,,1,True
LUNG_MSK_2017,P-0001309-T01-IM3,P-0001309,Female,0,43.0,43.0,0,0,Former,Ever,0,,1,True
LUNG_MSK_2017,P-0001328-T01-IM3,P-0001328,Female,0,78.0,78.0,0,0,Never,Never,0,,1,True
LUNG_MSK_2017,P-0001340-T01-IM3,P-0001340,Male,1,61.0,61.0,0,0,Former,Ever,0,,1,True
LUNG_MSK_2017,P-0001357-T02-IM5,P-0001357,Male,1,69.0,69.0,0,0,Former,Ever,0,,1,True
LUNG_MSK_2017,P-0001365-T02-IM3,P-0001365,Male,1,70.0,70.0,0,0,Former,Ever,0,,1,True
LUNG_MSK_2017,P-0001368-T01-IM3,P-0001368,Male,1,58.0,58.0,0,0,Never,Never,0,,1,True
LUNG_MSK_2017,P-0001375-T01-IM3,P-0001375,Female,0,55.0,55.0,0,0,Current,Ever,0,,1,True
LUNG_MSK_2017,P-0001380-T01-IM3,P-0001380,Female,0,66.0,66.0,0,0,Never,Never,0,,1,True
LUNG_MSK_2017,P-0001381-T01-IM3,P-0001381,Male,1,66.0,66.0,0,0,Former,Ever,0,,1,True
LUNG_MSK_2017,P-0001385-T01-IM3,P-0001385,Female,0,50.0,50.0,0,0,Former,Ever,0,,1,True
LUNG_MSK_2017,P-0001389-T01-IM3,P-0001389,Female,0,45.0,45.0,0,0,Never,Never,0,,1,True
LUNG_MSK_2017,P-0001397-T01-IM3,P-0001397,Female,0,73.0,73.0,0,0,Former,Ever,0,,1,True
LUNG_MSK_2017,P-0001437-T01-IM3,P-0001437,Female,0,64.0,64.0,0,0,Former,Ever,0,,1,True
LUNG_MSK_2017,P-0001442-T02-IM5,P-0001442,Male,1,56.0,56.0,0,0,Never,Never,0,,1,True
LUNG_MSK_2017,P-0001532-T01-IM3,P-0001532,Female,0,51.0,51.0,0,0,Never,Never,0,,1,True
LUNG_MSK_2017,P-0001550-T01-IM3,P-0001550,Female,0,57.0,57.0,0,0,Former,Ever,0,,1,True
LUNG_MSK_2017,P-0001553-T02-IM5,P-0001553,Female,0,75.0,75.0,0,0,Never,Never,0,,1,True
LUNG_MSK_2017,P-0001571-T01-IM3,P-0001571,Female,0,65.0,65.0,0,0,Former,Ever,0,,1,True
LUNG_MSK_2017,P-0001599-T03-IM5,P-0001599,Female,0,65.0,65.0,0,0,Former,Ever,0,,1,True
LUNG_MSK_2017,P-0001613-T01-IM3,P-0001613,Female,0,60.0,60.0,0,0,Never,Never,0,,1,True
LUNG_MSK_2017,P-0001625-T01-IM3,P-0001625,Male,1,62.0,62.0,0,0,Never,Never,0,,1,True
LUNG_MSK_2017,P-0001633-T01-IM3,P-0001633,Female,0,53.0,53.0,0,0,Never,Never,0,,1,True
LUNG_MSK_2017,P-0001665-T01-IM3,P-0001665,Female,0,47.0,47.0,0,0,Never,Never,0,,1,True
LUNG_MSK_2017,P-0001683-T01-IM3,P-0001683,Female,0,69.0,69.0,0,0,Never,Never,0,,1,True
LUNG_MSK_2017,P-0001707-T01-IM3,P-0001707,Male,1,53.0,53.0,0,0,Never,Never,0,,1,True
LUNG_MSK_2017,P-0001722-T01-IM3,P-0001722,Male,1,75.0,75.0,0,0,Former,Ever,0,,1,True
LUNG_MSK_2017,P-0001724-T01-IM3,P-0001724,Male,1,50.0,50.0,0,0,Former,Ever,0,,1,True
LUNG_MSK_2017,P-0001750-T01-IM3,P-0001750,Female,0,59.0,59.0,0,0,Never,Never,0,,1,True
LUNG_MSK_2017,P-0001758-T01-IM3,P-0001758,Female,0,69.0,69.0,0,0,Former,Ever,0,,1,True
LUNG_MSK_2017,P-0001766-T01-IM3,P-0001766,Female,0,54.0,54.0,0,0,Never,Never,0,,1,True
LUNG_MSK_2017,P-0001782-T01-IM3,P-0001782,Female,0,41.0,41.0,0,0,Former,Ever,0,,1,True
LUNG_MSK_2017,P-0001787-T01-IM3,P-0001787,Female,0,59.0,59.0,0,0,Former,Ever,0,,1,True
LUNG_MSK_2017,P-0001813-T01-IM3,P-0001813,Male,1,78.0,78.0,0,0,Former,Ever,0,,1,True
LUNG_MSK_2017,P-0001817-T01-IM3,P-0001817,Female,0,40.0,40.0,0,0,Former,Ever,0,,1,True
LUNG_MSK_2017,P-0001826-T01-IM3,P-0001826,Female,0,53.0,53.0,0,0,Never,Never,0,,1,True
LUNG_MSK_2017,P-0001830-T01-IM3,P-0001830,Female,0,73.0,73.0,0,0,Former,Ever,0,,1,True
LUNG_MSK_2017,P-0001832-T01-IM3,P-0001832,Female,0,64.0,64.0,0,0,Former,Ever,0,,1,True
LUNG_MSK_2017,P-0001833-T01-IM3,P-0001833,Male,1,63.0,63.0,0,0,Former,Ever,0,,1,True
LUNG_MSK_2017,P-0001836-T01-IM3,P-0001836,Female,0,59.0,59.0,0,0,Former,Ever,0,,1,True
LUNG_MSK_2017,P-0001840-T01-IM3,P-0001840,Female,0,37.0,37.0,0,0,Never,Never,0,,1,True
LUNG_MSK_2017,P-0001891-T01-IM3,P-0001891,Male,1,56.0,56.0,0,0,Former,Ever,0,,1,True
LUNG_MSK_2017,P-0001894-T01-IM3,P-0001894,Female,0,71.0,71.0,0,0,Never,Never,0,,1,True
LUNG_MSK_2017,P-0001916-T01-IM3,P-0001916,Female,0,58.0,58.0,0,0,Current,Ever,0,,1,True
LUNG_MSK_2017,P-0001927-T01-IM3,P-0001927,Male,1,76.0,76.0,0,0,Former,Ever,0,,1,True
LUNG_MSK_2017,P-0001945-T01-IM3,P-0001945,Female,0,53.0,53.0,0,0,Former,Ever,0,,1,True
LUNG_MSK_2017,P-0001955-T01-IM3,P-0001955,Female,0,29.0,29.0,0,0,Never,Never,0,,1,True
LUNG_MSK_2017,P-0001972-T01-IM3,P-0001972,Male,1,77.0,77.0,0,0,Former,Ever,0,,1,True
LUNG_MSK_2017,P-0001977-T01-IM3,P-0001977,Male,1,78.0,78.0,0,0,Former,Ever,0,,1,True
LUNG_MSK_2017,P-0001986-T01-IM3,P-0001986,Female,0,58.0,58.0,0,0,Former,Ever,0,,1,True
LUNG_MSK_2017,P-0001987-T01-IM3,P-0001987,Male,1,50.0,50.0,0,0,Former,Ever,0,,1,True
LUNG_MSK_2017,P-0002000-T02-IM5,P-0002000,Female,0,64.0,64.0,0,0,Former,Ever,0,,1,True
LUNG_MSK_2017,P-0002001-T01-IM3,P-0002001,Female,0,58.0,58.0,0,0,Former,Ever,0,,1,True
LUNG_MSK_2017,P-0002016-T01-IM3,P-0002016,Male,1,71.0,71.0,0,0,Former,Ever,0,,1,True
LUNG_MSK_2017,P-0002026-T01-IM3,P-0002026,Male,1,83.0,83.0,0,0,Former,Ever,0,,1,True
LUNG_MSK_2017,P-0002033-T01-IM3,P-0002033,Female,0,59.0,59.0,0,0,Former,Ever,0,,1,True
LUNG_MSK_2017,P-0002038-T01-IM3,P-0002038,Female,0,70.0,70.0,0,0,Never,Never,0,,1,True
LUNG_MSK_2017,P-0002060-T01-IM3,P-0002060,Male,1,74.0,74.0,0,0,Former,Ever,0,,1,True
LUNG_MSK_2017,P-0002069-T01-IM3,P-0002069,Male,1,59.0,59.0,0,0,Former,Ever,0,,1,True
LUNG_MSK_2017,P-0002079-T01-IM3,P-0002079,Male,1,75.0,75.0,0,0,Never,Never,0,,1,True
LUNG_MSK_2017,P-0002081-T01-IM3,P-0002081,Female,0,55.0,55.0,0,0,Former,Ever,0,,1,True
LUNG_MSK_2017,P-0002085-T02-IM5,P-0002085,Female,0,62.0,62.0,0,0,Never,Never,0,,1,True
LUNG_MSK_2017,P-0002091-T01-IM3,P-0002091,Female,0,38.0,38.0,0,0,Former,Ever,0,,1,True
LUNG_MSK_2017,P-0002105-T01-IM3,P-0002105,Male,1,62.0,62.0,0,0,Former,Ever,0,,1,True
LUNG_MSK_2017,P-0002117-T01-IM3,P-0002117,Female,0,29.0,29.0,0,0,Never,Never,0,,1,True
LUNG_MSK_2017,P-0002126-T01-IM3,P-0002126,Male,1,60.0,60.0,0,0,Never,Never,0,,1,True
LUNG_MSK_2017,P-0002151-T01-IM3,P-0002151,Female,0,70.0,70.0,0,0,Former,Ever,0,,1,True
LUNG_MSK_2017,P-0002153-T01-IM3,P-0002153,Male,1,67.0,67.0,0,0,Former,Ever,0,,1,True
LUNG_MSK_2017,P-0002156-T01-IM3,P-0002156,Male,1,79.0,79.0,0,0,Former,Ever,0,,1,True
LUNG_MSK_2017,P-0002160-T01-IM3,P-0002160,Male,1,65.0,65.0,0,0,Former,Ever,0,,1,True
LUNG_MSK_2017,P-0002163-T01-IM3,P-0002163,Female,0,63.0,63.0,0,0,Former,Ever,0,,1,True
LUNG_MSK_2017,P-0002187-T01-IM3,P-0002187,Male,1,72.0,72.0,0,0,Former,Ever,0,,1,True
LUNG_MSK_2017,P-0002207-T01-IM3,P-0002207,Male,1,75.0,75.0,0,0,Former,Ever,0,,1,True
LUNG_MSK_2017,P-0002218-T02-IM5,P-0002218,Female,0,65.0,65.0,0,0,Never,Never,0,,1,True
LUNG_MSK_2017,P-0002247-T01-IM3,P-0002247,Female,0,61.0,61.0,0,0,Former,Ever,0,,1,True
LUNG_MSK_2017,P-0002278-T01-IM3,P-0002278,Female,0,54.0,54.0,0,0,Former,Ever,0,,1,True
LUNG_MSK_2017,P-0002295-T01-IM3,P-0002295,Female,0,68.0,68.0,0,0,Never,Never,0,,1,True
LUNG_MSK_2017,P-0002309-T01-IM3,P-0002309,Male,1,46.0,46.0,0,0,Former,Ever,0,,1,True
LUNG_MSK_2017,P-0002320-T01-IM3,P-0002320,Male,1,56.0,56.0,0,0,Never,Never,0,,1,True
LUNG_MSK_2017,P-0002329-T01-IM3,P-0002329,Male,1,58.0,58.0,0,0,Former,Ever,0,,1,True
LUNG_MSK_2017,P-0002340-T01-IM3,P-0002340,Female,0,65.0,65.0,0,0,Former,Ever,0,,1,True
LUNG_MSK_2017,P-0002359-T01-IM3,P-0002359,Female,0,70.0,70.0,0,0,Former,Ever,0,,1,True
LUNG_MSK_2017,P-0002403-T01-IM3,P-0002403,Female,0,53.0,53.0,0,0,Never,Never,0,,1,True
LUNG_MSK_2017,P-0002412-T01-IM3,P-0002412,Male,1,77.0,77.0,0,0,Former,Ever,0,,1,True
LUNG_MSK_2017,P-0002420-T01-IM3,P-0002420,Female,0,63.0,63.0,0,0,Former,Ever,0,,1,True
LUNG_MSK_2017,P-0002423-T01-IM3,P-0002423,Male,1,59.0,59.0,0,0,Never,Never,0,,1,True
LUNG_MSK_2017,P-0002425-T01-IM3,P-0002425,Male,1,23.0,23.0,0,0,Former,Ever,0,,1,True
LUNG_MSK_2017,P-0002426-T01-IM3,P-0002426,Female,0,55.0,55.0,0,0,Never,Never,0,,1,True
LUNG_MSK_2017,P-0002434-T01-IM3,P-0002434,Female,0,66.0,66.0,0,0,Former,Ever,0,,1,True
LUNG_MSK_2017,P-0002446-T01-IM3,P-0002446,Male,1,58.0,58.0,0,0,Never,Never,0,,1,True
LUNG_MSK_2017,P-0002451-T02-IM5,P-0002451,Female,0,57.0,57.0,0,0,Former,Ever,0,,1,True
LUNG_MSK_2017,P-0002459-T01-IM3,P-0002459,Female,0,62.0,62.0,0,0,Former,Ever,0,,1,True
LUNG_MSK_2017,P-0002489-T01-IM3,P-0002489,Female,0,78.0,78.0,0,0,Former,Ever,0,,1,True
LUNG_MSK_2017,P-0002491-T01-IM3,P-0002491,Female,0,42.0,42.0,0,0,Never,Never,0,,1,True
LUNG_MSK_2017,P-0002506-T02-IM5,P-0002506,Female,0,58.0,58.0,0,0,Never,Never,0,,1,True
LUNG_MSK_2017,P-0002523-T01-IM3,P-0002523,Female,0,70.0,70.0,0,0,Former,Ever,0,,1,True
LUNG_MSK_2017,P-0002524-T01-IM3,P-0002524,Female,0,72.0,72.0,0,0,Former,Ever,0,,1,True
LUNG_MSK_2017,P-0002534-T01-IM3,P-0002534,Female,0,72.0,72.0,0,0,Never,Never,0,,1,True
LUNG_MSK_2017,P-0002548-T01-IM3,P-0002548,Male,1,82.0,82.0,0,0,Former,Ever,0,,1,True
LUNG_MSK_2017,P-0002551-T01-IM3,P-0002551,Female,0,66.0,66.0,0,0,Former,Ever,0,,1,True
LUNG_MSK_2017,P-0002557-T01-IM3,P-0002557,Female,0,35.0,35.0,0,0,Never,Never,0,,1,True
LUNG_MSK_2017,P-0002559-T01-IM3,P-0002559,Female,0,36.0,36.0,0,0,Never,Never,0,,1,True
LUNG_MSK_2017,P-0002571-T01-IM3,P-0002571,Male,1,81.0,81.0,0,0,Former,Ever,0,,1,True
LUNG_MSK_2017,P-0002580-T01-IM3,P-0002580,Male,1,47.0,47.0,0,0,Never,Never,0,,1,True
LUNG_MSK_2017,P-0002605-T01-IM3,P-0002605,Female,0,77.0,77.0,0,0,Former,Ever,0,,1,True
LUNG_MSK_2017,P-0002611-T01-IM3,P-0002611,Female,0,50.0,50.0,0,0,Former,Ever,0,,1,True
LUNG_MSK_2017,P-0002616-T01-IM3,P-0002616,Male,1,84.0,84.0,0,0,Former,Ever,0,,1,True
LUNG_MSK_2017,P-0002631-T01-IM3,P-0002631,Female,0,67.0,67.0,0,0,Former,Ever,0,,1,True
LUNG_MSK_2017,P-0002635-T01-IM3,P-0002635,Male,1,65.0,65.0,0,0,Former,Ever,0,,1,True
LUNG_MSK_2017,P-0002639-T01-IM3,P-0002639,Female,0,65.0,65.0,0,0,Former,Ever,0,,1,True
LUNG_MSK_2017,P-0002646-T01-IM3,P-0002646,Male,1,41.0,41.0,0,0,Never,Never,0,,1,True
LUNG_MSK_2017,P-0002650-T01-IM3,P-0002650,Male,1,66.0,66.0,0,0,Never,Never,0,,1,True
LUNG_MSK_2017,P-0002663-T01-IM3,P-0002663,Male,1,84.0,84.0,0,0,Never,Never,0,,1,True
LUNG_MSK_2017,P-0002677-T01-IM3,P-0002677,Male,1,74.0,74.0,0,0,Former,Ever,0,,1,True
LUNG_MSK_2017,P-0002683-T01-IM3,P-0002683,Female,0,73.0,73.0,0,0,Former,Ever,0,,1,True
LUNG_MSK_2017,P-0002707-T03-IM5,P-0002707,Female,0,50.0,50.0,0,0,Never,Never,0,,1,True
LUNG_MSK_2017,P-0002718-T01-IM3,P-0002718,Male,1,68.0,68.0,0,0,Former,Ever,0,,1,True
LUNG_MSK_2017,P-0002725-T01-IM3,P-0002725,Female,0,63.0,63.0,0,0,Former,Ever,0,,1,True
LUNG_MSK_2017,P-0002731-T02-IM5,P-0002731,Female,0,63.0,63.0,0,0,Former,Ever,0,,1,True
LUNG_MSK_2017,P-0002751-T01-IM3,P-0002751,Female,0,68.0,68.0,0,0,Former,Ever,0,,1,True
LUNG_MSK_2017,P-0002766-T01-IM3,P-0002766,Female,0,55.0,55.0,0,0,Former,Ever,0,,1,True
LUNG_MSK_2017,P-0002768-T01-IM3,P-0002768,Female,0,37.0,37.0,0,0,Never,Never,0,,1,True
LUNG_MSK_2017,P-0002780-T01-IM3,P-0002780,Female,0,58.0,58.0,0,0,Never,Never,0,,1,True
LUNG_MSK_2017,P-0002783-T01-IM3,P-0002783,Male,1,64.0,64.0,0,0,Never,Never,0,,1,True
LUNG_MSK_2017,P-0002794-T02-IM5,P-0002794,Female,0,60.0,60.0,0,0,Former,Ever,0,,1,True
LUNG_MSK_2017,P-0002806-T01-IM3,P-0002806,Male,1,80.0,80.0,0,0,Former,Ever,0,,1,True
LUNG_MSK_2017,P-0002823-T01-IM3,P-0002823,Female,0,66.0,66.0,0,0,Never,Never,0,,1,True
LUNG_MSK_2017,P-0002826-T01-IM3,P-0002826,Female,0,59.0,59.0,0,0,Former,Ever,0,,1,True
LUNG_MSK_2017,P-0002837-T01-IM3,P-0002837,Male,1,61.0,61.0,0,0,Former,Ever,0,,1,True
LUNG_MSK_2017,P-0002842-T01-IM3,P-0002842,Male,1,67.0,67.0,0,0,Former,Ever,0,,1,True
LUNG_MSK_2017,P-0002850-T01-IM3,P-0002850,Male,1,55.0,55.0,0,0,Former,Ever,0,,1,True
LUNG_MSK_2017,P-0002861-T01-IM3,P-0002861,Female,0,44.0,44.0,0,0,Former,Ever,0,,1,True
LUNG_MSK_2017,P-0002872-T01-IM3,P-0002872,Female,0,57.0,57.0,0,0,Former,Ever,0,,1,True
LUNG_MSK_2017,P-0002873-T01-IM3,P-0002873,Male,1,55.0,55.0,0,0,Former,Ever,0,,1,True
LUNG_MSK_2017,P-0002874-T01-IM3,P-0002874,Female,0,54.0,54.0,0,0,Former,Ever,0,,1,True
LUNG_MSK_2017,P-0002876-T01-IM3,P-0002876,Female,0,53.0,53.0,0,0,Never,Never,0,,1,True
LUNG_MSK_2017,P-0002877-T01-IM3,P-0002877,Female,0,63.0,63.0,0,0,Never,Never,0,,1,True
LUNG_MSK_2017,P-0002886-T01-IM3,P-0002886,Male,1,77.0,77.0,0,0,Former,Ever,0,,1,True
LUNG_MSK_2017,P-0002890-T01-IM3,P-0002890,Female,0,37.0,37.0,0,0,Never,Never,0,,1,True
LUNG_MSK_2017,P-0002893-T01-IM3,P-0002893,Male,1,70.0,70.0,0,0,Former,Ever,0,,1,True
LUNG_MSK_2017,P-0002904-T01-IM3,P-0002904,Female,0,57.0,57.0,0,0,Former,Ever,0,,1,True
LUNG_MSK_2017,P-0002905-T01-IM3,P-0002905,Male,1,69.0,69.0,0,0,Former,Ever,0,,1,True
LUNG_MSK_2017,P-0002912-T01-IM3,P-0002912,Male,1,18.0,18.0,0,0,Never,Never,0,,1,True
LUNG_MSK_2017,P-0002916-T02-IM5,P-0002916,Female,0,34.0,34.0,0,0,Never,Never,0,,1,True
LUNG_MSK_2017,P-0002917-T01-IM3,P-0002917,Female,0,48.0,48.0,0,0,Former,Ever,0,,1,True
LUNG_MSK_2017,P-0002921-T01-IM3,P-0002921,Female,0,70.0,70.0,0,0,Never,Never,0,,1,True
LUNG_MSK_2017,P-0002954-T01-IM3,P-0002954,Male,1,64.0,64.0,0,0,Former,Ever,0,,1,True
LUNG_MSK_2017,P-0002955-T01-IM3,P-0002955,Female,0,70.0,70.0,0,0,Former,Ever,0,,1,True
LUNG_MSK_2017,P-0002956-T01-IM3,P-0002956,Female,0,55.0,55.0,0,0,Former,Ever,0,,1,True
LUNG_MSK_2017,P-0002957-T01-IM3,P-0002957,Female,0,58.0,58.0,0,0,Former,Ever,0,,1,True
LUNG_MSK_2017,P-0002969-T01-IM3,P-0002969,Male,1,53.0,53.0,0,0,Former,Ever,0,,1,True
LUNG_MSK_2017,P-0002989-T01-IM3,P-0002989,Male,1,67.0,67.0,0,0,Former,Ever,0,,1,True
LUNG_MSK_2017,P-0002996-T01-IM3,P-0002996,Male,1,61.0,61.0,0,0,Former,Ever,0,,1,True
LUNG_MSK_2017,P-0003013-T01-IM3,P-0003013,Female,0,76.0,76.0,0,0,Former,Ever,0,,1,True
LUNG_MSK_2017,P-0003017-T01-IM3,P-0003017,Female,0,78.0,78.0,0,0,Never,Never,0,,1,True
LUNG_MSK_2017,P-0003030-T01-IM3,P-0003030,Female,0,56.0,56.0,0,0,Former,Ever,0,,1,True
LUNG_MSK_2017,P-0003034-T01-IM5,P-0003034,Male,1,78.0,78.0,0,0,Former,Ever,0,,1,True
LUNG_MSK_2017,P-0003055-T01-IM3,P-0003055,Male,1,57.0,57.0,0,0,Never,Never,0,,1,True
LUNG_MSK_2017,P-0003070-T01-IM5,P-0003070,Female,0,46.0,46.0,0,0,Never,Never,0,,1,True
LUNG_MSK_2017,P-0003107-T01-IM5,P-0003107,Male,1,67.0,67.0,0,0,Former,Ever,0,,1,True
LUNG_MSK_2017,P-0003116-T01-IM5,P-0003116,Female,0,84.0,84.0,0,0,Former,Ever,0,,1,True
LUNG_MSK_2017,P-0003119-T01-IM5,P-0003119,Male,1,51.0,51.0,0,0,Former,Ever,0,,1,True
LUNG_MSK_2017,P-0003125-T01-IM5,P-0003125,Male,1,42.0,42.0,0,0,Never,Never,0,,1,True
LUNG_MSK_2017,P-0003129-T01-IM5,P-0003129,Female,0,74.0,74.0,0,0,Former,Ever,0,,1,True
LUNG_MSK_2017,P-0003156-T01-IM5,P-0003156,Male,1,77.0,77.0,0,0,Never,Never,0,,1,True
LUNG_MSK_2017,P-0003165-T01-IM5,P-0003165,Female,0,42.0,42.0,0,0,Former,Ever,0,,1,True
LUNG_MSK_2017,P-0003169-T01-IM5,P-0003169,Male,1,83.0,83.0,0,0,Never,Never,0,,1,True
LUNG_MSK_2017,P-0003196-T01-IM5,P-0003196,Female,0,55.0,55.0,0,0,Former,Ever,0,,1,True
LUNG_MSK_2017,P-0003201-T01-IM5,P-0003201,Male,1,40.0,40.0,0,0,Former,Ever,0,,1,True
LUNG_MSK_2017,P-0003202-T01-IM5,P-0003202,Female,0,55.0,55.0,0,0,Former,Ever,0,,1,True
LUNG_MSK_2017,P-0003207-T01-IM5,P-0003207,Male,1,53.0,53.0,0,0,Never,Never,0,,1,True
LUNG_MSK_2017,P-0003213-T01-IM5,P-0003213,Female,0,77.0,77.0,0,0,Never,Never,0,,1,True
LUNG_MSK_2017,P-0003222-T01-IM5,P-0003222,Male,1,67.0,67.0,0,0,Former,Ever,0,,1,True
LUNG_MSK_2017,P-0003229-T01-IM5,P-0003229,Male,1,54.0,54.0,0,0,Former,Ever,0,,1,True
LUNG_MSK_2017,P-0003240-T01-IM5,P-0003240,Female,0,76.0,76.0,0,0,Former,Ever,0,,1,True
LUNG_MSK_2017,P-0003243-T01-IM5,P-0003243,Female,0,64.0,64.0,0,0,Former,Ever,0,,1,True
LUNG_MSK_2017,P-0003247-T01-IM5,P-0003247,Female,0,71.0,71.0,0,0,Former,Ever,0,,1,True
LUNG_MSK_2017,P-0003250-T01-IM5,P-0003250,Female,0,51.0,51.0,0,0,Never,Never,0,,1,True
LUNG_MSK_2017,P-0003274-T01-IM5,P-0003274,Female,0,62.0,62.0,0,0,Former,Ever,0,,1,True
LUNG_MSK_2017,P-0003275-T01-IM5,P-0003275,Male,1,67.0,67.0,0,0,Former,Ever,0,,1,True
LUNG_MSK_2017,P-0003276-T01-IM5,P-0003276,Female,0,64.0,64.0,0,0,Former,Ever,0,,1,True
LUNG_MSK_2017,P-0003278-T01-IM5,P-0003278,Female,0,54.0,54.0,0,0,Current,Ever,0,,1,True
LUNG_MSK_2017,P-0003282-T01-IM5,P-0003282,Female,0,74.0,74.0,0,0,Never,Never,0,,1,True
LUNG_MSK_2017,P-0003303-T01-IM5,P-0003303,Female,0,69.0,69.0,0,0,Former,Ever,0,,1,True
LUNG_MSK_2017,P-0003314-T01-IM5,P-0003314,Female,0,66.0,66.0,0,0,Former,Ever,0,,1,True
LUNG_MSK_2017,P-0003316-T01-IM5,P-0003316,Female,0,71.0,71.0,0,0,Never,Never,0,,1,True
LUNG_MSK_2017,P-0003322-T01-IM5,P-0003322,Female,0,71.0,71.0,0,0,Never,Never,0,,1,True
LUNG_MSK_2017,P-0003324-T01-IM5,P-0003324,Female,0,63.0,63.0,0,0,Former,Ever,0,,1,True
LUNG_MSK_2017,P-0003357-T01-IM5,P-0003357,Female,0,48.0,48.0,0,0,Former,Ever,0,,1,True
LUNG_MSK_2017,P-0003368-T01-IM5,P-0003368,Female,0,55.0,55.0,0,0,Former,Ever,0,,1,True
LUNG_MSK_2017,P-0003425-T01-IM5,P-0003425,Female,0,64.0,64.0,0,0,Never,Never,0,,1,True
LUNG_MSK_2017,P-0003444-T01-IM5,P-0003444,Male,1,83.0,83.0,0,0,Former,Ever,0,,1,True
LUNG_MSK_2017,P-0003460-T01-IM5,P-0003460,Male,1,63.0,63.0,0,0,Former,Ever,0,,1,True
LUNG_MSK_2017,P-0003479-T01-IM5,P-0003479,Male,1,65.0,65.0,0,0,Former,Ever,0,,1,True
LUNG_MSK_2017,P-0003495-T01-IM5,P-0003495,Female,0,87.0,87.0,0,0,Never,Never,0,,1,True
LUNG_MSK_2017,P-0003502-T01-IM5,P-0003502,Male,1,74.0,74.0,0,0,Former,Ever,0,,1,True
LUNG_MSK_2017,P-0003505-T01-IM5,P-0003505,Male,1,55.0,55.0,0,0,Former,Ever,0,,1,True
LUNG_MSK_2017,P-0003523-T01-IM5,P-0003523,Female,0,50.0,50.0,0,0,Former,Ever,0,,1,True
LUNG_MSK_2017,P-0003527-T01-IM5,P-0003527,Male,1,55.0,55.0,0,0,Never,Never,0,,1,True
LUNG_MSK_2017,P-0003531-T01-IM5,P-0003531,Female,0,79.0,79.0,0,0,Never,Never,0,,1,True
LUNG_MSK_2017,P-0003537-T02-IM5,P-0003537,Male,1,77.0,77.0,0,0,Former,Ever,0,,1,True
LUNG_MSK_2017,P-0003553-T01-IM5,P-0003553,Female,0,69.0,69.0,0,0,Former,Ever,0,,1,True
LUNG_MSK_2017,P-0003562-T01-IM5,P-0003562,Male,1,60.0,60.0,0,0,Former,Ever,0,,1,True
LUNG_MSK_2017,P-0003573-T01-IM5,P-0003573,Female,0,70.0,70.0,0,0,Never,Never,0,,1,True
LUNG_MSK_2017,P-0003584-T01-IM5,P-0003584,Female,0,59.0,59.0,0,0,Former,Ever,0,,1,True
LUNG_MSK_2017,P-0003586-T01-IM5,P-0003586,Female,0,70.0,70.0,0,0,Former,Ever,0,,1,True
LUNG_MSK_2017,P-0003595-T01-IM5,P-0003595,Female,0,58.0,58.0,0,0,Former,Ever,0,,1,True
LUNG_MSK_2017,P-0003628-T01-IM5,P-0003628,Male,1,60.0,60.0,0,0,Former,Ever,0,,1,True
LUNG_MSK_2017,P-0003632-T01-IM5,P-0003632,Female,0,73.0,73.0,0,0,Former,Ever,0,,1,True
LUNG_MSK_2017,P-0003635-T01-IM5,P-0003635,Female,0,57.0,57.0,0,0,Never,Never,0,,1,True
LUNG_MSK_2017,P-0003648-T01-IM5,P-0003648,Female,0,75.0,75.0,0,0,Former,Ever,0,,1,True
LUNG_MSK_2017,P-0003654-T01-IM5,P-0003654,Female,0,70.0,70.0,0,0,Never,Never,0,,1,True
LUNG_MSK_2017,P-0003666-T01-IM5,P-0003666,Male,1,75.0,75.0,0,0,Former,Ever,0,,1,True
LUNG_MSK_2017,P-0003709-T01-IM5,P-0003709,Male,1,70.0,70.0,0,0,Former,Ever,0,,1,True
LUNG_MSK_2017,P-0003714-T01-IM5,P-0003714,Female,0,86.0,86.0,0,0,Never,Never,0,,1,True
LUNG_MSK_2017,P-0003715-T01-IM5,P-0003715,Female,0,58.0,58.0,0,0,Former,Ever,0,,1,True
LUNG_MSK_2017,P-0003722-T01-IM5,P-0003722,Female,0,73.0,73.0,0,0,Former,Ever,0,,1,True
LUNG_MSK_2017,P-0003738-T02-IM5,P-0003738,Female,0,56.0,56.0,0,0,Former,Ever,0,,1,True
LUNG_MSK_2017,P-0003752-T03-IM5,P-0003752,Female,0,67.0,67.0,0,0,Never,Never,0,,1,True
LUNG_MSK_2017,P-0003773-T01-IM5,P-0003773,Female,0,58.0,58.0,0,0,Never,Never,0,,1,True
LUNG_MSK_2017,P-0003782-T01-IM5,P-0003782,Male,1,56.0,56.0,0,0,Former,Ever,0,,1,True
LUNG_MSK_2017,P-0003854-T02-IM5,P-0003854,Female,0,49.0,49.0,0,0,Former,Ever,0,,1,True
LUNG_MSK_2017,P-0003861-T01-IM5,P-0003861,Male,1,68.0,68.0,0,0,Former,Ever,0,,1,True
LUNG_MSK_2017,P-0003863-T01-IM5,P-0003863,Female,0,65.0,65.0,0,0,Former,Ever,0,,1,True
LUNG_MSK_2017,P-0003879-T01-IM5,P-0003879,Female,0,83.0,83.0,0,0,Former,Ever,0,,1,True
LUNG_MSK_2017,P-0003913-T01-IM3,P-0003913,Female,0,42.0,42.0,0,0,Never,Never,0,,1,True
LUNG_MSK_2017,P-0003923-T01-IM5,P-0003923,Female,0,67.0,67.0,0,0,Former,Ever,0,,1,True
LUNG_MSK_2017,P-0003937-T01-IM5,P-0003937,Male,1,73.0,73.0,0,0,Former,Ever,0,,1,True
LUNG_MSK_2017,P-0003964-T01-IM3,P-0003964,Male,1,72.0,72.0,0,0,Former,Ever,0,,1,True
LUNG_MSK_2017,P-0003967-T01-IM5,P-0003967,Female,0,69.0,69.0,0,0,Never,Never,0,,1,True
LUNG_MSK_2017,P-0003970-T01-IM5,P-0003970,Female,0,44.0,44.0,0,0,Never,Never,0,,1,True
LUNG_MSK_2017,P-0004020-T01-IM5,P-0004020,Female,0,57.0,57.0,0,0,Former,Ever,0,,1,True
LUNG_MSK_2017,P-0004030-T01-IM5,P-0004030,Male,1,82.0,82.0,0,0,Former,Ever,0,,1,True
LUNG_MSK_2017,P-0004045-T01-IM3,P-0004045,Female,0,72.0,72.0,0,0,Never,Never,0,,1,True
LUNG_MSK_2017,P-0004054-T01-IM5,P-0004054,Male,1,60.0,60.0,0,0,Former,Ever,0,,1,True
LUNG_MSK_2017,P-0004066-T02-IM5,P-0004066,Male,1,52.0,52.0,0,0,Former,Ever,0,,1,True
LUNG_MSK_2017,P-0004067-T01-IM5,P-0004067,Female,0,80.0,80.0,0,0,Former,Ever,0,,1,True
LUNG_MSK_2017,P-0004087-T01-IM5,P-0004087,Female,0,58.0,58.0,0,0,Former,Ever,0,,1,True
LUNG_MSK_2017,P-0004099-T01-IM5,P-0004099,Male,1,57.0,57.0,0,0,Former,Ever,0,,1,True
LUNG_MSK_2017,P-0004110-T01-IM5,P-0004110,Male,1,49.0,49.0,0,0,Former,Ever,0,,1,True
LUNG_MSK_2017,P-0004113-T01-IM5,P-0004113,Male,1,77.0,77.0,0,0,Former,Ever,0,,1,True
LUNG_MSK_2017,P-0004114-T01-IM5,P-0004114,Male,1,47.0,47.0,0,0,Former,Ever,0,,1,True
LUNG_MSK_2017,P-0004117-T01-IM5,P-0004117,Male,1,55.0,55.0,0,0,Former,Ever,0,,1,True
LUNG_MSK_2017,P-0004120-T01-IM5,P-0004120,Female,0,56.0,56.0,0,0,Never,Never,0,,1,True
LUNG_MSK_2017,P-0004123-T01-IM5,P-0004123,Male,1,68.0,68.0,0,0,Never,Never,0,,1,True
LUNG_MSK_2017,P-0004124-T01-IM5,P-0004124,Female,0,48.0,48.0,0,0,Former,Ever,0,,1,True
LUNG_MSK_2017,P-0004129-T01-IM5,P-0004129,Male,1,60.0,60.0,0,0,Former,Ever,0,,1,True
LUNG_MSK_2017,P-0004131-T01-IM5,P-0004131,Female,0,83.0,83.0,0,0,Current,Ever,0,,1,True
LUNG_MSK_2017,P-0004146-T01-IM5,P-0004146,Male,1,86.0,86.0,0,0,Never,Never,0,,1,True
LUNG_MSK_2017,P-0004169-T01-IM5,P-0004169,Female,0,76.0,76.0,0,0,Never,Never,0,,1,True
LUNG_MSK_2017,P-0004189-T01-IM5,P-0004189,Male,1,70.0,70.0,0,0,Former,Ever,0,,1,True
LUNG_MSK_2017,P-0004207-T01-IM5,P-0004207,Female,0,58.0,58.0,0,0,Never,Never,0,,1,True
LUNG_MSK_2017,P-0004232-T01-IM5,P-0004232,Male,1,66.0,66.0,0,0,Former,Ever,0,,1,True
LUNG_MSK_2017,P-0004238-T01-IM5,P-0004238,Female,0,64.0,64.0,0,0,Never,Never,0,,1,True
LUNG_MSK_2017,P-0004250-T01-IM5,P-0004250,Female,0,68.0,68.0,0,0,Current,Ever,0,,1,True
LUNG_MSK_2017,P-0004279-T01-IM5,P-0004279,Female,0,58.0,58.0,0,0,Never,Never,0,,1,True
LUNG_MSK_2017,P-0004303-T01-IM5,P-0004303,Female,0,58.0,58.0,0,0,Never,Never,0,,1,True
LUNG_MSK_2017,P-0004315-T01-IM5,P-0004315,Female,0,85.0,85.0,0,0,Former,Ever,0,,1,True
LUNG_MSK_2017,P-0004324-T01-IM5,P-0004324,Female,0,63.0,63.0,0,0,Former,Ever,0,,1,True
LUNG_MSK_2017,P-0004327-T01-IM5,P-0004327,Male,1,55.0,55.0,0,0,Former,Ever,0,,1,True
LUNG_MSK_2017,P-0004328-T01-IM5,P-0004328,Male,1,61.0,61.0,0,0,Former,Ever,0,,1,True
LUNG_MSK_2017,P-0004336-T01-IM5,P-0004336,Female,0,53.0,53.0,0,0,Never,Never,0,,1,True
LUNG_MSK_2017,P-0004339-T01-IM5,P-0004339,Female,0,51.0,51.0,0,0,Never,Never,0,,1,True
LUNG_MSK_2017,P-0004342-T01-IM5,P-0004342,Female,0,74.0,74.0,0,0,Never,Never,0,,1,True
LUNG_MSK_2017,P-0004344-T01-IM5,P-0004344,Female,0,60.0,60.0,0,0,Never,Never,0,,1,True
LUNG_MSK_2017,P-0004361-T01-IM5,P-0004361,Female,0,66.0,66.0,0,0,Former,Ever,0,,1,True
LUNG_MSK_2017,P-0004378-T01-IM5,P-0004378,Female,0,60.0,60.0,0,0,Former,Ever,0,,1,True
LUNG_MSK_2017,P-0004382-T01-IM5,P-0004382,Male,1,77.0,77.0,0,0,Former,Ever,0,,1,True
LUNG_MSK_2017,P-0004395-T01-IM5,P-0004395,Female,0,64.0,64.0,0,0,Former,Ever,0,,1,True
LUNG_MSK_2017,P-0004410-T01-IM5,P-0004410,Male,1,57.0,57.0,0,0,Former,Ever,0,,1,True
LUNG_MSK_2017,P-0004414-T01-IM5,P-0004414,Male,1,65.0,65.0,0,0,Never,Never,0,,1,True
LUNG_MSK_2017,P-0004432-T01-IM5,P-0004432,Male,1,53.0,53.0,0,0,Former,Ever,0,,1,True
LUNG_MSK_2017,P-0004436-T01-IM5,P-0004436,Male,1,74.0,74.0,0,0,Former,Ever,0,,1,True
LUNG_MSK_2017,P-0004442-T01-IM5,P-0004442,Male,1,61.0,61.0,0,0,Former,Ever,0,,1,True
LUNG_MSK_2017,P-0004463-T01-IM5,P-0004463,Male,1,82.0,82.0,0,0,Never,Never,0,,1,True
LUNG_MSK_2017,P-0004472-T01-IM5,P-0004472,Female,0,61.0,61.0,0,0,Former,Ever,0,,1,True
LUNG_MSK_2017,P-0004476-T01-IM5,P-0004476,Female,0,67.0,67.0,0,0,Former,Ever,0,,1,True
LUNG_MSK_2017,P-0004488-T01-IM5,P-0004488,Male,1,77.0,77.0,0,0,Former,Ever,0,,1,True
LUNG_MSK_2017,P-0004496-T01-IM5,P-0004496,Female,0,46.0,46.0,0,0,Never,Never,0,,1,True
LUNG_MSK_2017,P-0004588-T01-IM5,P-0004588,Male,1,72.0,72.0,0,0,Former,Ever,0,,1,True
LUNG_MSK_2017,P-0004591-T01-IM5,P-0004591,Male,1,69.0,69.0,0,0,Former,Ever,0,,1,True
LUNG_MSK_2017,P-0004607-T02-IM5,P-0004607,Male,1,63.0,63.0,0,0,Never,Never,0,,1,True
LUNG_MSK_2017,P-0004612-T01-IM5,P-0004612,Male,1,73.0,73.0,0,0,Former,Ever,0,,1,True
LUNG_MSK_2017,P-0004613-T01-IM5,P-0004613,Female,0,60.0,60.0,0,0,Never,Never,0,,1,True
LUNG_MSK_2017,P-0004615-T01-IM5,P-0004615,Female,0,63.0,63.0,0,0,Former,Ever,0,,1,True
LUNG_MSK_2017,P-0004643-T01-IM5,P-0004643,Male,1,68.0,68.0,0,0,Former,Ever,0,,1,True
LUNG_MSK_2017,P-0004658-T01-IM5,P-0004658,Male,1,79.0,79.0,0,0,Former,Ever,0,,1,True
LUNG_MSK_2017,P-0004659-T01-IM5,P-0004659,Male,1,66.0,66.0,0,0,Former,Ever,0,,1,True
LUNG_MSK_2017,P-0004687-T01-IM5,P-0004687,Female,0,82.0,82.0,0,0,Former,Ever,0,,1,True
LUNG_MSK_2017,P-0004693-T01-IM5,P-0004693,Female,0,73.0,73.0,0,0,Former,Ever,0,,1,True
LUNG_MSK_2017,P-0004695-T01-IM5,P-0004695,Male,1,58.0,58.0,0,0,Never,Never,0,,1,True
LUNG_MSK_2017,P-0004699-T01-IM5,P-0004699,Male,1,75.0,75.0,0,0,Former,Ever,0,,1,True
LUNG_MSK_2017,P-0004707-T01-IM5,P-0004707,Female,0,50.0,50.0,0,0,Former,Ever,0,,1,True
LUNG_MSK_2017,P-0004709-T01-IM5,P-0004709,Female,0,64.0,64.0,0,0,Former,Ever,0,,1,True
LUNG_MSK_2017,P-0004710-T01-IM5,P-0004710,Female,0,50.0,50.0,0,0,Former,Ever,0,,1,True
LUNG_MSK_2017,P-0004718-T01-IM5,P-0004718,Female,0,66.0,66.0,0,0,Never,Never,0,,1,True
LUNG_MSK_2017,P-0004725-T01-IM5,P-0004725,Male,1,69.0,69.0,0,0,Former,Ever,0,,1,True
LUNG_MSK_2017,P-0004729-T01-IM5,P-0004729,Female,0,78.0,78.0,0,0,Former,Ever,0,,1,True
LUNG_MSK_2017,P-0004739-T01-IM5,P-0004739,Female,0,41.0,41.0,0,0,Former,Ever,0,,1,True
LUNG_MSK_2017,P-0004743-T01-IM5,P-0004743,Female,0,73.0,73.0,0,0,Former,Ever,0,,1,True
LUNG_MSK_2017,P-0004752-T01-IM5,P-0004752,Male,1,82.0,82.0,0,0,Never,Never,0,,1,True
LUNG_MSK_2017,P-0004759-T01-IM5,P-0004759,Female,0,62.0,62.0,0,0,Former,Ever,0,,1,True
LUNG_MSK_2017,P-0004790-T01-IM5,P-0004790,Female,0,47.0,47.0,0,0,Never,Never,0,,1,True
LUNG_MSK_2017,P-0004802-T01-IM5,P-0004802,Female,0,68.0,68.0,0,0,Former,Ever,0,,1,True
LUNG_MSK_2017,P-0004847-T01-IM5,P-0004847,Female,0,47.0,47.0,0,0,Former,Ever,0,,1,True
LUNG_MSK_2017,P-0004861-T01-IM5,P-0004861,Male,1,68.0,68.0,0,0,Former,Ever,0,,1,True
LUNG_MSK_2017,P-0004875-T01-IM5,P-0004875,Male,1,75.0,75.0,0,0,Former,Ever,0,,1,True
LUNG_MSK_2017,P-0004890-T01-IM5,P-0004890,Female,0,68.0,68.0,0,0,Former,Ever,0,,1,True
LUNG_MSK_2017,P-0004891-T01-IM5,P-0004891,Female,0,51.0,51.0,0,0,Former,Ever,0,,1,True
LUNG_MSK_2017,P-0004927-T01-IM5,P-0004927,Female,0,61.0,61.0,0,0,Never,Never,0,,1,True
LUNG_MSK_2017,P-0004934-T01-IM5,P-0004934,Female,0,76.0,76.0,0,0,Former,Ever,0,,1,True
LUNG_MSK_2017,P-0004961-T01-IM5,P-0004961,Female,0,67.0,67.0,0,0,Former,Ever,0,,1,True
LUNG_MSK_2017,P-0004988-T01-IM5,P-0004988,Female,0,55.0,55.0,0,0,Former,Ever,0,,1,True
LUNG_MSK_2017,P-0004995-T01-IM5,P-0004995,Male,1,63.0,63.0,0,0,Never,Never,0,,1,True
LUNG_MSK_2017,P-0005002-T01-IM5,P-0005002,Male,1,74.0,74.0,0,0,Former,Ever,0,,1,True
LUNG_MSK_2017,P-0005017-T02-IM5,P-0005017,Female,0,78.0,78.0,0,0,Former,Ever,0,,1,True
LUNG_MSK_2017,P-0005020-T01-IM5,P-0005020,Female,0,76.0,76.0,0,0,Former,Ever,0,,1,True
LUNG_MSK_2017,P-0005024-T01-IM5,P-0005024,Male,1,80.0,80.0,0,0,Former,Ever,0,,1,True
LUNG_MSK_2017,P-0005034-T01-IM5,P-0005034,Male,1,60.0,60.0,0,0,Former,Ever,0,,1,True
LUNG_MSK_2017,P-0005048-T01-IM5,P-0005048,Female,0,67.0,67.0,0,0,Never,Never,0,,1,True
LUNG_MSK_2017,P-0005059-T01-IM5,P-0005059,Male,1,29.0,29.0,0,0,Former,Ever,0,,1,True
LUNG_MSK_2017,P-0005063-T01-IM5,P-0005063,Female,0,56.0,56.0,0,0,Former,Ever,0,,1,True
LUNG_MSK_2017,P-0005069-T01-IM5,P-0005069,Male,1,87.0,87.0,0,0,Never,Never,0,,1,True
LUNG_MSK_2017,P-0005080-T01-IM5,P-0005080,Male,1,75.0,75.0,0,0,Former,Ever,0,,1,True
LUNG_MSK_2017,P-0005114-T01-IM5,P-0005114,Female,0,39.0,39.0,0,0,Never,Never,0,,1,True
LUNG_MSK_2017,P-0005123-T01-IM5,P-0005123,Female,0,56.0,56.0,0,0,Former,Ever,0,,1,True
LUNG_MSK_2017,P-0005148-T01-IM5,P-0005148,Male,1,59.0,59.0,0,0,Never,Never,0,,1,True
LUNG_MSK_2017,P-0005170-T01-IM5,P-0005170,Male,1,73.0,73.0,0,0,Former,Ever,0,,1,True
LUNG_MSK_2017,P-0005173-T01-IM5,P-0005173,Female,0,56.0,56.0,0,0,Former,Ever,0,,1,True
LUNG_MSK_2017,P-0005178-T01-IM5,P-0005178,Female,0,50.0,50.0,0,0,Never,Never,0,,1,True
LUNG_MSK_2017,P-0005179-T01-IM5,P-0005179,Female,0,70.0,70.0,0,0,Former,Ever,0,,1,True
LUNG_MSK_2017,P-0005194-T01-IM5,P-0005194,Female,0,50.0,50.0,0,0,Former,Ever,0,,1,True
LUNG_MSK_2017,P-0005223-T01-IM5,P-0005223,Female,0,64.0,64.0,0,0,Never,Never,0,,1,True
LUNG_MSK_2017,P-0005252-T01-IM5,P-0005252,Female,0,79.0,79.0,0,0,Former,Ever,0,,1,True
LUNG_MSK_2017,P-0005259-T01-IM5,P-0005259,Male,1,63.0,63.0,0,0,Former,Ever,0,,1,True
LUNG_MSK_2017,P-0005261-T01-IM5,P-0005261,Female,0,69.0,69.0,0,0,Former,Ever,0,,1,True
LUNG_MSK_2017,P-0005264-T01-IM5,P-0005264,Male,1,74.0,74.0,0,0,Never,Never,0,,1,True
LUNG_MSK_2017,P-0005277-T01-IM5,P-0005277,Female,0,37.0,37.0,0,0,Never,Never,0,,1,True
LUNG_MSK_2017,P-0005282-T01-IM5,P-0005282,Male,1,60.0,60.0,0,0,Former,Ever,0,,1,True
LUNG_MSK_2017,P-0005286-T01-IM5,P-0005286,Female,0,74.0,74.0,0,0,Never,Never,0,,1,True
LUNG_MSK_2017,P-0005289-T01-IM5,P-0005289,Male,1,65.0,65.0,0,0,Former,Ever,0,,1,True
LUNG_MSK_2017,P-0005295-T01-IM5,P-0005295,Male,1,72.0,72.0,0,0,Former,Ever,0,,1,True
LUNG_MSK_2017,P-0005316-T01-IM5,P-0005316,Male,1,64.0,64.0,0,0,Former,Ever,0,,1,True
LUNG_MSK_2017,P-0005320-T01-IM5,P-0005320,Male,1,46.0,46.0,0,0,Former,Ever,0,,1,True
LUNG_MSK_2017,P-0005337-T01-IM5,P-0005337,Male,1,67.0,67.0,0,0,Former,Ever,0,,1,True
LUNG_MSK_2017,P-0005380-T01-IM5,P-0005380,Male,1,66.0,66.0,0,0,Former,Ever,0,,1,True
LUNG_MSK_2017,P-0005393-T01-IM5,P-0005393,Female,0,62.0,62.0,0,0,Former,Ever,0,,1,True
LUNG_MSK_2017,P-0005464-T01-IM5,P-0005464,Female,0,65.0,65.0,0,0,Never,Never,0,,1,True
LUNG_MSK_2017,P-0005467-T01-IM5,P-0005467,Male,1,53.0,53.0,0,0,Never,Never,0,,1,True
LUNG_MSK_2017,P-0005476-T01-IM5,P-0005476,Female,0,61.0,61.0,0,0,Former,Ever,0,,1,True
LUNG_MSK_2017,P-0005483-T01-IM5,P-0005483,Female,0,57.0,57.0,0,0,Former,Ever,0,,1,True
LUNG_MSK_2017,P-0005504-T01-IM5,P-0005504,Female,0,48.0,48.0,0,0,Never,Never,0,,1,True
LUNG_MSK_2017,P-0005510-T01-IM5,P-0005510,Female,0,66.0,66.0,0,0,Former,Ever,0,,1,True
LUNG_MSK_2017,P-0005527-T01-IM5,P-0005527,Female,0,64.0,64.0,0,0,Former,Ever,0,,1,True
LUNG_MSK_2017,P-0005533-T01-IM5,P-0005533,Male,1,54.0,54.0,0,0,Never,Never,0,,1,True
LUNG_MSK_2017,P-0005537-T01-IM5,P-0005537,Male,1,83.0,83.0,0,0,Former,Ever,0,,1,True
LUNG_MSK_2017,P-0005553-T01-IM5,P-0005553,Male,1,48.0,48.0,0,0,Former,Ever,0,,1,True
LUNG_MSK_2017,P-0005562-T01-IM5,P-0005562,Male,1,66.0,66.0,0,0,Never,Never,0,,1,True
LUNG_MSK_2017,P-0005629-T02-IM5,P-0005629,Female,0,80.0,80.0,0,0,Former,Ever,0,,1,True
LUNG_MSK_2017,P-0005645-T01-IM5,P-0005645,Female,0,67.0,67.0,0,0,Former,Ever,0,,1,True
LUNG_MSK_2017,P-0005721-T01-IM5,P-0005721,Male,1,78.0,78.0,0,0,Former,Ever,0,,1,True
LUNG_MSK_2017,P-0005734-T02-IM5,P-0005734,Male,1,71.0,71.0,0,0,Former,Ever,0,,1,True
LUNG_MSK_2017,P-0005738-T02-IM5,P-0005738,Female,0,9.0,,1,1,Never,Never,0,,1,True
LUNG_MSK_2017,P-0005743-T02-IM5,P-0005743,Male,1,44.0,44.0,0,0,Never,Never,0,,1,True
LUNG_MSK_2017,P-0005763-T01-IM5,P-0005763,Male,1,60.0,60.0,0,0,Former,Ever,0,,1,True
LUNG_MSK_2017,P-0005845-T01-IM5,P-0005845,Female,0,74.0,74.0,0,0,Former,Ever,0,,1,True
LUNG_MSK_2017,P-0005848-T01-IM5,P-0005848,Female,0,75.0,75.0,0,0,Former,Ever,0,,1,True
LUNG_MSK_2017,P-0005849-T01-IM5,P-0005849,Female,0,55.0,55.0,0,0,Current,Ever,0,,1,True
LUNG_MSK_2017,P-0005851-T01-IM5,P-0005851,Male,1,80.0,80.0,0,0,Former,Ever,0,,1,True
LUNG_MSK_2017,P-0005863-T01-IM5,P-0005863,Male,1,77.0,77.0,0,0,Former,Ever,0,,1,True
LUNG_MSK_2017,P-0005868-T02-IM5,P-0005868,Female,0,68.0,68.0,0,0,Former,Ever,0,,1,True
LUNG_MSK_2017,P-0005871-T01-IM5,P-0005871,Male,1,46.0,46.0,0,0,Never,Never,0,,1,True
LUNG_MSK_2017,P-0005872-T01-IM5,P-0005872,Male,1,73.0,73.0,0,0,Former,Ever,0,,1,True
LUNG_MSK_2017,P-0005895-T01-IM5,P-0005895,Female,0,69.0,69.0,0,0,Former,Ever,0,,1,True
LUNG_MSK_2017,P-0005897-T02-IM5,P-0005897,Male,1,43.0,43.0,0,0,Never,Never,0,,1,True
LUNG_MSK_2017,P-0005903-T01-IM5,P-0005903,Male,1,73.0,73.0,0,0,Former,Ever,0,,1,True
LUNG_MSK_2017,P-0005921-T01-IM5,P-0005921,Female,0,59.0,59.0,0,0,Former,Ever,0,,1,True
LUNG_MSK_2017,P-0005925-T02-IM5,P-0005925,Male,1,56.0,56.0,0,0,Former,Ever,0,,1,True
LUNG_MSK_2017,P-0005962-T01-IM5,P-0005962,Male,1,60.0,60.0,0,0,Never,Never,0,,1,True
LUNG_MSK_2017,P-0005974-T01-IM5,P-0005974,Female,0,52.0,52.0,0,0,Never,Never,0,,1,True
LUNG_MSK_2017,P-0005981-T01-IM5,P-0005981,Male,1,58.0,58.0,0,0,Former,Ever,0,,1,True
LUNG_MSK_2017,P-0005985-T01-IM5,P-0005985,Female,0,50.0,50.0,0,0,Never,Never,0,,1,True
LUNG_MSK_2017,P-0005990-T01-IM5,P-0005990,Male,1,78.0,78.0,0,0,Former,Ever,0,,1,True
LUNG_MSK_2017,P-0006021-T01-IM5,P-0006021,Male,1,76.0,76.0,0,0,Former,Ever,0,,1,True
LUNG_MSK_2017,P-0006046-T01-IM5,P-0006046,Male,1,58.0,58.0,0,0,Former,Ever,0,,1,True
LUNG_MSK_2017,P-0006047-T02-IM5,P-0006047,Female,0,60.0,60.0,0,0,Never,Never,0,,1,True
LUNG_MSK_2017,P-0006065-T01-IM5,P-0006065,Female,0,77.0,77.0,0,0,Former,Ever,0,,1,True
LUNG_MSK_2017,P-0006071-T01-IM5,P-0006071,Female,0,52.0,52.0,0,0,Former,Ever,0,,1,True
LUNG_MSK_2017,P-0006084-T01-IM5,P-0006084,Male,1,61.0,61.0,0,0,Never,Never,0,,1,True
LUNG_MSK_2017,P-0006088-T01-IM5,P-0006088,Male,1,78.0,78.0,0,0,Former,Ever,0,,1,True
LUNG_MSK_2017,P-0006094-T01-IM5,P-0006094,Female,0,63.0,63.0,0,0,Never,Never,0,,1,True
LUNG_MSK_2017,P-0006105-T01-IM5,P-0006105,Male,1,53.0,53.0,0,0,Never,Never,0,,1,True
LUNG_MSK_2017,P-0006114-T01-IM5,P-0006114,Female,0,53.0,53.0,0,0,Never,Never,0,,1,True
LUNG_MSK_2017,P-0006116-T01-IM5,P-0006116,Female,0,76.0,76.0,0,0,Never,Never,0,,1,True
LUNG_MSK_2017,P-0006123-T01-IM5,P-0006123,Female,0,54.0,54.0,0,0,Former,Ever,0,,1,True
LUNG_MSK_2017,P-0006133-T01-IM5,P-0006133,Female,0,75.0,75.0,0,0,Former,Ever,0,,1,True
LUNG_MSK_2017,P-0006134-T01-IM5,P-0006134,Male,1,56.0,56.0,0,0,Former,Ever,0,,1,True
LUNG_MSK_2017,P-0006149-T02-IM5,P-0006149,Male,1,73.0,73.0,0,0,Never,Never,0,,1,True
LUNG_MSK_2017,P-0006151-T01-IM5,P-0006151,Female,0,53.0,53.0,0,0,Never,Never,0,,1,True
LUNG_MSK_2017,P-0006171-T01-IM5,P-0006171,Female,0,48.0,48.0,0,0,Never,Never,0,,1,True
LUNG_MSK_2017,P-0006175-T01-IM5,P-0006175,Male,1,81.0,81.0,0,0,Former,Ever,0,,1,True
LUNG_MSK_2017,P-0006198-T01-IM5,P-0006198,Female,0,81.0,81.0,0,0,Never,Never,0,,1,True
LUNG_MSK_2017,P-0006199-T01-IM5,P-0006199,Male,1,78.0,78.0,0,0,Former,Ever,0,,1,True
LUNG_MSK_2017,P-0006206-T01-IM5,P-0006206,Female,0,59.0,59.0,0,0,Former,Ever,0,,1,True
LUNG_MSK_2017,P-0006221-T02-IM5,P-0006221,Female,0,46.0,46.0,0,0,Former,Ever,0,,1,True
LUNG_MSK_2017,P-0006268-T01-IM5,P-0006268,Male,1,70.0,70.0,0,0,Former,Ever,0,,1,True
LUNG_MSK_2017,P-0006289-T01-IM5,P-0006289,Female,0,63.0,63.0,0,0,Never,Never,0,,1,True
LUNG_MSK_2017,P-0006290-T01-IM5,P-0006290,Female,0,65.0,65.0,0,0,Former,Ever,0,,1,True
LUNG_MSK_2017,P-0006292-T01-IM5,P-0006292,Female,0,75.0,75.0,0,0,Former,Ever,0,,1,True
LUNG_MSK_2017,P-0006294-T01-IM5,P-0006294,Female,0,62.0,62.0,0,0,Former,Ever,0,,1,True
LUNG_MSK_2017,P-0006312-T02-IM5,P-0006312,Female,0,50.0,50.0,0,0,Never,Never,0,,1,True
LUNG_MSK_2017,P-0006314-T01-IM5,P-0006314,Male,1,69.0,69.0,0,0,Former,Ever,0,,1,True
LUNG_MSK_2017,P-0006321-T01-IM5,P-0006321,Male,1,63.0,63.0,0,0,Former,Ever,0,,1,True
LUNG_MSK_2017,P-0006341-T01-IM5,P-0006341,Female,0,61.0,61.0,0,0,Former,Ever,0,,1,True
LUNG_MSK_2017,P-0006343-T01-IM5,P-0006343,Female,0,60.0,60.0,0,0,Former,Ever,0,,1,True
LUNG_MSK_2017,P-0006364-T01-IM5,P-0006364,Male,1,63.0,63.0,0,0,Former,Ever,0,,1,True
LUNG_MSK_2017,P-0006397-T01-IM5,P-0006397,Female,0,93.0,93.0,0,0,Former,Ever,0,,1,True
LUNG_MSK_2017,P-0006402-T01-IM5,P-0006402,Female,0,63.0,63.0,0,0,Former,Ever,0,,1,True
LUNG_MSK_2017,P-0006415-T01-IM5,P-0006415,Male,1,85.0,85.0,0,0,Former,Ever,0,,1,True
LUNG_MSK_2017,P-0006457-T01-IM5,P-0006457,Female,0,84.0,84.0,0,0,Former,Ever,0,,1,True
LUNG_MSK_2017,P-0006474-T01-IM5,P-0006474,Female,0,64.0,64.0,0,0,Former,Ever,0,,1,True
LUNG_MSK_2017,P-0006516-T01-IM5,P-0006516,Male,1,72.0,72.0,0,0,Former,Ever,0,,1,True
LUNG_MSK_2017,P-0006561-T02-IM5,P-0006561,Female,0,49.0,49.0,0,0,Never,Never,0,,1,True
LUNG_MSK_2017,P-0006569-T01-IM5,P-0006569,Female,0,56.0,56.0,0,0,Never,Never,0,,1,True
LUNG_MSK_2017,P-0006582-T01-IM5,P-0006582,Female,0,72.0,72.0,0,0,Former,Ever,0,,1,True
LUNG_MSK_2017,P-0006588-T01-IM5,P-0006588,Female,0,68.0,68.0,0,0,Never,Never,0,,1,True
LUNG_MSK_2017,P-0006596-T01-IM5,P-0006596,Male,1,69.0,69.0,0,0,Former,Ever,0,,1,True
LUNG_MSK_2017,P-0006606-T01-IM5,P-0006606,Female,0,77.0,77.0,0,0,Never,Never,0,,1,True
LUNG_MSK_2017,P-0006607-T01-IM5,P-0006607,Male,1,58.0,58.0,0,0,Never,Never,0,,1,True
LUNG_MSK_2017,P-0006637-T01-IM5,P-0006637,Female,0,58.0,58.0,0,0,Former,Ever,0,,1,True
LUNG_MSK_2017,P-0006642-T01-IM5,P-0006642,Female,0,67.0,67.0,0,0,Former,Ever,0,,1,True
LUNG_MSK_2017,P-0006663-T01-IM5,P-0006663,Female,0,62.0,62.0,0,0,Former,Ever,0,,1,True
LUNG_MSK_2017,P-0006671-T01-IM5,P-0006671,Female,0,61.0,61.0,0,0,Former,Ever,0,,1,True
LUNG_MSK_2017,P-0006713-T01-IM5,P-0006713,Female,0,48.0,48.0,0,0,Former,Ever,0,,1,True
LUNG_MSK_2017,P-0006718-T01-IM5,P-0006718,Female,0,63.0,63.0,0,0,Former,Ever,0,,1,True
LUNG_MSK_2017,P-0006720-T01-IM5,P-0006720,Female,0,64.0,64.0,0,0,Never,Never,0,,1,True
LUNG_MSK_2017,P-0006724-T01-IM5,P-0006724,Female,0,47.0,47.0,0,0,Current,Ever,0,,1,True
LUNG_MSK_2017,P-0006728-T01-IM5,P-0006728,Female,0,75.0,75.0,0,0,Former,Ever,0,,1,True
LUNG_MSK_2017,P-0006779-T01-IM5,P-0006779,Male,1,90.0,90.0,0,0,Former,Ever,0,,1,True
LUNG_MSK_2017,P-0006783-T01-IM5,P-0006783,Female,0,74.0,74.0,0,0,Former,Ever,0,,1,True
LUNG_MSK_2017,P-0006789-T01-IM5,P-0006789,Female,0,61.0,61.0,0,0,Never,Never,0,,1,True
LUNG_MSK_2017,P-0006810-T01-IM5,P-0006810,Female,0,65.0,65.0,0,0,Never,Never,0,,1,True
LUNG_MSK_2017,P-0006814-T01-IM5,P-0006814,Female,0,73.0,73.0,0,0,Former,Ever,0,,1,True
LUNG_MSK_2017,P-0006844-T01-IM5,P-0006844,Female,0,59.0,59.0,0,0,Never,Never,0,,1,True
LUNG_MSK_2017,P-0006855-T01-IM5,P-0006855,Female,0,58.0,58.0,0,0,Former,Ever,0,,1,True
LUNG_MSK_2017,P-0006878-T01-IM5,P-0006878,Male,1,76.0,76.0,0,0,Former,Ever,0,,1,True
LUNG_MSK_2017,P-0006883-T01-IM5,P-0006883,Female,0,58.0,58.0,0,0,Never,Never,0,,1,True
LUNG_MSK_2017,P-0006886-T01-IM5,P-0006886,Male,1,77.0,77.0,0,0,Never,Never,0,,1,True
LUNG_MSK_2017,P-0006895-T01-IM5,P-0006895,Male,1,64.0,64.0,0,0,Former,Ever,0,,1,True
LUNG_MSK_2017,P-0006896-T01-IM5,P-0006896,Male,1,67.0,67.0,0,0,Former,Ever,0,,1,True
LUNG_MSK_2017,P-0006913-T01-IM5,P-0006913,Male,1,72.0,72.0,0,0,Never,Never,0,,1,True
LUNG_MSK_2017,P-0006915-T01-IM5,P-0006915,Female,0,67.0,67.0,0,0,Former,Ever,0,,1,True
LUNG_MSK_2017,P-0006924-T01-IM5,P-0006924,Female,0,47.0,47.0,0,0,Never,Never,0,,1,True
LUNG_MSK_2017,P-0006942-T01-IM5,P-0006942,Female,0,75.0,75.0,0,0,Former,Ever,0,,1,True
LUNG_MSK_2017,P-0006950-T01-IM5,P-0006950,Female,0,61.0,61.0,0,0,Former,Ever,0,,1,True
LUNG_MSK_2017,P-0006954-T01-IM5,P-0006954,Female,0,65.0,65.0,0,0,Former,Ever,0,,1,True
LUNG_MSK_2017,P-0006964-T01-IM5,P-0006964,Male,1,29.0,29.0,0,0,Former,Ever,0,,1,True
LUNG_MSK_2017,P-0006979-T01-IM5,P-0006979,Male,1,54.0,54.0,0,0,Former,Ever,0,,1,True
LUNG_MSK_2017,P-0006993-T01-IM5,P-0006993,Male,1,65.0,65.0,0,0,Former,Ever,0,,1,True
LUNG_MSK_2017,P-0006995-T01-IM5,P-0006995,Female,0,52.0,52.0,0,0,Never,Never,0,,1,True
LUNG_MSK_2017,P-0007026-T01-IM5,P-0007026,Female,0,78.0,78.0,0,0,Former,Ever,0,,1,True
LUNG_MSK_2017,P-0007031-T01-IM5,P-0007031,Female,0,64.0,64.0,0,0,Former,Ever,0,,1,True
LUNG_MSK_2017,P-0007044-T01-IM5,P-0007044,Female,0,78.0,78.0,0,0,Former,Ever,0,,1,True
LUNG_MSK_2017,P-0007051-T01-IM5,P-0007051,Male,1,70.0,70.0,0,0,Former,Ever,0,,1,True
LUNG_MSK_2017,P-0007054-T01-IM5,P-0007054,Female,0,66.0,66.0,0,0,Never,Never,0,,1,True
LUNG_MSK_2017,P-0007057-T01-IM5,P-0007057,Female,0,71.0,71.0,0,0,Former,Ever,0,,1,True
LUNG_MSK_2017,P-0007082-T01-IM5,P-0007082,Female,0,72.0,72.0,0,0,Never,Never,0,,1,True
LUNG_MSK_2017,P-0007084-T02-IM5,P-0007084,Male,1,82.0,82.0,0,0,Former,Ever,0,,1,True
LUNG_MSK_2017,P-0007088-T02-IM5,P-0007088,Female,0,41.0,41.0,0,0,Former,Ever,0,,1,True
LUNG_MSK_2017,P-0007099-T01-IM5,P-0007099,Female,0,76.0,76.0,0,0,Former,Ever,0,,1,True
LUNG_MSK_2017,P-0007101-T02-IM5,P-0007101,Male,1,75.0,75.0,0,0,Former,Ever,0,,1,True
LUNG_MSK_2017,P-0007108-T01-IM5,P-0007108,Male,1,52.0,52.0,0,0,Never,Never,0,,1,True
LUNG_MSK_2017,P-0007114-T01-IM5,P-0007114,Male,1,75.0,75.0,0,0,Former,Ever,0,,1,True
LUNG_MSK_2017,P-0007119-T01-IM5,P-0007119,Male,1,60.0,60.0,0,0,Former,Ever,0,,1,True
LUNG_MSK_2017,P-0007123-T01-IM5,P-0007123,Female,0,65.0,65.0,0,0,Former,Ever,0,,1,True
LUNG_MSK_2017,P-0007131-T01-IM5,P-0007131,Female,0,50.0,50.0,0,0,Former,Ever,0,,1,True
LUNG_MSK_2017,P-0007167-T01-IM5,P-0007167,Male,1,62.0,62.0,0,0,Never,Never,0,,1,True
LUNG_MSK_2017,P-0007170-T01-IM5,P-0007170,Female,0,68.0,68.0,0,0,Current,Ever,0,,1,True
LUNG_MSK_2017,P-0007174-T01-IM5,P-0007174,Male,1,77.0,77.0,0,0,Former,Ever,0,,1,True
LUNG_MSK_2017,P-0007234-T01-IM5,P-0007234,Female,0,44.0,44.0,0,0,Former,Ever,0,,1,True
LUNG_MSK_2017,P-0007236-T01-IM5,P-0007236,Male,1,63.0,63.0,0,0,Current,Ever,0,,1,True
LUNG_MSK_2017,P-0007239-T01-IM5,P-0007239,Female,0,81.0,81.0,0,0,Former,Ever,0,,1,True
LUNG_MSK_2017,P-0007240-T01-IM5,P-0007240,Male,1,75.0,75.0,0,0,Former,Ever,0,,1,True
LUNG_MSK_2017,P-0007278-T01-IM5,P-0007278,Female,0,53.0,53.0,0,0,Former,Ever,0,,1,True
LUNG_MSK_2017,P-0007304-T01-IM5,P-0007304,Female,0,72.0,72.0,0,0,Former,Ever,0,,1,True
LUNG_MSK_2017,P-0007309-T01-IM5,P-0007309,Female,0,51.0,51.0,0,0,Former,Ever,0,,1,True
LUNG_MSK_2017,P-0007320-T01-IM5,P-0007320,Male,1,66.0,66.0,0,0,Former,Ever,0,,1,True
LUNG_MSK_2017,P-0007322-T01-IM5,P-0007322,Female,0,60.0,60.0,0,0,Former,Ever,0,,1,True
LUNG_MSK_2017,P-0007413-T01-IM5,P-0007413,Female,0,56.0,56.0,0,0,Never,Never,0,,1,True
LUNG_MSK_2017,P-0007418-T01-IM5,P-0007418,Female,0,56.0,56.0,0,0,Former,Ever,0,,1,True
LUNG_MSK_2017,P-0007420-T01-IM5,P-0007420,Female,0,82.0,82.0,0,0,Former,Ever,0,,1,True
LUNG_MSK_2017,P-0007422-T01-IM5,P-0007422,Male,1,74.0,74.0,0,0,Former,Ever,0,,1,True
LUNG_MSK_2017,P-0007487-T01-IM5,P-0007487,Male,1,84.0,84.0,0,0,Former,Ever,0,,1,True
LUNG_MSK_2017,P-0007491-T01-IM5,P-0007491,Male,1,70.0,70.0,0,0,Never,Never,0,,1,True
LUNG_MSK_2017,P-0007500-T01-IM5,P-0007500,Male,1,69.0,69.0,0,0,Former,Ever,0,,1,True
LUNG_MSK_2017,P-0007507-T01-IM5,P-0007507,Female,0,49.0,49.0,0,0,Former,Ever,0,,1,True
LUNG_MSK_2017,P-0007508-T01-IM5,P-0007508,Male,1,69.0,69.0,0,0,Never,Never,0,,1,True
LUNG_MSK_2017,P-0007509-T01-IM5,P-0007509,Female,0,55.0,55.0,0,0,Former,Ever,0,,1,True
LUNG_MSK_2017,P-0007525-T01-IM5,P-0007525,Female,0,64.0,64.0,0,0,Never,Never,0,,1,True
LUNG_MSK_2017,P-0007549-T01-IM5,P-0007549,Male,1,61.0,61.0,0,0,Former,Ever,0,,1,True
LUNG_MSK_2017,P-0007580-T01-IM5,P-0007580,Female,0,60.0,60.0,0,0,Former,Ever,0,,1,True
LUNG_MSK_2017,P-0007582-T01-IM5,P-0007582,Male,1,81.0,81.0,0,0,Never,Never,0,,1,True
LUNG_MSK_2017,P-0007583-T01-IM5,P-0007583,Female,0,68.0,68.0,0,0,Former,Ever,0,,1,True
LUNG_MSK_2017,P-0007587-T01-IM5,P-0007587,Female,0,73.0,73.0,0,0,Former,Ever,0,,1,True
LUNG_MSK_2017,P-0007597-T01-IM5,P-0007597,Male,1,72.0,72.0,0,0,Former,Ever,0,,1,True
LUNG_MSK_2017,P-0007619-T01-IM5,P-0007619,Male,1,76.0,76.0,0,0,Never,Never,0,,1,True
LUNG_MSK_2017,P-0007633-T01-IM5,P-0007633,Male,1,76.0,76.0,0,0,Never,Never,0,,1,True
LUNG_MSK_2017,P-0007643-T01-IM5,P-0007643,Male,1,68.0,68.0,0,0,Former,Ever,0,,1,True
LUNG_MSK_2017,P-0007663-T01-IM5,P-0007663,Female,0,72.0,72.0,0,0,Never,Never,0,,1,True
LUNG_MSK_2017,P-0007665-T01-IM5,P-0007665,Male,1,55.0,55.0,0,0,Former,Ever,0,,1,True
LUNG_MSK_2017,P-0007681-T01-IM5,P-0007681,Male,1,71.0,71.0,0,0,Never,Never,0,,1,True
LUNG_MSK_2017,P-0007745-T01-IM5,P-0007745,Female,0,42.0,42.0,0,0,Former,Ever,0,,1,True
LUNG_MSK_2017,P-0007753-T01-IM5,P-0007753,Female,0,70.0,70.0,0,0,Former,Ever,0,,1,True
LUNG_MSK_2017,P-0007754-T01-IM5,P-0007754,Male,1,75.0,75.0,0,0,Former,Ever,0,,1,True
LUNG_MSK_2017,P-0007775-T01-IM5,P-0007775,Female,0,73.0,73.0,0,0,Former,Ever,0,,1,True
LUNG_MSK_2017,P-0007788-T01-IM5,P-0007788,Female,0,63.0,63.0,0,0,Former,Ever,0,,1,True
LUNG_MSK_2017,P-0007813-T01-IM5,P-0007813,Female,0,72.0,72.0,0,0,Former,Ever,0,,1,True
LUNG_MSK_2017,P-0007841-T01-IM5,P-0007841,Female,0,44.0,44.0,0,0,Never,Never,0,,1,True
LUNG_MSK_2017,P-0007861-T01-IM5,P-0007861,Female,0,73.0,73.0,0,0,Never,Never,0,,1,True
LUNG_MSK_2017,P-0007864-T01-IM5,P-0007864,Female,0,40.0,40.0,0,0,Never,Never,0,,1,True
LUNG_MSK_2017,P-0007870-T01-IM5,P-0007870,Male,1,37.0,37.0,0,0,Never,Never,0,,1,True
LUNG_MSK_2017,P-0007879-T01-IM5,P-0007879,Female,0,66.0,66.0,0,0,Former,Ever,0,,1,True
LUNG_MSK_2017,P-0007904-T01-IM5,P-0007904,Female,0,85.0,85.0,0,0,Never,Never,0,,1,True
LUNG_MSK_2017,P-0007911-T01-IM5,P-0007911,Female,0,89.0,89.0,0,0,Never,Never,0,,1,True
LUNG_MSK_2017,P-0007916-T01-IM5,P-0007916,Male,1,67.0,67.0,0,0,Former,Ever,0,,1,True
LUNG_MSK_2017,P-0007977-T01-IM5,P-0007977,Female,0,68.0,68.0,0,0,Former,Ever,0,,1,True
LUNG_MSK_2017,P-0007978-T01-IM5,P-0007978,Female,0,49.0,49.0,0,0,Former,Ever,0,,1,True
LUNG_MSK_2017,P-0008078-T01-IM5,P-0008078,Female,0,74.0,74.0,0,0,Former,Ever,0,,1,True
LUNG_MSK_2017,P-0008101-T01-IM5,P-0008101,Male,1,66.0,66.0,0,0,Never,Never,0,,1,True
LUNG_MSK_2017,P-0008126-T01-IM5,P-0008126,Male,1,67.0,67.0,0,0,Former,Ever,0,,1,True
LUNG_MSK_2017,P-0008131-T01-IM5,P-0008131,Female,0,65.0,65.0,0,0,Former,Ever,0,,1,True
LUNG_MSK_2017,P-0008132-T01-IM5,P-0008132,Female,0,40.0,40.0,0,0,Former,Ever,0,,1,True
LUNG_MSK_2017,P-0008134-T01-IM5,P-0008134,Female,0,48.0,48.0,0,0,Never,Never,0,,1,True
LUNG_MSK_2017,P-0008158-T01-IM5,P-0008158,Male,1,62.0,62.0,0,0,Former,Ever,0,,1,True
LUNG_MSK_2017,P-0008160-T01-IM5,P-0008160,Male,1,63.0,63.0,0,0,Former,Ever,0,,1,True
LUNG_MSK_2017,P-0008161-T01-IM5,P-0008161,Male,1,81.0,81.0,0,0,Former,Ever,0,,1,True
LUNG_MSK_2017,P-0008176-T01-IM5,P-0008176,Female,0,69.0,69.0,0,0,Never,Never,0,,1,True
LUNG_MSK_2017,P-0008261-T01-IM5,P-0008261,Female,0,58.0,58.0,0,0,Former,Ever,0,,1,True
LUNG_MSK_2017,P-0008282-T01-IM5,P-0008282,Male,1,61.0,61.0,0,0,Former,Ever,0,,1,True
LUNG_MSK_2017,P-0008285-T01-IM5,P-0008285,Female,0,66.0,66.0,0,0,Never,Never,0,,1,True
LUNG_MSK_2017,P-0008291-T01-IM5,P-0008291,Female,0,82.0,82.0,0,0,Former,Ever,0,,1,True
LUNG_MSK_2017,P-0008295-T01-IM5,P-0008295,Male,1,57.0,57.0,0,0,Former,Ever,0,,1,True
LUNG_MSK_2017,P-0008297-T01-IM5,P-0008297,Male,1,54.0,54.0,0,0,Former,Ever,0,,1,True
LUNG_MSK_2017,P-0008307-T01-IM5,P-0008307,Male,1,76.0,76.0,0,0,Former,Ever,0,,1,True
LUNG_MSK_2017,P-0008310-T01-IM5,P-0008310,Female,0,63.0,63.0,0,0,Never,Never,0,,1,True
LUNG_MSK_2017,P-0008322-T01-IM5,P-0008322,Male,1,62.0,62.0,0,0,Former,Ever,0,,1,True
LUNG_MSK_2017,P-0008324-T01-IM5,P-0008324,Female,0,76.0,76.0,0,0,Never,Never,0,,1,True
LUNG_MSK_2017,P-0008332-T01-IM5,P-0008332,Female,0,51.0,51.0,0,0,Never,Never,0,,1,True
LUNG_MSK_2017,P-0008359-T01-IM5,P-0008359,Female,0,57.0,57.0,0,0,Former,Ever,0,,1,True
LUNG_MSK_2017,P-0008404-T01-IM5,P-0008404,Male,1,63.0,63.0,0,0,Former,Ever,0,,1,True
LUNG_MSK_2017,P-0008406-T01-IM5,P-0008406,Female,0,66.0,66.0,0,0,Former,Ever,0,,1,True
LUNG_MSK_2017,P-0008419-T01-IM5,P-0008419,Male,1,74.0,74.0,0,0,Former,Ever,0,,1,True
LUNG_MSK_2017,P-0008426-T01-IM5,P-0008426,Female,0,68.0,68.0,0,0,Never,Never,0,,1,True
LUNG_MSK_2017,P-0008427-T01-IM5,P-0008427,Female,0,54.0,54.0,0,0,Never,Never,0,,1,True
LUNG_MSK_2017,P-0008428-T01-IM5,P-0008428,Male,1,83.0,83.0,0,0,Former,Ever,0,,1,True
LUNG_MSK_2017,P-0008438-T01-IM5,P-0008438,Male,1,61.0,61.0,0,0,Former,Ever,0,,1,True
LUNG_MSK_2017,P-0008442-T01-IM5,P-0008442,Female,0,64.0,64.0,0,0,Never,Never,0,,1,True
LUNG_MSK_2017,P-0008465-T02-IM5,P-0008465,Male,1,65.0,65.0,0,0,Current,Ever,0,,1,True
LUNG_MSK_2017,P-0008472-T01-IM5,P-0008472,Male,1,57.0,57.0,0,0,Never,Never,0,,1,True
LUNG_MSK_2017,P-0008476-T01-IM5,P-0008476,Female,0,64.0,64.0,0,0,Former,Ever,0,,1,True
LUNG_MSK_2017,P-0008485-T01-IM5,P-0008485,Male,1,67.0,67.0,0,0,Former,Ever,0,,1,True
LUNG_MSK_2017,P-0008487-T01-IM5,P-0008487,Female,0,45.0,45.0,0,0,Former,Ever,0,,1,True
LUNG_MSK_2017,P-0008539-T01-IM5,P-0008539,Female,0,62.0,62.0,0,0,Former,Ever,0,,1,True
LUNG_MSK_2017,P-0008549-T02-IM5,P-0008549,Female,0,61.0,61.0,0,0,Never,Never,0,,1,True
LUNG_MSK_2017,P-0008599-T01-IM5,P-0008599,Male,1,75.0,75.0,0,0,Former,Ever,0,,1,True
LUNG_MSK_2017,P-0008602-T01-IM5,P-0008602,Female,0,54.0,54.0,0,0,Former,Ever,0,,1,True
LUNG_MSK_2017,P-0008657-T01-IM5,P-0008657,Male,1,66.0,66.0,0,0,Former,Ever,0,,1,True
LUNG_MSK_2017,P-0008665-T01-IM5,P-0008665,Male,1,55.0,55.0,0,0,Never,Never,0,,1,True
LUNG_MSK_2017,P-0008678-T01-IM5,P-0008678,Female,0,71.0,71.0,0,0,Former,Ever,0,,1,True
LUNG_MSK_2017,P-0008705-T01-IM5,P-0008705,Male,1,75.0,75.0,0,0,Never,Never,0,,1,True
LUNG_MSK_2017,P-0008715-T01-IM5,P-0008715,Male,1,71.0,71.0,0,0,Former,Ever,0,,1,True
LUNG_MSK_2017,P-0008723-T01-IM5,P-0008723,Male,1,76.0,76.0,0,0,Former,Ever,0,,1,True
LUNG_MSK_2017,P-0008744-T01-IM5,P-0008744,Male,1,65.0,65.0,0,0,Never,Never,0,,1,True
LUNG_MSK_2017,P-0008756-T01-IM5,P-0008756,Female,0,66.0,66.0,0,0,Never,Never,0,,1,True
LUNG_MSK_2017,P-0008757-T01-IM5,P-0008757,Male,1,77.0,77.0,0,0,Never,Never,0,,1,True
LUNG_MSK_2017,P-0008764-T01-IM5,P-0008764,Male,1,66.0,66.0,0,0,Never,Never,0,,1,True
LUNG_MSK_2017,P-0008765-T01-IM5,P-0008765,Male,1,59.0,59.0,0,0,Never,Never,0,,1,True
LUNG_MSK_2017,P-0008786-T01-IM5,P-0008786,Male,1,62.0,62.0,0,0,Never,Never,0,,1,True
LUNG_MSK_2017,P-0008837-T01-IM5,P-0008837,Female,0,63.0,63.0,0,0,Former,Ever,0,,1,True
LUNG_MSK_2017,P-0008840-T01-IM5,P-0008840,Female,0,66.0,66.0,0,0,Former,Ever,0,,1,True
LUNG_MSK_2017,P-0008849-T01-IM5,P-0008849,Female,0,50.0,50.0,0,0,Never,Never,0,,1,True
LUNG_MSK_2017,P-0008851-T01-IM5,P-0008851,Male,1,62.0,62.0,0,0,Former,Ever,0,,1,True
LUNG_MSK_2017,P-0008855-T01-IM5,P-0008855,Female,0,34.0,34.0,0,0,Former,Ever,0,,1,True
LUNG_MSK_2017,P-0008871-T01-IM5,P-0008871,Female,0,69.0,69.0,0,0,Former,Ever,0,,1,True
LUNG_MSK_2017,P-0008874-T01-IM5,P-0008874,Male,1,55.0,55.0,0,0,Former,Ever,0,,1,True
LUNG_MSK_2017,P-0008876-T01-IM5,P-0008876,Female,0,47.0,47.0,0,0,Former,Ever,0,,1,True
LUNG_MSK_2017,P-0008878-T01-IM5,P-0008878,Male,1,72.0,72.0,0,0,Former,Ever,0,,1,True
LUNG_MSK_2017,P-0008902-T01-IM5,P-0008902,Female,0,74.0,74.0,0,0,Former,Ever,0,,1,True
LUNG_MSK_2017,P-0008908-T01-IM5,P-0008908,Male,1,67.0,67.0,0,0,Former,Ever,0,,1,True
LUNG_MSK_2017,P-0008917-T01-IM5,P-0008917,Female,0,67.0,67.0,0,0,Never,Never,0,,1,True
LUNG_MSK_2017,P-0008922-T02-IM5,P-0008922,Male,1,66.0,66.0,0,0,Former,Ever,0,,1,True
LUNG_MSK_2017,P-0008929-T01-IM5,P-0008929,Female,0,62.0,62.0,0,0,Former,Ever,0,,1,True
LUNG_MSK_2017,P-0008934-T01-IM5,P-0008934,Female,0,49.0,49.0,0,0,Never,Never,0,,1,True
LUNG_MSK_2017,P-0008935-T01-IM5,P-0008935,Female,0,68.0,68.0,0,0,Former,Ever,0,,1,True
LUNG_MSK_2017,P-0008944-T01-IM5,P-0008944,Female,0,45.0,45.0,0,0,Former,Ever,0,,1,True
LUNG_MSK_2017,P-0008947-T01-IM5,P-0008947,Female,0,53.0,53.0,0,0,Former,Ever,0,,1,True
LUNG_MSK_2017,P-0008976-T01-IM5,P-0008976,Male,1,81.0,81.0,0,0,Former,Ever,0,,1,True
LUNG_MSK_2017,P-0009004-T01-IM5,P-0009004,Female,0,62.0,62.0,0,0,Former,Ever,0,,1,True
LUNG_MSK_2017,P-0009017-T01-IM5,P-0009017,Male,1,75.0,75.0,0,0,Former,Ever,0,,1,True
LUNG_MSK_2017,P-0009020-T01-IM5,P-0009020,Female,0,70.0,70.0,0,0,Former,Ever,0,,1,True
LUNG_MSK_2017,P-0009083-T01-IM5,P-0009083,Male,1,79.0,79.0,0,0,Former,Ever,0,,1,True
LUNG_MSK_2017,P-0009110-T01-IM5,P-0009110,Female,0,53.0,53.0,0,0,Former,Ever,0,,1,True
LUNG_MSK_2017,P-0009161-T01-IM5,P-0009161,Female,0,52.0,52.0,0,0,Former,Ever,0,,1,True
LUNG_MSK_2017,P-0009164-T01-IM5,P-0009164,Male,1,48.0,48.0,0,0,Never,Never,0,,1,True
LUNG_MSK_2017,P-0009168-T01-IM5,P-0009168,Male,1,74.0,74.0,0,0,Former,Ever,0,,1,True
LUNG_MSK_2017,P-0009171-T01-IM5,P-0009171,Female,0,79.0,79.0,0,0,Former,Ever,0,,1,True
LUNG_MSK_2017,P-0009172-T01-IM5,P-0009172,Female,0,59.0,59.0,0,0,Former,Ever,0,,1,True
LUNG_MSK_2017,P-0009178-T01-IM5,P-0009178,Male,1,70.0,70.0,0,0,Former,Ever,0,,1,True
LUNG_MSK_2017,P-0009196-T01-IM5,P-0009196,Female,0,81.0,81.0,0,0,Former,Ever,0,,1,True
LUNG_MSK_2017,P-0009198-T01-IM5,P-0009198,Female,0,79.0,79.0,0,0,Never,Never,0,,1,True
LUNG_MSK_2017,P-0009223-T01-IM5,P-0009223,Male,1,68.0,68.0,0,0,Former,Ever,0,,1,True
LUNG_MSK_2017,P-0009243-T01-IM5,P-0009243,Female,0,74.0,74.0,0,0,Former,Ever,0,,1,True
LUNG_MSK_2017,P-0009253-T01-IM5,P-0009253,Male,1,53.0,53.0,0,0,Former,Ever,0,,1,True
LUNG_MSK_2017,P-0009256-T01-IM5,P-0009256,Female,0,68.0,68.0,0,0,Former,Ever,0,,1,True
LUNG_MSK_2017,P-0009261-T01-IM5,P-0009261,Female,0,71.0,71.0,0,0,Former,Ever,0,,1,True
LUNG_MSK_2017,P-0009265-T01-IM5,P-0009265,Male,1,75.0,75.0,0,0,Former,Ever,0,,1,True
LUNG_MSK_2017,P-0009272-T01-IM5,P-0009272,Male,1,55.0,55.0,0,0,Former,Ever,0,,1,True
LUNG_MSK_2017,P-0009274-T01-IM5,P-0009274,Female,0,76.0,76.0,0,0,Former,Ever,0,,1,True
LUNG_MSK_2017,P-0009275-T01-IM5,P-0009275,Female,0,57.0,57.0,0,0,Former,Ever,0,,1,True
LUNG_MSK_2017,P-0009277-T01-IM5,P-0009277,Female,0,84.0,84.0,0,0,Former,Ever,0,,1,True
LUNG_MSK_2017,P-0009293-T01-IM5,P-0009293,Female,0,69.0,69.0,0,0,Former,Ever,0,,1,True
LUNG_MSK_2017,P-0009319-T01-IM5,P-0009319,Male,1,56.0,56.0,0,0,Former,Ever,0,,1,True
LUNG_MSK_2017,P-0009339-T01-IM5,P-0009339,Female,0,16.0,,1,1,Never,Never,0,,1,True
LUNG_MSK_2017,P-0009343-T01-IM5,P-0009343,Male,1,50.0,50.0,0,0,Never,Never,0,,1,True
LUNG_MSK_2017,P-0009346-T01-IM5,P-0009346,Male,1,59.0,59.0,0,0,Never,Never,0,,1,True
LUNG_MSK_2017,P-0009350-T01-IM5,P-0009350,Female,0,58.0,58.0,0,0,Former,Ever,0,,1,True
LUNG_MSK_2017,P-0009370-T01-IM5,P-0009370,Female,0,66.0,66.0,0,0,Former,Ever,0,,1,True
LUNG_MSK_2017,P-0009376-T01-IM5,P-0009376,Female,0,60.0,60.0,0,0,Former,Ever,0,,1,True
LUNG_MSK_2017,P-0009379-T01-IM5,P-0009379,Male,1,68.0,68.0,0,0,Former,Ever,0,,1,True
LUNG_MSK_2017,P-0009419-T01-IM5,P-0009419,Male,1,60.0,60.0,0,0,Former,Ever,0,,1,True
LUNG_MSK_2017,P-0009423-T01-IM5,P-0009423,Female,0,58.0,58.0,0,0,Never,Never,0,,1,True
LUNG_MSK_2017,P-0009426-T01-IM5,P-0009426,Female,0,59.0,59.0,0,0,Former,Ever,0,,1,True
LUNG_MSK_2017,P-0009428-T01-IM5,P-0009428,Male,1,80.0,80.0,0,0,Never,Never,0,,1,True
LUNG_MSK_2017,P-0009431-T01-IM5,P-0009431,Female,0,73.0,73.0,0,0,Former,Ever,0,,1,True
LUNG_MSK_2017,P-0009434-T01-IM5,P-0009434,Male,1,54.0,54.0,0,0,Former,Ever,0,,1,True
LUNG_MSK_2017,P-0009437-T01-IM5,P-0009437,Female,0,59.0,59.0,0,0,Former,Ever,0,,1,True
LUNG_MSK_2017,P-0009442-T01-IM5,P-0009442,Male,1,82.0,82.0,0,0,Former,Ever,0,,1,True
LUNG_MSK_2017,P-0009466-T01-IM5,P-0009466,Male,1,69.0,69.0,0,0,Former,Ever,0,,1,True
LUNG_MSK_2017,P-0009467-T01-IM5,P-0009467,Female,0,62.0,62.0,0,0,Former,Ever,0,,1,True
LUNG_MSK_2017,P-0009469-T01-IM5,P-0009469,Female,0,31.0,31.0,0,0,Never,Never,0,,1,True
LUNG_MSK_2017,P-0009481-T01-IM5,P-0009481,Female,0,59.0,59.0,0,0,Former,Ever,0,,1,True
LUNG_MSK_2017,P-0009483-T01-IM5,P-0009483,Female,0,81.0,81.0,0,0,Former,Ever,0,,1,True
LUNG_MSK_2017,P-0009505-T01-IM5,P-0009505,Female,0,61.0,61.0,0,0,Former,Ever,0,,1,True
LUNG_MSK_2017,P-0009508-T01-IM5,P-0009508,Male,1,79.0,79.0,0,0,Former,Ever,0,,1,True
LUNG_MSK_2017,P-0009514-T01-IM5,P-0009514,Male,1,57.0,57.0,0,0,Never,Never,0,,1,True
LUNG_MSK_2017,P-0009528-T01-IM5,P-0009528,Female,0,81.0,81.0,0,0,Never,Never,0,,1,True
LUNG_MSK_2017,P-0009532-T01-IM5,P-0009532,Male,1,57.0,57.0,0,0,Former,Ever,0,,1,True
LUNG_MSK_2017,P-0009535-T01-IM5,P-0009535,Female,0,58.0,58.0,0,0,Never,Never,0,,1,True
LUNG_MSK_2017,P-0009542-T01-IM5,P-0009542,Female,0,75.0,75.0,0,0,Former,Ever,0,,1,True
LUNG_MSK_2017,P-0009559-T01-IM5,P-0009559,Male,1,78.0,78.0,0,0,Former,Ever,0,,1,True
LUNG_MSK_2017,P-0009586-T01-IM5,P-0009586,Female,0,51.0,51.0,0,0,Former,Ever,0,,1,True
LUNG_MSK_2017,P-0009591-T01-IM5,P-0009591,Male,1,60.0,60.0,0,0,Former,Ever,0,,1,True
LUNG_MSK_2017,P-0009604-T01-IM5,P-0009604,Female,0,73.0,73.0,0,0,Former,Ever,0,,1,True
LUNG_MSK_2017,P-0009608-T01-IM5,P-0009608,Male,1,72.0,72.0,0,0,Former,Ever,0,,1,True
LUNG_MSK_2017,P-0009614-T01-IM5,P-0009614,Male,1,44.0,44.0,0,0,Former,Ever,0,,1,True
LUNG_MSK_2017,P-0009623-T01-IM5,P-0009623,Male,1,50.0,50.0,0,0,Former,Ever,0,,1,True
LUNG_MSK_2017,P-0009638-T01-IM5,P-0009638,Male,1,80.0,80.0,0,0,Former,Ever,0,,1,True
LUNG_MSK_2017,P-0009655-T01-IM5,P-0009655,Female,0,68.0,68.0,0,0,Never,Never,0,,1,True
LUNG_MSK_2017,P-0009660-T01-IM5,P-0009660,Male,1,60.0,60.0,0,0,Former,Ever,0,,1,True
LUNG_MSK_2017,P-0009661-T01-IM5,P-0009661,Female,0,54.0,54.0,0,0,Never,Never,0,,1,True
LUNG_MSK_2017,P-0009680-T01-IM5,P-0009680,Female,0,56.0,56.0,0,0,Former,Ever,0,,1,True
LUNG_MSK_2017,P-0009704-T01-IM5,P-0009704,Male,1,63.0,63.0,0,0,Never,Never,0,,1,True
LUNG_MSK_2017,P-0009708-T01-IM5,P-0009708,Female,0,59.0,59.0,0,0,Never,Never,0,,1,True
LUNG_MSK_2017,P-0009710-T01-IM5,P-0009710,Female,0,71.0,71.0,0,0,Former,Ever,0,,1,True
LUNG_MSK_2017,P-0009714-T01-IM5,P-0009714,Male,1,58.0,58.0,0,0,Former,Ever,0,,1,True
LUNG_MSK_2017,P-0009715-T01-IM5,P-0009715,Male,1,62.0,62.0,0,0,Former,Ever,0,,1,True
LUNG_MSK_2017,P-0009748-T01-IM5,P-0009748,Female,0,33.0,33.0,0,0,Never,Never,0,,1,True
LUNG_MSK_2017,P-0009762-T01-IM5,P-0009762,Male,1,70.0,70.0,0,0,Former,Ever,0,,1,True
LUNG_MSK_2017,P-0009763-T01-IM5,P-0009763,Female,0,47.0,47.0,0,0,Former,Ever,0,,1,True
LUNG_MSK_2017,P-0009764-T01-IM5,P-0009764,Female,0,50.0,50.0,0,0,Former,Ever,0,,1,True
LUNG_MSK_2017,P-0009789-T01-IM5,P-0009789,Male,1,71.0,71.0,0,0,Former,Ever,0,,1,True
LUNG_MSK_2017,P-0009824-T01-IM5,P-0009824,Female,0,57.0,57.0,0,0,Never,Never,0,,1,True
LUNG_MSK_2017,P-0009833-T01-IM5,P-0009833,Female,0,53.0,53.0,0,0,Former,Ever,0,,1,True
LUNG_MSK_2017,P-0009837-T01-IM5,P-0009837,Female,0,71.0,71.0,0,0,Former,Ever,0,,1,True
LUNG_MSK_2017,P-0009856-T01-IM5,P-0009856,Female,0,59.0,59.0,0,0,Former,Ever,0,,1,True
LUNG_MSK_2017,P-0009861-T01-IM5,P-0009861,Female,0,86.0,86.0,0,0,Never,Never,0,,1,True
LUNG_MSK_2017,P-0009862-T01-IM5,P-0009862,Female,0,56.0,56.0,0,0,Former,Ever,0,,1,True
LUNG_MSK_2017,P-0009924-T01-IM5,P-0009924,Male,1,78.0,78.0,0,0,Former,Ever,0,,1,True
LUNG_MSK_2017,P-0009928-T01-IM5,P-0009928,Female,0,70.0,70.0,0,0,Never,Never,0,,1,True
LUNG_MSK_2017,P-0009955-T01-IM5,P-0009955,Male,1,68.0,68.0,0,0,Never,Never,0,,1,True
LUNG_MSK_2017,P-0009959-T01-IM5,P-0009959,Male,1,65.0,65.0,0,0,Former,Ever,0,,1,True
LUNG_MSK_2017,P-0010257-T01-IM5,P-0010257,Female,0,54.0,54.0,0,0,Former,Ever,0,,1,True
LUNG_MSK_2017,P-0011030-T01-IM5,P-0011030,Male,1,69.0,69.0,0,0,Never,Never,0,,1,True
MSKCC_2020,P-0000219-T01-IM3,P-0000219,Female,0,52.0,52.0,0,0,Ever_Unspecified,Ever,0,5.0,0,True
MSKCC_2020,P-0000280-T01-IM3,P-0000280,Female,0,62.0,62.0,0,0,Never,Never,0,0.0,0,True
MSKCC_2020,P-0000627-T02-IM5,P-0000627,Female,0,68.0,68.0,0,0,Ever_Unspecified,Ever,0,30.0,0,True
MSKCC_2020,P-0001944-T01-IM3,P-0001944,Female,0,67.0,67.0,0,0,Ever_Unspecified,Ever,0,20.0,0,True
MSKCC_2020,P-0002534-T01-IM3,P-0002534,Female,0,73.0,73.0,0,0,Never,Never,0,0.0,0,True
MSKCC_2020,P-0002544-T01-IM3,P-0002544,Female,0,56.0,56.0,0,0,Ever_Unspecified,Ever,0,32.0,0,True
MSKCC_2020,P-0002557-T01-IM3,P-0002557,Female,0,35.0,35.0,0,0,Never,Never,0,0.0,0,True
MSKCC_2020,P-0002768-T02-IM6,P-0002768,Female,0,51.0,51.0,0,0,Never,Never,0,0.0,0,True
MSKCC_2020,P-0002880-T02-IM6,P-0002880,Male,1,71.0,71.0,0,0,Never,Never,0,0.0,0,True
MSKCC_2020,P-0002949-T01-IM3,P-0002949,Male,1,74.0,74.0,0,0,Ever_Unspecified,Ever,0,60.0,0,True
MSKCC_2020,P-0003096-T01-IM5,P-0003096,Female,0,66.0,66.0,0,0,Ever_Unspecified,Ever,0,35.0,0,True
MSKCC_2020,P-0003323-T01-IM5,P-0003323,Female,0,61.0,61.0,0,0,Never,Never,0,0.0,0,True
MSKCC_2020,P-0003489-T01-IM5,P-0003489,Male,1,80.0,80.0,0,0,Ever_Unspecified,Ever,0,6.0,0,True
MSKCC_2020,P-0003573-T01-IM5,P-0003573,Female,0,70.0,70.0,0,0,Never,Never,0,0.0,0,True
MSKCC_2020,P-0003734-T01-IM5,P-0003734,Male,1,68.0,68.0,0,0,Ever_Unspecified,Ever,0,49.0,0,True
MSKCC_2020,P-0003785-T01-IM5,P-0003785,Female,0,72.0,72.0,0,0,Ever_Unspecified,Ever,0,32.0,0,True
MSKCC_2020,P-0004105-T01-IM5,P-0004105,Female,0,74.0,74.0,0,0,Ever_Unspecified,Ever,0,40.0,0,True
MSKCC_2020,P-0004271-T01-IM5,P-0004271,Female,0,35.0,35.0,0,0,Never,Never,0,0.0,0,True
MSKCC_2020,P-0004335-T01-IM5,P-0004335,Female,0,44.0,44.0,0,0,Ever_Unspecified,Ever,0,11.25,0,True
MSKCC_2020,P-0004361-T01-IM5,P-0004361,Female,0,66.0,66.0,0,0,Ever_Unspecified,Ever,0,12.0,0,True
MSKCC_2020,P-0004530-T02-IM6,P-0004530,Female,0,63.0,63.0,0,0,Ever_Unspecified,Ever,0,20.0,0,True
MSKCC_2020,P-0004678-T01-IM5,P-0004678,Male,1,65.0,65.0,0,0,Ever_Unspecified,Ever,0,23.5,0,True
MSKCC_2020,P-0004714-T01-IM5,P-0004714,Female,0,66.0,66.0,0,0,Ever_Unspecified,Ever,0,50.0,0,True
MSKCC_2020,P-0004730-T01-IM5,P-0004730,Male,1,70.0,70.0,0,0,Never,Never,0,0.0,0,True
MSKCC_2020,P-0004858-T01-IM5,P-0004858,Female,0,63.0,63.0,0,0,Ever_Unspecified,Ever,0,20.0,0,True
MSKCC_2020,P-0004860-T01-IM5,P-0004860,Male,1,69.0,69.0,0,0,Ever_Unspecified,Ever,0,34.0,0,True
MSKCC_2020,P-0004882-T01-IM5,P-0004882,Female,0,63.0,63.0,0,0,Ever_Unspecified,Ever,0,20.0,0,True
MSKCC_2020,P-0005094-T01-IM5,P-0005094,Female,0,70.0,70.0,0,0,Ever_Unspecified,Ever,0,9.0,0,True
MSKCC_2020,P-0005170-T01-IM5,P-0005170,Male,1,75.0,75.0,0,0,Ever_Unspecified,Ever,0,75.0,0,True
MSKCC_2020,P-0005190-T01-IM5,P-0005190,Male,1,58.0,58.0,0,0,Ever_Unspecified,Ever,0,60.0,0,True
MSKCC_2020,P-0005194-T01-IM5,P-0005194,Female,0,50.0,50.0,0,0,Ever_Unspecified,Ever,0,22.0,0,True
MSKCC_2020,P-0005198-T01-IM5,P-0005198,Female,0,74.0,74.0,0,0,Ever_Unspecified,Ever,0,10.0,0,True
MSKCC_2020,P-0005544-T02-IM5,P-0005544,Female,0,68.0,68.0,0,0,Ever_Unspecified,Ever,0,40.0,0,True
MSKCC_2020,P-0005567-T01-IM5,P-0005567,Female,0,67.0,67.0,0,0,Ever_Unspecified,Ever,0,30.0,0,True
MSKCC_2020,P-0005580-T01-IM5,P-0005580,Female,0,76.0,76.0,0,0,Never,Never,0,0.0,0,True
MSKCC_2020,P-0005694-T01-IM5,P-0005694,Female,0,60.0,60.0,0,0,Ever_Unspecified,Ever,0,20.0,0,True
MSKCC_2020,P-0005845-T01-IM5,P-0005845,Female,0,74.0,74.0,0,0,Ever_Unspecified,Ever,0,2.14,0,True
MSKCC_2020,P-0005873-T01-IM5,P-0005873,Female,0,82.0,82.0,0,0,Ever_Unspecified,Ever,0,33.75,0,True
MSKCC_2020,P-0005881-T02-IM5,P-0005881,Female,0,64.0,64.0,0,0,Ever_Unspecified,Ever,0,50.0,0,True
MSKCC_2020,P-0005927-T01-IM5,P-0005927,Female,0,60.0,60.0,0,0,Ever_Unspecified,Ever,0,90.0,0,True
MSKCC_2020,P-0005942-T01-IM5,P-0005942,Female,0,82.0,82.0,0,0,Ever_Unspecified,Ever,0,26.25,0,True
MSKCC_2020,P-0005975-T01-IM5,P-0005975,Female,0,80.0,80.0,0,0,Ever_Unspecified,Ever,0,10.0,0,True
MSKCC_2020,P-0006002-T01-IM5,P-0006002,Female,0,76.0,76.0,0,0,Never,Never,0,0.0,0,True
MSKCC_2020,P-0006028-T01-IM5,P-0006028,Female,0,85.0,85.0,0,0,Never,Never,0,0.0,0,True
MSKCC_2020,P-0006060-T01-IM5,P-0006060,Female,0,67.0,67.0,0,0,Ever_Unspecified,Ever,0,62.5,0,True
MSKCC_2020,P-0006115-T01-IM5,P-0006115,Female,0,58.0,58.0,0,0,Ever_Unspecified,Ever,0,27.0,0,True
MSKCC_2020,P-0006127-T01-IM5,P-0006127,Male,1,72.0,72.0,0,0,Ever_Unspecified,Ever,0,5.0,0,True
MSKCC_2020,P-0006139-T01-IM5,P-0006139,Female,0,76.0,76.0,0,0,Never,Never,0,0.0,0,True
MSKCC_2020,P-0006140-T01-IM5,P-0006140,Female,0,65.0,65.0,0,0,Ever_Unspecified,Ever,0,4.0,0,True
MSKCC_2020,P-0006210-T01-IM5,P-0006210,Female,0,65.0,65.0,0,0,Ever_Unspecified,Ever,0,3.5,0,True
MSKCC_2020,P-0006343-T01-IM5,P-0006343,Female,0,60.0,60.0,0,0,Ever_Unspecified,Ever,0,44.0,0,True
MSKCC_2020,P-0006421-T01-IM5,P-0006421,Female,0,73.0,73.0,0,0,Ever_Unspecified,Ever,0,61.0,0,True
MSKCC_2020,P-0006485-T01-IM5,P-0006485,Female,0,83.0,83.0,0,0,Ever_Unspecified,Ever,0,50.0,0,True
MSKCC_2020,P-0006640-T01-IM5,P-0006640,Female,0,83.0,83.0,0,0,Ever_Unspecified,Ever,0,1.2,0,True
MSKCC_2020,P-0006747-T01-IM5,P-0006747,Female,0,66.0,66.0,0,0,Ever_Unspecified,Ever,0,25.0,0,True
MSKCC_2020,P-0006768-T01-IM5,P-0006768,Male,1,65.0,65.0,0,0,Ever_Unspecified,Ever,0,26.0,0,True
MSKCC_2020,P-0006793-T01-IM5,P-0006793,Female,0,50.0,50.0,0,0,Ever_Unspecified,Ever,0,15.0,0,True
MSKCC_2020,P-0006912-T01-IM5,P-0006912,Female,0,75.0,75.0,0,0,Never,Never,0,0.0,0,True
MSKCC_2020,P-0006920-T01-IM5,P-0006920,Male,1,73.0,73.0,0,0,Ever_Unspecified,Ever,0,0.4,0,True
MSKCC_2020,P-0006969-T01-IM5,P-0006969,Male,1,79.0,79.0,0,0,Ever_Unspecified,Ever,0,30.0,0,True
MSKCC_2020,P-0007004-T01-IM5,P-0007004,Female,0,63.0,63.0,0,0,Ever_Unspecified,Ever,0,51.0,0,True
MSKCC_2020,P-0007074-T01-IM5,P-0007074,Female,0,65.0,65.0,0,0,Ever_Unspecified,Ever,0,17.5,0,True
MSKCC_2020,P-0007080-T03-IM6,P-0007080,Female,0,63.0,63.0,0,0,Never,Never,0,0.0,0,True
MSKCC_2020,P-0007121-T01-IM5,P-0007121,Female,0,57.0,57.0,0,0,Ever_Unspecified,Ever,0,30.0,0,True
MSKCC_2020,P-0007328-T01-IM5,P-0007328,Male,1,59.0,59.0,0,0,Ever_Unspecified,Ever,0,34.0,0,True
MSKCC_2020,P-0007542-T01-IM5,P-0007542,Female,0,62.0,62.0,0,0,Ever_Unspecified,Ever,0,33.75,0,True
MSKCC_2020,P-0007545-T01-IM5,P-0007545,Female,0,72.0,72.0,0,0,Ever_Unspecified,Ever,0,5.0,0,True
MSKCC_2020,P-0007638-T01-IM5,P-0007638,Female,0,69.0,69.0,0,0,Ever_Unspecified,Ever,0,19.2,0,True
MSKCC_2020,P-0007776-T01-IM5,P-0007776,Female,0,72.0,72.0,0,0,Ever_Unspecified,Ever,0,16.0,0,True
MSKCC_2020,P-0007779-T01-IM5,P-0007779,Female,0,70.0,70.0,0,0,Ever_Unspecified,Ever,0,30.0,0,True
MSKCC_2020,P-0007816-T01-IM5,P-0007816,Female,0,78.0,78.0,0,0,Ever_Unspecified,Ever,0,2.3,0,True
MSKCC_2020,P-0007846-T01-IM5,P-0007846,Female,0,70.0,70.0,0,0,Ever_Unspecified,Ever,0,2.5,0,True
MSKCC_2020,P-0007896-T01-IM5,P-0007896,Female,0,83.0,83.0,0,0,Never,Never,0,0.0,0,True
MSKCC_2020,P-0007916-T01-IM5,P-0007916,Male,1,67.0,67.0,0,0,Ever_Unspecified,Ever,0,56.25,0,True
MSKCC_2020,P-0008002-T01-IM5,P-0008002,Male,1,71.0,71.0,0,0,Ever_Unspecified,Ever,0,60.0,0,True
MSKCC_2020,P-0008029-T01-IM5,P-0008029,Male,1,71.0,71.0,0,0,Ever_Unspecified,Ever,0,100.0,0,True
MSKCC_2020,P-0008176-T01-IM5,P-0008176,Female,0,70.0,70.0,0,0,Never,Never,0,0.0,0,True
MSKCC_2020,P-0008440-T01-IM5,P-0008440,Female,0,65.0,65.0,0,0,Ever_Unspecified,Ever,0,0.75,0,True
MSKCC_2020,P-0008553-T01-IM5,P-0008553,Female,0,50.0,50.0,0,0,Ever_Unspecified,Ever,0,20.0,0,True
MSKCC_2020,P-0008576-T01-IM5,P-0008576,Female,0,72.0,72.0,0,0,Ever_Unspecified,Ever,0,54.0,0,True
MSKCC_2020,P-0008577-T02-IM5,P-0008577,Female,0,61.0,61.0,0,0,Ever_Unspecified,Ever,0,11.6,0,True
MSKCC_2020,P-0008601-T01-IM5,P-0008601,Male,1,59.0,59.0,0,0,Never,Never,0,0.0,0,True
MSKCC_2020,P-0008664-T01-IM5,P-0008664,Female,0,58.0,58.0,0,0,Never,Never,0,0.0,0,True
MSKCC_2020,P-0008957-T01-IM5,P-0008957,Male,1,69.0,69.0,0,0,Ever_Unspecified,Ever,0,82.5,0,True
MSKCC_2020,P-0009042-T01-IM5,P-0009042,Female,0,70.0,70.0,0,0,Ever_Unspecified,Ever,0,7.0,0,True
MSKCC_2020,P-0009092-T01-IM5,P-0009092,Female,0,59.0,59.0,0,0,Ever_Unspecified,Ever,0,30.0,0,True
MSKCC_2020,P-0009194-T01-IM5,P-0009194,Male,1,70.0,70.0,0,0,Ever_Unspecified,Ever,0,120.0,0,True
MSKCC_2020,P-0009260-T01-IM5,P-0009260,Female,0,79.0,79.0,0,0,Ever_Unspecified,Ever,0,20.0,0,True
MSKCC_2020,P-0009289-T01-IM5,P-0009289,Male,1,70.0,70.0,0,0,Ever_Unspecified,Ever,0,50.0,0,True
MSKCC_2020,P-0009312-T01-IM5,P-0009312,Male,1,51.0,51.0,0,0,Ever_Unspecified,Ever,0,3.75,0,True
MSKCC_2020,P-0009313-T01-IM5,P-0009313,Female,0,71.0,71.0,0,0,Ever_Unspecified,Ever,0,60.0,0,True
MSKCC_2020,P-0009358-T01-IM5,P-0009358,Female,0,72.0,72.0,0,0,Ever_Unspecified,Ever,0,6.8,0,True
MSKCC_2020,P-0009422-T01-IM5,P-0009422,Female,0,79.0,79.0,0,0,Ever_Unspecified,Ever,0,12.5,0,True
MSKCC_2020,P-0009462-T01-IM5,P-0009462,Male,1,74.0,74.0,0,0,Ever_Unspecified,Ever,0,9.0,0,True
MSKCC_2020,P-0009590-T01-IM5,P-0009590,Female,0,70.0,70.0,0,0,Ever_Unspecified,Ever,0,22.0,0,True
MSKCC_2020,P-0009633-T01-IM5,P-0009633,Female,0,60.0,60.0,0,0,Ever_Unspecified,Ever,0,15.0,0,True
MSKCC_2020,P-0009643-T01-IM5,P-0009643,Male,1,80.0,80.0,0,0,Ever_Unspecified,Ever,0,20.0,0,True
MSKCC_2020,P-0009823-T01-IM5,P-0009823,Male,1,78.0,78.0,0,0,Ever_Unspecified,Ever,0,15.0,0,True
MSKCC_2020,P-0009894-T01-IM5,P-0009894,Male,1,69.0,69.0,0,0,Ever_Unspecified,Ever,0,105.0,0,True
MSKCC_2020,P-0009920-T01-IM5,P-0009920,Female,0,78.0,78.0,0,0,Ever_Unspecified,Ever,0,50.0,0,True
MSKCC_2020,P-0009937-T01-IM5,P-0009937,Female,0,63.0,63.0,0,0,Ever_Unspecified,Ever,0,60.0,0,True
MSKCC_2020,P-0009957-T01-IM5,P-0009957,Female,0,65.0,65.0,0,0,Never,Never,0,0.0,0,True
MSKCC_2020,P-0009975-T01-IM5,P-0009975,Female,0,75.0,75.0,0,0,Ever_Unspecified,Ever,0,32.0,0,True
MSKCC_2020,P-0010131-T01-IM5,P-0010131,Female,0,65.0,65.0,0,0,Never,Never,0,0.0,0,True
MSKCC_2020,P-0010133-T01-IM5,P-0010133,Female,0,73.0,73.0,0,0,Never,Never,0,0.0,0,True
MSKCC_2020,P-0010169-T01-IM5,P-0010169,Male,1,82.0,82.0,0,0,Ever_Unspecified,Ever,0,0.75,0,True
MSKCC_2020,P-0010210-T02-IM5,P-0010210,Female,0,64.0,64.0,0,0,Ever_Unspecified,Ever,0,27.0,0,True
MSKCC_2020,P-0010253-T01-IM5,P-0010253,Female,0,75.0,75.0,0,0,Ever_Unspecified,Ever,0,49.5,0,True
MSKCC_2020,P-0010300-T01-IM5,P-0010300,Male,1,53.0,53.0,0,0,Never,Never,0,0.0,0,True
MSKCC_2020,P-0010307-T01-IM5,P-0010307,Male,1,64.0,64.0,0,0,Ever_Unspecified,Ever,0,70.0,0,True
MSKCC_2020,P-0010328-T01-IM5,P-0010328,Male,1,66.0,66.0,0,0,Never,Never,0,0.0,0,True
MSKCC_2020,P-0010345-T01-IM5,P-0010345,Male,1,72.0,72.0,0,0,Ever_Unspecified,Ever,0,7.5,0,True
MSKCC_2020,P-0010359-T01-IM5,P-0010359,Male,1,60.0,60.0,0,0,Ever_Unspecified,Ever,0,20.0,0,True
MSKCC_2020,P-0010404-T01-IM5,P-0010404,Male,1,66.0,66.0,0,0,Ever_Unspecified,Ever,0,20.0,0,True
MSKCC_2020,P-0010507-T01-IM5,P-0010507,Male,1,81.0,81.0,0,0,Never,Never,0,0.0,0,True
MSKCC_2020,P-0010522-T01-IM5,P-0010522,Male,1,70.0,70.0,0,0,Ever_Unspecified,Ever,0,15.0,0,True
MSKCC_2020,P-0010611-T01-IM5,P-0010611,Female,0,63.0,63.0,0,0,Ever_Unspecified,Ever,0,30.0,0,True
MSKCC_2020,P-0010632-T01-IM5,P-0010632,Male,1,68.0,68.0,0,0,Ever_Unspecified,Ever,0,28.5,0,True
MSKCC_2020,P-0010675-T01-IM5,P-0010675,Male,1,57.0,57.0,0,0,Ever_Unspecified,Ever,0,13.0,0,True
MSKCC_2020,P-0010741-T01-IM5,P-0010741,Male,1,77.0,77.0,0,0,Ever_Unspecified,Ever,0,27.5,0,True
MSKCC_2020,P-0010785-T01-IM5,P-0010785,Male,1,77.0,77.0,0,0,Ever_Unspecified,Ever,0,15.0,0,True
MSKCC_2020,P-0010841-T01-IM5,P-0010841,Female,0,61.0,61.0,0,0,Never,Never,0,0.0,0,True
MSKCC_2020,P-0010927-T02-IM5,P-0010927,Female,0,62.0,62.0,0,0,Ever_Unspecified,Ever,0,8.0,0,True
MSKCC_2020,P-0010976-T01-IM5,P-0010976,Female,0,69.0,69.0,0,0,Ever_Unspecified,Ever,0,19.0,0,True
MSKCC_2020,P-0010980-T01-IM5,P-0010980,Female,0,73.0,73.0,0,0,Ever_Unspecified,Ever,0,9.9,0,True
MSKCC_2020,P-0011005-T01-IM5,P-0011005,Male,1,65.0,65.0,0,0,Ever_Unspecified,Ever,0,46.25,0,True
MSKCC_2020,P-0011041-T01-IM5,P-0011041,Female,0,82.0,82.0,0,0,Ever_Unspecified,Ever,0,84.0,0,True
MSKCC_2020,P-0011150-T01-IM5,P-0011150,Male,1,78.0,78.0,0,0,Ever_Unspecified,Ever,0,27.0,0,True
MSKCC_2020,P-0011157-T01-IM5,P-0011157,Male,1,80.0,80.0,0,0,Ever_Unspecified,Ever,0,36.0,0,True
MSKCC_2020,P-0011183-T01-IM5,P-0011183,Female,0,77.0,77.0,0,0,Ever_Unspecified,Ever,0,30.0,0,True
MSKCC_2020,P-0011234-T02-IM5,P-0011234,Female,0,72.0,72.0,0,0,Never,Never,0,0.0,0,True
MSKCC_2020,P-0011236-T01-IM5,P-0011236,Female,0,65.0,65.0,0,0,Ever_Unspecified,Ever,0,50.0,0,True
MSKCC_2020,P-0011327-T02-IM5,P-0011327,Female,0,64.0,64.0,0,0,Never,Never,0,0.0,0,True
MSKCC_2020,P-0011413-T01-IM5,P-0011413,Male,1,82.0,82.0,0,0,Never,Never,0,0.0,0,True
MSKCC_2020,P-0011461-T01-IM5,P-0011461,Female,0,60.0,60.0,0,0,Ever_Unspecified,Ever,0,43.0,0,True
MSKCC_2020,P-0012056-T01-IM5,P-0012056,Male,1,62.0,62.0,0,0,Ever_Unspecified,Ever,0,72.0,0,True
MSKCC_2020,P-0012065-T01-IM5,P-0012065,Male,1,43.0,43.0,0,0,Ever_Unspecified,Ever,0,19.0,0,True
MSKCC_2020,P-0012079-T01-IM5,P-0012079,Female,0,56.0,56.0,0,0,Ever_Unspecified,Ever,0,42.0,0,True
MSKCC_2020,P-0012088-T01-IM5,P-0012088,Male,1,77.0,77.0,0,0,Ever_Unspecified,Ever,0,32.0,0,True
MSKCC_2020,P-0012089-T01-IM5,P-0012089,Female,0,61.0,61.0,0,0,Never,Never,0,0.0,0,True
MSKCC_2020,P-0012111-T01-IM5,P-0012111,Female,0,62.0,62.0,0,0,Never,Never,0,0.0,0,True
MSKCC_2020,P-0012161-T01-IM5,P-0012161,Male,1,57.0,57.0,0,0,Ever_Unspecified,Ever,0,30.0,0,True
MSKCC_2020,P-0012308-T01-IM5,P-0012308,Male,1,82.0,82.0,0,0,Ever_Unspecified,Ever,0,30.0,0,True
MSKCC_2020,P-0012439-T01-IM5,P-0012439,Female,0,70.0,70.0,0,0,Ever_Unspecified,Ever,0,0.625,0,True
MSKCC_2020,P-0012456-T01-IM5,P-0012456,Male,1,75.0,75.0,0,0,Ever_Unspecified,Ever,0,4.0,0,True
MSKCC_2020,P-0012476-T02-IM6,P-0012476,Female,0,80.0,80.0,0,0,Ever_Unspecified,Ever,0,50.0,0,True
MSKCC_2020,P-0012540-T01-IM5,P-0012540,Male,1,68.0,68.0,0,0,Ever_Unspecified,Ever,0,100.0,0,True
MSKCC_2020,P-0012569-T01-IM5,P-0012569,Female,0,76.0,76.0,0,0,Ever_Unspecified,Ever,0,25.0,0,True
MSKCC_2020,P-0012592-T01-IM5,P-0012592,Female,0,62.0,62.0,0,0,Never,Never,0,0.0,0,True
MSKCC_2020,P-0012649-T01-IM5,P-0012649,Female,0,72.0,72.0,0,0,Ever_Unspecified,Ever,0,112.0,0,True
MSKCC_2020,P-0012664-T01-IM5,P-0012664,Female,0,58.0,58.0,0,0,Never,Never,0,0.0,0,True
MSKCC_2020,P-0012739-T02-IM6,P-0012739,Male,1,73.0,73.0,0,0,Ever_Unspecified,Ever,0,25.0,0,True
MSKCC_2020,P-0012746-T01-IM5,P-0012746,Female,0,59.0,59.0,0,0,Ever_Unspecified,Ever,0,29.25,0,True
MSKCC_2020,P-0012757-T01-IM5,P-0012757,Female,0,56.0,56.0,0,0,Ever_Unspecified,Ever,0,4.25,0,True
MSKCC_2020,P-0012788-T01-IM5,P-0012788,Female,0,69.0,69.0,0,0,Ever_Unspecified,Ever,0,12.9,0,True
MSKCC_2020,P-0012913-T01-IM5,P-0012913,Female,0,74.0,74.0,0,0,Ever_Unspecified,Ever,0,40.0,0,True
MSKCC_2020,P-0012922-T01-IM5,P-0012922,Female,0,65.0,65.0,0,0,Ever_Unspecified,Ever,0,20.0,0,True
MSKCC_2020,P-0013016-T01-IM5,P-0013016,Female,0,73.0,73.0,0,0,Never,Never,0,0.0,0,True
MSKCC_2020,P-0013142-T01-IM5,P-0013142,Female,0,63.0,63.0,0,0,Ever_Unspecified,Ever,0,47.0,0,True
MSKCC_2020,P-0013273-T02-IM5,P-0013273,Female,0,69.0,69.0,0,0,Never,Never,0,0.0,0,True
MSKCC_2020,P-0013295-T01-IM5,P-0013295,Female,0,76.0,76.0,0,0,Ever_Unspecified,Ever,0,6.0,0,True
MSKCC_2020,P-0013338-T01-IM5,P-0013338,Female,0,66.0,66.0,0,0,Ever_Unspecified,Ever,0,50.0,0,True
MSKCC_2020,P-0013376-T01-IM5,P-0013376,Female,0,71.0,71.0,0,0,Ever_Unspecified,Ever,0,62.0,0,True
MSKCC_2020,P-0013460-T02-IM5,P-0013460,Male,1,57.0,57.0,0,0,Ever_Unspecified,Ever,0,60.0,0,True
MSKCC_2020,P-0013509-T01-IM5,P-0013509,Female,0,72.0,72.0,0,0,Ever_Unspecified,Ever,0,40.0,0,True
MSKCC_2020,P-0013511-T01-IM5,P-0013511,Male,1,63.0,63.0,0,0,Ever_Unspecified,Ever,0,20.7,0,True
MSKCC_2020,P-0013531-T01-IM5,P-0013531,Male,1,64.0,64.0,0,0,Ever_Unspecified,Ever,0,8.0,0,True
MSKCC_2020,P-0013534-T01-IM5,P-0013534,Female,0,78.0,78.0,0,0,Ever_Unspecified,Ever,0,6.0,0,True
MSKCC_2020,P-0013696-T01-IM5,P-0013696,Male,1,67.0,67.0,0,0,Ever_Unspecified,Ever,0,79.5,0,True
MSKCC_2020,P-0013701-T01-IM5,P-0013701,Female,0,71.0,71.0,0,0,Ever_Unspecified,Ever,0,60.0,0,True
MSKCC_2020,P-0013702-T01-IM5,P-0013702,Female,0,70.0,70.0,0,0,Ever_Unspecified,Ever,0,110.0,0,True
MSKCC_2020,P-0013705-T01-IM5,P-0013705,Male,1,78.0,78.0,0,0,Ever_Unspecified,Ever,0,60.0,0,True
MSKCC_2020,P-0013708-T01-IM5,P-0013708,Female,0,75.0,75.0,0,0,Never,Never,0,0.0,0,True
MSKCC_2020,P-0013710-T01-IM5,P-0013710,Female,0,69.0,69.0,0,0,Ever_Unspecified,Ever,0,27.0,0,True
MSKCC_2020,P-0013752-T01-IM5,P-0013752,Female,0,68.0,68.0,0,0,Ever_Unspecified,Ever,0,22.0,0,True
MSKCC_2020,P-0013759-T01-IM5,P-0013759,Female,0,56.0,56.0,0,0,Never,Never,0,0.0,0,True
MSKCC_2020,P-0013794-T01-IM5,P-0013794,Male,1,75.0,75.0,0,0,Ever_Unspecified,Ever,0,50.0,0,True
MSKCC_2020,P-0013813-T01-IM5,P-0013813,Male,1,76.0,76.0,0,0,Ever_Unspecified,Ever,0,34.0,0,True
MSKCC_2020,P-0013867-T01-IM5,P-0013867,Male,1,61.0,61.0,0,0,Ever_Unspecified,Ever,0,23.0,0,True
MSKCC_2020,P-0013872-T01-IM5,P-0013872,Female,0,73.0,73.0,0,0,Ever_Unspecified,Ever,0,15.0,0,True
MSKCC_2020,P-0013900-T01-IM5,P-0013900,Male,1,66.0,66.0,0,0,Ever_Unspecified,Ever,0,22.5,0,True
MSKCC_2020,P-0013966-T01-IM5,P-0013966,Female,0,63.0,63.0,0,0,Never,Never,0,0.0,0,True
MSKCC_2020,P-0013978-T02-IM6,P-0013978,Male,1,70.0,70.0,0,0,Ever_Unspecified,Ever,0,29.0,0,True
MSKCC_2020,P-0013993-T01-IM5,P-0013993,Female,0,76.0,76.0,0,0,Ever_Unspecified,Ever,0,15.0,0,True
MSKCC_2020,P-0014089-T01-IM5,P-0014089,Female,0,60.0,60.0,0,0,Ever_Unspecified,Ever,0,45.0,0,True
MSKCC_2020,P-0014135-T02-IM5,P-0014135,Female,0,70.0,70.0,0,0,Ever_Unspecified,Ever,0,37.5,0,True
MSKCC_2020,P-0014221-T01-IM6,P-0014221,Male,1,81.0,81.0,0,0,Ever_Unspecified,Ever,0,100.0,0,True
MSKCC_2020,P-0014222-T01-IM6,P-0014222,Female,0,50.0,50.0,0,0,Ever_Unspecified,Ever,0,22.5,0,True
MSKCC_2020,P-0014223-T02-IM6,P-0014223,Female,0,57.0,57.0,0,0,Never,Never,0,0.0,0,True
MSKCC_2020,P-0014232-T01-IM6,P-0014232,Male,1,59.0,59.0,0,0,Ever_Unspecified,Ever,0,25.5,0,True
MSKCC_2020,P-0014239-T01-IM6,P-0014239,Male,1,72.0,72.0,0,0,Ever_Unspecified,Ever,0,52.0,0,True
MSKCC_2020,P-0014257-T01-IM6,P-0014257,Female,0,74.0,74.0,0,0,Ever_Unspecified,Ever,0,15.0,0,True
MSKCC_2020,P-0014266-T01-IM6,P-0014266,Female,0,73.0,73.0,0,0,Ever_Unspecified,Ever,0,1.0,0,True
MSKCC_2020,P-0014285-T03-IM6,P-0014285,Female,0,61.0,61.0,0,0,Ever_Unspecified,Ever,0,15.0,0,True
MSKCC_2020,P-0014297-T01-IM6,P-0014297,Male,1,71.0,71.0,0,0,Ever_Unspecified,Ever,0,20.0,0,True
MSKCC_2020,P-0014413-T01-IM6,P-0014413,Female,0,72.0,72.0,0,0,Ever_Unspecified,Ever,0,45.0,0,True
MSKCC_2020,P-0014430-T01-IM6,P-0014430,Female,0,67.0,67.0,0,0,Ever_Unspecified,Ever,0,105.0,0,True
MSKCC_2020,P-0014437-T01-IM6,P-0014437,Female,0,61.0,61.0,0,0,Never,Never,0,0.0,0,True
MSKCC_2020,P-0014453-T02-IM6,P-0014453,Male,1,71.0,71.0,0,0,Ever_Unspecified,Ever,0,20.0,0,True
MSKCC_2020,P-0014496-T01-IM6,P-0014496,Male,1,79.0,79.0,0,0,Ever_Unspecified,Ever,0,15.0,0,True
MSKCC_2020,P-0014502-T01-IM6,P-0014502,Female,0,73.0,73.0,0,0,Never,Never,0,0.0,0,True
MSKCC_2020,P-0014525-T01-IM6,P-0014525,Female,0,79.0,79.0,0,0,Never,Never,0,0.0,0,True
MSKCC_2020,P-0014572-T01-IM6,P-0014572,Female,0,78.0,78.0,0,0,Ever_Unspecified,Ever,0,40.0,0,True
MSKCC_2020,P-0014612-T01-IM6,P-0014612,Male,1,72.0,72.0,0,0,Ever_Unspecified,Ever,0,20.0,0,True
MSKCC_2020,P-0014614-T01-IM6,P-0014614,Female,0,74.0,74.0,0,0,Ever_Unspecified,Ever,0,17.0,0,True
MSKCC_2020,P-0014688-T01-IM6,P-0014688,Female,0,76.0,76.0,0,0,Never,Never,0,0.0,0,True
MSKCC_2020,P-0014805-T01-IM6,P-0014805,Female,0,66.0,66.0,0,0,Ever_Unspecified,Ever,0,25.0,0,True
MSKCC_2020,P-0014817-T02-IM6,P-0014817,Female,0,63.0,63.0,0,0,Ever_Unspecified,Ever,0,50.0,0,True
MSKCC_2020,P-0014875-T01-IM6,P-0014875,Female,0,52.0,52.0,0,0,Never,Never,0,0.0,0,True
MSKCC_2020,P-0014878-T01-IM6,P-0014878,Male,1,70.0,70.0,0,0,Never,Never,0,0.0,0,True
MSKCC_2020,P-0014990-T01-IM6,P-0014990,Female,0,74.0,74.0,0,0,Ever_Unspecified,Ever,0,30.0,0,True
MSKCC_2020,P-0015018-T01-IM6,P-0015018,Female,0,55.0,55.0,0,0,Ever_Unspecified,Ever,0,20.0,0,True
MSKCC_2020,P-0015056-T01-IM6,P-0015056,Female,0,59.0,59.0,0,0,Ever_Unspecified,Ever,0,7.0,0,True
MSKCC_2020,P-0015073-T01-IM6,P-0015073,Male,1,81.0,81.0,0,0,Ever_Unspecified,Ever,0,24.0,0,True
MSKCC_2020,P-0015112-T01-IM6,P-0015112,Female,0,79.0,79.0,0,0,Ever_Unspecified,Ever,0,52.5,0,True
MSKCC_2020,P-0015256-T01-IM6,P-0015256,Female,0,73.0,73.0,0,0,Ever_Unspecified,Ever,0,50.0,0,True
MSKCC_2020,P-0015332-T01-IM6,P-0015332,Female,0,55.0,55.0,0,0,Ever_Unspecified,Ever,0,4.0,0,True
MSKCC_2020,P-0015352-T01-IM6,P-0015352,Male,1,72.0,72.0,0,0,Ever_Unspecified,Ever,0,2.5,0,True
MSKCC_2020,P-0015358-T01-IM6,P-0015358,Female,0,66.0,66.0,0,0,Ever_Unspecified,Ever,0,60.0,0,True
MSKCC_2020,P-0015360-T02-IM6,P-0015360,Male,1,70.0,70.0,0,0,Ever_Unspecified,Ever,0,69.0,0,True
MSKCC_2020,P-0015368-T01-IM6,P-0015368,Male,1,69.0,69.0,0,0,Ever_Unspecified,Ever,0,30.0,0,True
MSKCC_2020,P-0015388-T01-IM6,P-0015388,Male,1,78.0,78.0,0,0,Ever_Unspecified,Ever,0,7.5,0,True
MSKCC_2020,P-0015431-T01-IM6,P-0015431,Male,1,79.0,79.0,0,0,Ever_Unspecified,Ever,0,64.0,0,True
MSKCC_2020,P-0015454-T01-IM6,P-0015454,Male,1,80.0,80.0,0,0,Ever_Unspecified,Ever,0,24.0,0,True
MSKCC_2020,P-0015470-T01-IM6,P-0015470,Male,1,65.0,65.0,0,0,Never,Never,0,0.0,0,True
MSKCC_2020,P-0015576-T02-IM6,P-0015576,Male,1,66.0,66.0,0,0,Ever_Unspecified,Ever,0,27.0,0,True
MSKCC_2020,P-0015578-T01-IM6,P-0015578,Male,1,77.0,77.0,0,0,Ever_Unspecified,Ever,0,120.0,0,True
MSKCC_2020,P-0015592-T01-IM6,P-0015592,Male,1,66.0,66.0,0,0,Ever_Unspecified,Ever,0,16.5,0,True
MSKCC_2020,P-0015677-T01-IM6,P-0015677,Female,0,79.0,79.0,0,0,Ever_Unspecified,Ever,0,10.0,0,True
MSKCC_2020,P-0015815-T01-IM6,P-0015815,Male,1,70.0,70.0,0,0,Ever_Unspecified,Ever,0,31.25,0,True
MSKCC_2020,P-0015862-T01-IM6,P-0015862,Male,1,72.0,72.0,0,0,Ever_Unspecified,Ever,0,66.0,0,True
MSKCC_2020,P-0015934-T01-IM6,P-0015934,Female,0,71.0,71.0,0,0,Ever_Unspecified,Ever,0,37.5,0,True
MSKCC_2020,P-0015973-T01-IM6,P-0015973,Female,0,68.0,68.0,0,0,Ever_Unspecified,Ever,0,48.0,0,True
MSKCC_2020,P-0016021-T01-IM6,P-0016021,Female,0,58.0,58.0,0,0,Ever_Unspecified,Ever,0,15.0,0,True
MSKCC_2020,P-0016026-T01-IM6,P-0016026,Male,1,82.0,82.0,0,0,Ever_Unspecified,Ever,0,,1,True
MSKCC_2020,P-0016036-T01-IM6,P-0016036,Female,0,82.0,82.0,0,0,Ever_Unspecified,Ever,0,48.0,0,True
MSKCC_2020,P-0016043-T02-IM6,P-0016043,Male,1,61.0,61.0,0,0,Ever_Unspecified,Ever,0,43.0,0,True
MSKCC_2020,P-0016050-T01-IM6,P-0016050,Female,0,74.0,74.0,0,0,Ever_Unspecified,Ever,0,10.0,0,True
MSKCC_2020,P-0016165-T01-IM6,P-0016165,Male,1,73.0,73.0,0,0,Never,Never,0,0.0,0,True
MSKCC_2020,P-0016172-T01-IM6,P-0016172,Female,0,67.0,67.0,0,0,Ever_Unspecified,Ever,0,20.0,0,True
MSKCC_2020,P-0016173-T01-IM6,P-0016173,Female,0,50.0,50.0,0,0,Ever_Unspecified,Ever,0,13.0,0,True
MSKCC_2020,P-0016204-T01-IM6,P-0016204,Female,0,45.0,45.0,0,0,Never,Never,0,0.0,0,True
MSKCC_2020,P-0016250-T01-IM6,P-0016250,Female,0,68.0,68.0,0,0,Ever_Unspecified,Ever,0,15.0,0,True
MSKCC_2020,P-0016309-T01-IM6,P-0016309,Female,0,78.0,78.0,0,0,Ever_Unspecified,Ever,0,11.0,0,True
MSKCC_2020,P-0016368-T01-IM6,P-0016368,Female,0,65.0,65.0,0,0,Ever_Unspecified,Ever,0,37.5,0,True
MSKCC_2020,P-0016398-T01-IM6,P-0016398,Female,0,64.0,64.0,0,0,Ever_Unspecified,Ever,0,3.7,0,True
MSKCC_2020,P-0016464-T01-IM6,P-0016464,Male,1,70.0,70.0,0,0,Ever_Unspecified,Ever,0,60.0,0,True
MSKCC_2020,P-0016471-T01-IM6,P-0016471,Female,0,74.0,74.0,0,0,Ever_Unspecified,Ever,0,22.5,0,True
MSKCC_2020,P-0016527-T01-IM6,P-0016527,Male,1,58.0,58.0,0,0,Ever_Unspecified,Ever,0,30.0,0,True
MSKCC_2020,P-0016539-T01-IM6,P-0016539,Female,0,80.0,80.0,0,0,Ever_Unspecified,Ever,0,25.0,0,True
MSKCC_2020,P-0016544-T01-IM6,P-0016544,Female,0,84.0,84.0,0,0,Ever_Unspecified,Ever,0,50.0,0,True
MSKCC_2020,P-0016613-T04-IM6,P-0016613,Female,0,65.0,65.0,0,0,Ever_Unspecified,Ever,0,48.0,0,True
MSKCC_2020,P-0016736-T01-IM6,P-0016736,Male,1,71.0,71.0,0,0,Never,Never,0,0.0,0,True
MSKCC_2020,P-0016781-T01-IM6,P-0016781,Female,0,87.0,87.0,0,0,Ever_Unspecified,Ever,0,25.0,0,True
MSKCC_2020,P-0016867-T01-IM6,P-0016867,Female,0,64.0,64.0,0,0,Ever_Unspecified,Ever,0,41.0,0,True
MSKCC_2020,P-0017038-T01-IM6,P-0017038,Male,1,77.0,77.0,0,0,Never,Never,0,0.0,0,True
MSKCC_2020,P-0017049-T01-IM6,P-0017049,Female,0,45.0,45.0,0,0,Ever_Unspecified,Ever,0,13.5,0,True
MSKCC_2020,P-0017231-T01-IM6,P-0017231,Female,0,74.0,74.0,0,0,Ever_Unspecified,Ever,0,10.0,0,True
MSKCC_2020,P-0017321-T01-IM6,P-0017321,Female,0,55.0,55.0,0,0,Never,Never,0,0.0,0,True
MSKCC_2020,P-0017322-T03-IM6,P-0017322,Female,0,66.0,66.0,0,0,Ever_Unspecified,Ever,0,22.5,0,True
MSKCC_2020,P-0017324-T01-IM6,P-0017324,Female,0,71.0,71.0,0,0,Ever_Unspecified,Ever,0,28.75,0,True
MSKCC_2020,P-0017328-T01-IM6,P-0017328,Female,0,65.0,65.0,0,0,Ever_Unspecified,Ever,0,0.45,0,True
MSKCC_2020,P-0017369-T01-IM6,P-0017369,Female,0,71.0,71.0,0,0,Ever_Unspecified,Ever,0,40.0,0,True
MSKCC_2020,P-0017389-T01-IM6,P-0017389,Female,0,48.0,48.0,0,0,Ever_Unspecified,Ever,0,13.5,0,True
MSKCC_2020,P-0017437-T01-IM6,P-0017437,Female,0,66.0,66.0,0,0,Ever_Unspecified,Ever,0,1.875,0,True
MSKCC_2020,P-0017448-T01-IM6,P-0017448,Female,0,57.0,57.0,0,0,Ever_Unspecified,Ever,0,45.0,0,True
MSKCC_2020,P-0017500-T01-IM6,P-0017500,Female,0,69.0,69.0,0,0,Ever_Unspecified,Ever,0,18.0,0,True
MSKCC_2020,P-0017523-T02-IM6,P-0017523,Male,1,66.0,66.0,0,0,Ever_Unspecified,Ever,0,11.25,0,True
MSKCC_2020,P-0017534-T01-IM5,P-0017534,Female,0,78.0,78.0,0,0,Never,Never,0,0.0,0,True
MSKCC_2020,P-0017546-T01-IM5,P-0017546,Female,0,81.0,81.0,0,0,Ever_Unspecified,Ever,0,15.0,0,True
MSKCC_2020,P-0017633-T01-IM5,P-0017633,Female,0,42.0,42.0,0,0,Never,Never,0,0.0,0,True
MSKCC_2020,P-0017803-T01-IM6,P-0017803,Male,1,80.0,80.0,0,0,Ever_Unspecified,Ever,0,4.65,0,True
MSKCC_2020,P-0017904-T01-IM6,P-0017904,Female,0,54.0,54.0,0,0,Never,Never,0,0.0,0,True
MSKCC_2020,P-0017915-T01-IM6,P-0017915,Female,0,71.0,71.0,0,0,Ever_Unspecified,Ever,0,105.0,0,True
MSKCC_2020,P-0017973-T01-IM6,P-0017973,Female,0,60.0,60.0,0,0,Ever_Unspecified,Ever,0,21.0,0,True
MSKCC_2020,P-0017976-T01-IM6,P-0017976,Female,0,68.0,68.0,0,0,Never,Never,0,0.0,0,True
MSKCC_2020,P-0017991-T01-IM6,P-0017991,Male,1,73.0,73.0,0,0,Ever_Unspecified,Ever,0,78.0,0,True
MSKCC_2020,P-0018007-T01-IM6,P-0018007,Male,1,52.0,52.0,0,0,Never,Never,0,0.0,0,True
MSKCC_2020,P-0018043-T01-IM6,P-0018043,Female,0,55.0,55.0,0,0,Ever_Unspecified,Ever,0,17.5,0,True
MSKCC_2020,P-0018047-T01-IM6,P-0018047,Female,0,73.0,73.0,0,0,Ever_Unspecified,Ever,0,52.0,0,True
MSKCC_2020,P-0018069-T01-IM6,P-0018069,Male,1,41.0,41.0,0,0,Never,Never,0,0.0,0,True
MSKCC_2020,P-0018171-T01-IM6,P-0018171,Female,0,59.0,59.0,0,0,Ever_Unspecified,Ever,0,33.0,0,True
MSKCC_2020,P-0018196-T01-IM6,P-0018196,Female,0,56.0,56.0,0,0,Ever_Unspecified,Ever,0,1.0,0,True
MSKCC_2020,P-0018201-T01-IM6,P-0018201,Female,0,65.0,65.0,0,0,Ever_Unspecified,Ever,0,7.0,0,True
MSKCC_2020,P-0018327-T01-IM6,P-0018327,Female,0,75.0,75.0,0,0,Ever_Unspecified,Ever,0,75.0,0,True
MSKCC_2020,P-0018460-T01-IM6,P-0018460,Female,0,63.0,63.0,0,0,Never,Never,0,0.0,0,True
MSKCC_2020,P-0018476-T02-IM6,P-0018476,Female,0,70.0,70.0,0,0,Never,Never,0,0.0,0,True
MSKCC_2020,P-0018654-T02-IM6,P-0018654,Male,1,71.0,71.0,0,0,Ever_Unspecified,Ever,0,72.0,0,True
MSKCC_2020,P-0018692-T01-IM6,P-0018692,Female,0,73.0,73.0,0,0,Ever_Unspecified,Ever,0,8.75,0,True
MSKCC_2020,P-0018761-T01-IM6,P-0018761,Female,0,73.0,73.0,0,0,Ever_Unspecified,Ever,0,35.0,0,True
MSKCC_2020,P-0018881-T01-IM6,P-0018881,Female,0,57.0,57.0,0,0,Never,Never,0,0.0,0,True
MSKCC_2020,P-0018967-T01-IM6,P-0018967,Female,0,55.0,55.0,0,0,Ever_Unspecified,Ever,0,30.0,0,True
MSKCC_2020,P-0018972-T01-IM6,P-0018972,Female,0,46.0,46.0,0,0,Ever_Unspecified,Ever,0,8.0,0,True
MSKCC_2020,P-0019111-T01-IM6,P-0019111,Female,0,85.0,85.0,0,0,Ever_Unspecified,Ever,0,25.0,0,True
MSKCC_2020,P-0019131-T01-IM6,P-0019131,Female,0,68.0,68.0,0,0,Never,Never,0,0.0,0,True
MSKCC_2020,P-0019329-T01-IM6,P-0019329,Female,0,65.0,65.0,0,0,Ever_Unspecified,Ever,0,12.0,0,True
MSKCC_2020,P-0019418-T01-IM6,P-0019418,Female,0,77.0,77.0,0,0,Ever_Unspecified,Ever,0,4.0,0,True
MSKCC_2020,P-0019426-T01-IM6,P-0019426,Male,1,68.0,68.0,0,0,Ever_Unspecified,Ever,0,4.5,0,True
MSKCC_2020,P-0019436-T01-IM6,P-0019436,Female,0,64.0,64.0,0,0,Ever_Unspecified,Ever,0,45.0,0,True
MSKCC_2020,P-0019444-T01-IM6,P-0019444,Male,1,57.0,57.0,0,0,Ever_Unspecified,Ever,0,20.0,0,True
MSKCC_2020,P-0019469-T01-IM6,P-0019469,Female,0,70.0,70.0,0,0,Ever_Unspecified,Ever,0,23.0,0,True
MSKCC_2020,P-0019495-T01-IM6,P-0019495,Female,0,59.0,59.0,0,0,Ever_Unspecified,Ever,0,33.75,0,True
MSKCC_2020,P-0019558-T01-IM6,P-0019558,Male,1,68.0,68.0,0,0,Ever_Unspecified,Ever,0,55.5,0,True
MSKCC_2020,P-0019597-T01-IM6,P-0019597,Female,0,71.0,71.0,0,0,Never,Never,0,0.0,0,True
MSKCC_2020,P-0019612-T02-IM6,P-0019612,Male,1,57.0,57.0,0,0,Never,Never,0,0.0,0,True
MSKCC_2020,P-0019676-T01-IM6,P-0019676,Female,0,73.0,73.0,0,0,Ever_Unspecified,Ever,0,18.0,0,True
MSKCC_2020,P-0019802-T01-IM6,P-0019802,Female,0,52.0,52.0,0,0,Never,Never,0,0.0,0,True
MSKCC_2020,P-0019857-T01-IM6,P-0019857,Female,0,66.0,66.0,0,0,Never,Never,0,0.0,0,True
MSKCC_2020,P-0019897-T01-IM6,P-0019897,Female,0,62.0,62.0,0,0,Ever_Unspecified,Ever,0,10.5,0,True
MSKCC_2020,P-0019904-T01-IM6,P-0019904,Female,0,73.0,73.0,0,0,Ever_Unspecified,Ever,0,120.0,0,True
MSKCC_2020,P-0019936-T01-IM6,P-0019936,Female,0,75.0,75.0,0,0,Ever_Unspecified,Ever,0,30.0,0,True
MSKCC_2020,P-0019950-T01-IM6,P-0019950,Female,0,78.0,78.0,0,0,Ever_Unspecified,Ever,0,25.0,0,True
MSKCC_2020,P-0019982-T01-IM6,P-0019982,Female,0,76.0,76.0,0,0,Ever_Unspecified,Ever,0,34.5,0,True
MSKCC_2020,P-0020014-T01-IM6,P-0020014,Male,1,63.0,63.0,0,0,Ever_Unspecified,Ever,0,40.0,0,True
MSKCC_2020,P-0020158-T01-IM6,P-0020158,Female,0,78.0,78.0,0,0,Ever_Unspecified,Ever,0,1.25,0,True
MSKCC_2020,P-0020177-T01-IM6,P-0020177,Female,0,71.0,71.0,0,0,Never,Never,0,0.0,0,True
MSKCC_2020,P-0020437-T02-IM6,P-0020437,Female,0,61.0,61.0,0,0,Ever_Unspecified,Ever,0,40.0,0,True
MSKCC_2020,P-0020438-T01-IM6,P-0020438,Female,0,58.0,58.0,0,0,Ever_Unspecified,Ever,0,48.75,0,True
MSKCC_2020,P-0020503-T01-IM6,P-0020503,Male,1,68.0,68.0,0,0,Ever_Unspecified,Ever,0,52.5,0,True
MSKCC_2020,P-0020521-T01-IM6,P-0020521,Female,0,49.0,49.0,0,0,Ever_Unspecified,Ever,0,45.0,0,True
MSKCC_2020,P-0020570-T01-IM6,P-0020570,Male,1,75.0,75.0,0,0,Ever_Unspecified,Ever,0,75.0,0,True
MSKCC_2020,P-0020717-T01-IM6,P-0020717,Female,0,65.0,65.0,0,0,Ever_Unspecified,Ever,0,40.0,0,True
MSKCC_2020,P-0020776-T01-IM6,P-0020776,Female,0,66.0,66.0,0,0,Ever_Unspecified,Ever,0,15.0,0,True
MSKCC_2020,P-0020779-T01-IM6,P-0020779,Male,1,75.0,75.0,0,0,Ever_Unspecified,Ever,0,100.0,0,True
MSKCC_2020,P-0020782-T01-IM6,P-0020782,Female,0,65.0,65.0,0,0,Ever_Unspecified,Ever,0,45.0,0,True
MSKCC_2020,P-0020828-T01-IM6,P-0020828,Female,0,64.0,64.0,0,0,Ever_Unspecified,Ever,0,37.5,0,True
MSKCC_2020,P-0020883-T01-IM6,P-0020883,Male,1,82.0,82.0,0,0,Ever_Unspecified,Ever,0,70.0,0,True
MSKCC_2020,P-0020966-T01-IM6,P-0020966,Female,0,61.0,61.0,0,0,Ever_Unspecified,Ever,0,64.5,0,True
MSKCC_2020,P-0021062-T01-IM6,P-0021062,Male,1,75.0,75.0,0,0,Ever_Unspecified,Ever,0,82.5,0,True
MSKCC_2020,P-0021105-T01-IM6,P-0021105,Female,0,80.0,80.0,0,0,Ever_Unspecified,Ever,0,7.5,0,True
MSKCC_2020,P-0021191-T01-IM6,P-0021191,Female,0,74.0,74.0,0,0,Ever_Unspecified,Ever,0,51.0,0,True
MSKCC_2020,P-0021227-T01-IM6,P-0021227,Female,0,73.0,73.0,0,0,Ever_Unspecified,Ever,0,24.0,0,True
MSKCC_2020,P-0021236-T01-IM6,P-0021236,Female,0,68.0,68.0,0,0,Ever_Unspecified,Ever,0,1.8,0,True
MSKCC_2020,P-0021329-T01-IM6,P-0021329,Male,1,77.0,77.0,0,0,Ever_Unspecified,Ever,0,120.0,0,True
MSKCC_2020,P-0021422-T01-IM6,P-0021422,Male,1,64.0,64.0,0,0,Ever_Unspecified,Ever,0,16.0,0,True
MSKCC_2020,P-0021429-T01-IM6,P-0021429,Female,0,66.0,66.0,0,0,Never,Never,0,0.0,0,True
MSKCC_2020,P-0021438-T01-IM6,P-0021438,Female,0,81.0,81.0,0,0,Never,Never,0,0.0,0,True
MSKCC_2020,P-0021539-T01-IM6,P-0021539,Female,0,61.0,61.0,0,0,Ever_Unspecified,Ever,0,1.5,0,True
MSKCC_2020,P-0021628-T01-IM6,P-0021628,Male,1,84.0,84.0,0,0,Ever_Unspecified,Ever,0,11.0,0,True
MSKCC_2020,P-0021691-T01-IM6,P-0021691,Female,0,74.0,74.0,0,0,Ever_Unspecified,Ever,0,5.0,0,True
MSKCC_2020,P-0021718-T01-IM6,P-0021718,Female,0,65.0,65.0,0,0,Ever_Unspecified,Ever,0,10.8,0,True
MSKCC_2020,P-0021778-T01-IM6,P-0021778,Male,1,74.0,74.0,0,0,Ever_Unspecified,Ever,0,48.75,0,True
MSKCC_2020,P-0021849-T01-IM6,P-0021849,Male,1,71.0,71.0,0,0,Ever_Unspecified,Ever,0,30.0,0,True
MSKCC_2020,P-0021861-T01-IM6,P-0021861,Male,1,72.0,72.0,0,0,Ever_Unspecified,Ever,0,40.0,0,True
MSKCC_2020,P-0021987-T01-IM6,P-0021987,Female,0,68.0,68.0,0,0,Ever_Unspecified,Ever,0,45.0,0,True
MSKCC_2020,P-0022186-T01-IM6,P-0022186,Female,0,79.0,79.0,0,0,Ever_Unspecified,Ever,0,15.0,0,True
MSKCC_2020,P-0022247-T01-IM6,P-0022247,Male,1,70.0,70.0,0,0,Ever_Unspecified,Ever,0,50.0,0,True
MSKCC_2020,P-0022251-T01-IM6,P-0022251,Female,0,64.0,64.0,0,0,Ever_Unspecified,Ever,0,22.5,0,True
MSKCC_2020,P-0022303-T01-IM6,P-0022303,Female,0,70.0,70.0,0,0,Never,Never,0,0.0,0,True
MSKCC_2020,P-0022353-T01-IM6,P-0022353,Female,0,66.0,66.0,0,0,Never,Never,0,0.0,0,True
MSKCC_2020,P-0022424-T01-IM6,P-0022424,Female,0,68.0,68.0,0,0,Never,Never,0,0.0,0,True
MSKCC_2020,P-0022450-T01-IM6,P-0022450,Female,0,75.0,75.0,0,0,Ever_Unspecified,Ever,0,34.0,0,True
MSKCC_2020,P-0022453-T01-IM6,P-0022453,Female,0,52.0,52.0,0,0,Ever_Unspecified,Ever,0,21.75,0,True
MSKCC_2020,P-0022505-T01-IM6,P-0022505,Male,1,69.0,69.0,0,0,Ever_Unspecified,Ever,0,18.75,0,True
MSKCC_2020,P-0022579-T01-IM6,P-0022579,Female,0,60.0,60.0,0,0,Ever_Unspecified,Ever,0,20.0,0,True
MSKCC_2020,P-0022830-T01-IM6,P-0022830,Female,0,73.0,73.0,0,0,Ever_Unspecified,Ever,0,18.75,0,True
MSKCC_2020,P-0022844-T02-IM6,P-0022844,Male,1,68.0,68.0,0,0,Ever_Unspecified,Ever,0,25.0,0,True
MSKCC_2020,P-0022848-T01-IM6,P-0022848,Female,0,74.0,74.0,0,0,Ever_Unspecified,Ever,0,5.0,0,True
MSKCC_2020,P-0022881-T01-IM6,P-0022881,Male,1,75.0,75.0,0,0,Ever_Unspecified,Ever,0,13.5,0,True
MSKCC_2020,P-0023102-T01-IM6,P-0023102,Female,0,61.0,61.0,0,0,Never,Never,0,0.0,0,True
MSKCC_2020,P-0023153-T01-IM6,P-0023153,Female,0,76.0,76.0,0,0,Ever_Unspecified,Ever,0,20.0,0,True
MSKCC_2020,P-0023161-T01-IM6,P-0023161,Female,0,71.0,71.0,0,0,Never,Never,0,0.0,0,True
MSKCC_2020,P-0023206-T01-IM6,P-0023206,Male,1,80.0,80.0,0,0,Never,Never,0,0.0,0,True
MSKCC_2020,P-0023207-T01-IM6,P-0023207,Male,1,56.0,56.0,0,0,Ever_Unspecified,Ever,0,1.4,0,True
MSKCC_2020,P-0023219-T01-IM6,P-0023219,Male,1,79.0,79.0,0,0,Ever_Unspecified,Ever,0,60.0,0,True
MSKCC_2020,P-0023248-T01-IM6,P-0023248,Male,1,68.0,68.0,0,0,Never,Never,0,0.0,0,True
MSKCC_2020,P-0023319-T01-IM6,P-0023319,Female,0,59.0,59.0,0,0,Ever_Unspecified,Ever,0,25.0,0,True
MSKCC_2020,P-0023366-T01-IM6,P-0023366,Male,1,74.0,74.0,0,0,Ever_Unspecified,Ever,0,56.0,0,True
MSKCC_2020,P-0023406-T02-IM6,P-0023406,Female,0,66.0,66.0,0,0,Ever_Unspecified,Ever,0,50.0,0,True
MSKCC_2020,P-0023471-T01-IM6,P-0023471,Female,0,59.0,59.0,0,0,Ever_Unspecified,Ever,0,46.25,0,True
MSKCC_2020,P-0023481-T01-IM6,P-0023481,Female,0,63.0,63.0,0,0,Ever_Unspecified,Ever,0,30.0,0,True
MSKCC_2020,P-0023552-T01-IM6,P-0023552,Male,1,65.0,65.0,0,0,Ever_Unspecified,Ever,0,13.0,0,True
MSKCC_2020,P-0023574-T01-IM6,P-0023574,Female,0,59.0,59.0,0,0,Never,Never,0,0.0,0,True
MSKCC_2020,P-0023602-T01-IM6,P-0023602,Male,1,67.0,67.0,0,0,Ever_Unspecified,Ever,0,40.0,0,True
MSKCC_2020,P-0023704-T01-IM6,P-0023704,Female,0,65.0,65.0,0,0,Never,Never,0,0.0,0,True
MSKCC_2020,P-0023745-T01-IM6,P-0023745,Female,0,71.0,71.0,0,0,Never,Never,0,0.0,0,True
MSKCC_2020,P-0023780-T01-IM6,P-0023780,Female,0,67.0,67.0,0,0,Ever_Unspecified,Ever,0,36.0,0,True
MSKCC_2020,P-0023859-T01-IM6,P-0023859,Male,1,75.0,75.0,0,0,Ever_Unspecified,Ever,0,35.0,0,True
MSKCC_2020,P-0024035-T01-IM6,P-0024035,Female,0,70.0,70.0,0,0,Ever_Unspecified,Ever,0,22.5,0,True
MSKCC_2020,P-0024045-T01-IM6,P-0024045,Male,1,66.0,66.0,0,0,Never,Never,0,0.0,0,True
MSKCC_2020,P-0024090-T01-IM6,P-0024090,Male,1,75.0,75.0,0,0,Ever_Unspecified,Ever,0,4.5,0,True
MSKCC_2020,P-0024178-T01-IM6,P-0024178,Female,0,65.0,65.0,0,0,Ever_Unspecified,Ever,0,5.25,0,True
MSKCC_2020,P-0024200-T01-IM6,P-0024200,Female,0,67.0,67.0,0,0,Ever_Unspecified,Ever,0,45.0,0,True
MSKCC_2020,P-0024225-T01-IM6,P-0024225,Female,0,82.0,82.0,0,0,Ever_Unspecified,Ever,0,7.0,0,True
MSKCC_2020,P-0024228-T01-IM6,P-0024228,Female,0,62.0,62.0,0,0,Ever_Unspecified,Ever,0,20.0,0,True
MSKCC_2020,P-0024483-T01-IM6,P-0024483,Female,0,62.0,62.0,0,0,Ever_Unspecified,Ever,0,12.0,0,True
MSKCC_2020,P-0024567-T01-IM6,P-0024567,Male,1,69.0,69.0,0,0,Ever_Unspecified,Ever,0,36.75,0,True
MSKCC_2020,P-0024571-T01-IM6,P-0024571,Female,0,64.0,64.0,0,0,Ever_Unspecified,Ever,0,23.0,0,True
MSKCC_2020,P-0024737-T01-IM6,P-0024737,Female,0,61.0,61.0,0,0,Ever_Unspecified,Ever,0,30.0,0,True
MSKCC_2020,P-0024758-T01-IM6,P-0024758,Male,1,74.0,74.0,0,0,Ever_Unspecified,Ever,0,40.0,0,True
MSKCC_2020,P-0024834-T01-IM6,P-0024834,Female,0,66.0,66.0,0,0,Ever_Unspecified,Ever,0,76.0,0,True
MSKCC_2020,P-0024949-T01-IM6,P-0024949,Female,0,74.0,74.0,0,0,Ever_Unspecified,Ever,0,25.0,0,True
MSKCC_2020,P-0025107-T01-IM6,P-0025107,Female,0,67.0,67.0,0,0,Never,Never,0,0.0,0,True
MSKCC_2020,P-0025330-T06-IM6,P-0025330,Female,0,67.0,67.0,0,0,Ever_Unspecified,Ever,0,53.0,0,True
MSKCC_2020,P-0025354-T01-IM6,P-0025354,Female,0,59.0,59.0,0,0,Ever_Unspecified,Ever,0,92.0,0,True
MSKCC_2020,P-0025409-T01-IM6,P-0025409,Female,0,58.0,58.0,0,0,Ever_Unspecified,Ever,0,40.0,0,True
MSKCC_2020,P-0025411-T01-IM6,P-0025411,Female,0,47.0,47.0,0,0,Ever_Unspecified,Ever,0,31.0,0,True
MSKCC_2020,P-0025451-T01-IM6,P-0025451,Female,0,47.0,47.0,0,0,Ever_Unspecified,Ever,0,2.7,0,True
MSKCC_2020,P-0025546-T01-IM6,P-0025546,Female,0,62.0,62.0,0,0,Ever_Unspecified,Ever,0,35.0,0,True
MSKCC_2020,P-0025566-T01-IM6,P-0025566,Female,0,62.0,62.0,0,0,Ever_Unspecified,Ever,0,0.9,0,True
MSKCC_2020,P-0025569-T01-IM6,P-0025569,Female,0,81.0,81.0,0,0,Ever_Unspecified,Ever,0,62.5,0,True
MSKCC_2020,P-0025575-T01-IM6,P-0025575,Female,0,63.0,63.0,0,0,Ever_Unspecified,Ever,0,0.5,0,True
MSKCC_2020,P-0025652-T01-IM6,P-0025652,Female,0,61.0,61.0,0,0,Never,Never,0,0.0,0,True
MSKCC_2020,P-0025722-T01-IM6,P-0025722,Female,0,49.0,49.0,0,0,Ever_Unspecified,Ever,0,4.8,0,True
MSKCC_2020,P-0025872-T01-IM6,P-0025872,Male,1,67.0,67.0,0,0,Ever_Unspecified,Ever,0,100.0,0,True
MSKCC_2020,P-0025918-T01-IM6,P-0025918,Male,1,70.0,70.0,0,0,Ever_Unspecified,Ever,0,25.0,0,True
MSKCC_2020,P-0025931-T01-IM6,P-0025931,Female,0,54.0,54.0,0,0,Ever_Unspecified,Ever,0,28.75,0,True
MSKCC_2020,P-0025936-T01-IM6,P-0025936,Female,0,78.0,78.0,0,0,Ever_Unspecified,Ever,0,16.5,0,True
MSKCC_2020,P-0025956-T01-IM6,P-0025956,Female,0,70.0,70.0,0,0,Ever_Unspecified,Ever,0,25.0,0,True
MSKCC_2020,P-0026029-T01-IM6,P-0026029,Male,1,67.0,67.0,0,0,Ever_Unspecified,Ever,0,70.0,0,True
MSKCC_2020,P-0026045-T01-IM6,P-0026045,Male,1,71.0,71.0,0,0,Never,Never,0,0.0,0,True
MSKCC_2020,P-0026120-T01-IM6,P-0026120,Female,0,55.0,55.0,0,0,Ever_Unspecified,Ever,0,33.0,0,True
MSKCC_2020,P-0026187-T01-IM6,P-0026187,Female,0,66.0,66.0,0,0,Ever_Unspecified,Ever,0,45.0,0,True
MSKCC_2020,P-0026206-T01-IM6,P-0026206,Female,0,66.0,66.0,0,0,Ever_Unspecified,Ever,0,15.75,0,True
MSKCC_2020,P-0026262-T02-IM6,P-0026262,Female,0,58.0,58.0,0,0,Ever_Unspecified,Ever,0,13.5,0,True
MSKCC_2020,P-0026292-T01-IM6,P-0026292,Female,0,68.0,68.0,0,0,Never,Never,0,0.0,0,True
MSKCC_2020,P-0026426-T01-IM6,P-0026426,Female,0,60.0,60.0,0,0,Ever_Unspecified,Ever,0,1.25,0,True
MSKCC_2020,P-0026688-T01-IM6,P-0026688,Female,0,63.0,63.0,0,0,Ever_Unspecified,Ever,0,45.0,0,True
MSKCC_2020,P-0026697-T01-IM6,P-0026697,Female,0,68.0,68.0,0,0,Ever_Unspecified,Ever,0,15.0,0,True
MSKCC_2020,P-0026708-T01-IM6,P-0026708,Male,1,62.0,62.0,0,0,Ever_Unspecified,Ever,0,45.0,0,True
MSKCC_2020,P-0026778-T01-IM6,P-0026778,Female,0,73.0,73.0,0,0,Ever_Unspecified,Ever,0,31.0,0,True
MSKCC_2020,P-0026786-T01-IM6,P-0026786,Female,0,69.0,69.0,0,0,Ever_Unspecified,Ever,0,0.25,0,True
MSKCC_2020,P-0026830-T03-IM6,P-0026830,Female,0,82.0,82.0,0,0,Ever_Unspecified,Ever,0,60.0,0,True
MSKCC_2020,P-0026968-T01-IM6,P-0026968,Male,1,71.0,71.0,0,0,Ever_Unspecified,Ever,0,56.0,0,True
MSKCC_2020,P-0026987-T01-IM6,P-0026987,Male,1,80.0,80.0,0,0,Ever_Unspecified,Ever,0,5.0,0,True
MSKCC_2020,P-0027018-T01-IM6,P-0027018,Male,1,70.0,70.0,0,0,Ever_Unspecified,Ever,0,15.0,0,True
MSKCC_2020,P-0027071-T01-IM6,P-0027071,Female,0,50.0,50.0,0,0,Ever_Unspecified,Ever,0,14.25,0,True
MSKCC_2020,P-0027093-T01-IM6,P-0027093,Female,0,69.0,69.0,0,0,Ever_Unspecified,Ever,0,20.0,0,True
MSKCC_2020,P-0027131-T01-IM6,P-0027131,Female,0,75.0,75.0,0,0,Never,Never,0,0.0,0,True
MSKCC_2020,P-0027187-T01-IM6,P-0027187,Female,0,55.0,55.0,0,0,Ever_Unspecified,Ever,0,12.75,0,True
MSKCC_2020,P-0027353-T01-IM6,P-0027353,Female,0,61.0,61.0,0,0,Ever_Unspecified,Ever,0,20.0,0,True
MSKCC_2020,P-0027523-T01-IM6,P-0027523,Male,1,42.0,42.0,0,0,Never,Never,0,0.0,0,True
MSKCC_2020,P-0027531-T01-IM6,P-0027531,Female,0,49.0,49.0,0,0,Never,Never,0,0.0,0,True
MSKCC_2020,P-0027615-T02-IM6,P-0027615,Male,1,66.0,66.0,0,0,Ever_Unspecified,Ever,0,6.0,0,True
MSKCC_2020,P-0027709-T01-IM6,P-0027709,Male,1,67.0,67.0,0,0,Ever_Unspecified,Ever,0,106.0,0,True
MSKCC_2020,P-0027812-T01-IM6,P-0027812,Male,1,59.0,59.0,0,0,Ever_Unspecified,Ever,0,46.0,0,True
MSKCC_2020,P-0027817-T01-IM6,P-0027817,Female,0,72.0,72.0,0,0,Ever_Unspecified,Ever,0,45.0,0,True
MSKCC_2020,P-0027848-T01-IM6,P-0027848,Male,1,56.0,56.0,0,0,Ever_Unspecified,Ever,0,102.0,0,True
MSKCC_2020,P-0027860-T01-IM6,P-0027860,Female,0,59.0,59.0,0,0,Ever_Unspecified,Ever,0,25.0,0,True
MSKCC_2020,P-0028012-T01-IM6,P-0028012,Female,0,45.0,45.0,0,0,Never,Never,0,0.0,0,True
MSKCC_2020,P-0028092-T01-IM6,P-0028092,Male,1,71.0,71.0,0,0,Ever_Unspecified,Ever,0,46.0,0,True
MSKCC_2020,P-0028096-T01-IM6,P-0028096,Male,1,71.0,71.0,0,0,Ever_Unspecified,Ever,0,45.0,0,True
MSKCC_2020,P-0028111-T01-IM6,P-0028111,Female,0,60.0,60.0,0,0,Ever_Unspecified,Ever,0,40.0,0,True
MSKCC_2020,P-0028162-T01-IM6,P-0028162,Male,1,70.0,70.0,0,0,Ever_Unspecified,Ever,0,16.0,0,True
MSKCC_2020,P-0028245-T01-IM6,P-0028245,Male,1,64.0,64.0,0,0,Ever_Unspecified,Ever,0,52.0,0,True
MSKCC_2020,P-0028377-T01-IM6,P-0028377,Female,0,71.0,71.0,0,0,Never,Never,0,0.0,0,True
MSKCC_2020,P-0028486-T01-IM6,P-0028486,Male,1,60.0,60.0,0,0,Never,Never,0,0.0,0,True
MSKCC_2020,P-0028694-T01-IM6,P-0028694,Female,0,73.0,73.0,0,0,Ever_Unspecified,Ever,0,39.0,0,True
MSKCC_2020,P-0028746-T01-IM6,P-0028746,Female,0,67.0,67.0,0,0,Never,Never,0,0.0,0,True
MSKCC_2020,P-0028809-T04-IM6,P-0028809,Female,0,56.0,56.0,0,0,Ever_Unspecified,Ever,0,27.0,0,True
MSKCC_2020,P-0028841-T01-IM6,P-0028841,Female,0,80.0,80.0,0,0,Ever_Unspecified,Ever,0,25.0,0,True
MSKCC_2020,P-0028906-T01-IM6,P-0028906,Male,1,54.0,54.0,0,0,Ever_Unspecified,Ever,0,15.0,0,True
MSKCC_2020,P-0028916-T02-IM6,P-0028916,Female,0,48.0,48.0,0,0,Ever_Unspecified,Ever,0,27.0,0,True
MSKCC_2020,P-0028936-T01-IM6,P-0028936,Female,0,71.0,71.0,0,0,Never,Never,0,0.0,0,True
MSKCC_2020,P-0028947-T01-IM6,P-0028947,Female,0,77.0,77.0,0,0,Never,Never,0,0.0,0,True
MSKCC_2020,P-0029016-T01-IM6,P-0029016,Female,0,62.0,62.0,0,0,Ever_Unspecified,Ever,0,30.0,0,True
MSKCC_2020,P-0029115-T01-IM6,P-0029115,Female,0,68.0,68.0,0,0,Never,Never,0,0.0,0,True
MSKCC_2020,P-0029180-T02-IM6,P-0029180,Female,0,68.0,68.0,0,0,Ever_Unspecified,Ever,0,24.0,0,True
MSKCC_2020,P-0029224-T02-IM6,P-0029224,Male,1,76.0,76.0,0,0,Ever_Unspecified,Ever,0,24.0,0,True
MSKCC_2020,P-0029294-T01-IM6,P-0029294,Male,1,63.0,63.0,0,0,Ever_Unspecified,Ever,0,153.0,0,True
MSKCC_2020,P-0029324-T01-IM6,P-0029324,Female,0,43.0,43.0,0,0,Ever_Unspecified,Ever,0,0.3,0,True
MSKCC_2020,P-0029357-T02-IM6,P-0029357,Male,1,76.0,76.0,0,0,Ever_Unspecified,Ever,0,2.5,0,True
MSKCC_2020,P-0029396-T01-IM6,P-0029396,Male,1,64.0,64.0,0,0,Ever_Unspecified,Ever,0,35.0,0,True
MSKCC_2020,P-0029402-T01-IM6,P-0029402,Female,0,62.0,62.0,0,0,Never,Never,0,0.0,0,True
MSKCC_2020,P-0029451-T01-IM6,P-0029451,Female,0,63.0,63.0,0,0,Ever_Unspecified,Ever,0,9.0,0,True
MSKCC_2020,P-0029545-T01-IM6,P-0029545,Male,1,79.0,79.0,0,0,Ever_Unspecified,Ever,0,59.0,0,True
MSKCC_2020,P-0029561-T01-IM6,P-0029561,Female,0,42.0,42.0,0,0,Never,Never,0,0.0,0,True
MSKCC_2020,P-0029583-T01-IM6,P-0029583,Male,1,61.0,61.0,0,0,Ever_Unspecified,Ever,0,3.75,0,True
MSKCC_2020,P-0029585-T01-IM6,P-0029585,Male,1,71.0,71.0,0,0,Ever_Unspecified,Ever,0,52.0,0,True
MSKCC_2020,P-0029624-T01-IM6,P-0029624,Female,0,75.0,75.0,0,0,Ever_Unspecified,Ever,0,62.0,0,True
MSKCC_2020,P-0029663-T01-IM6,P-0029663,Female,0,65.0,65.0,0,0,Ever_Unspecified,Ever,0,37.6,0,True
MSKCC_2020,P-0029977-T01-IM6,P-0029977,Male,1,61.0,61.0,0,0,Ever_Unspecified,Ever,0,40.0,0,True
MSKCC_2020,P-0030094-T03-IM6,P-0030094,Female,0,78.0,78.0,0,0,Ever_Unspecified,Ever,0,45.0,0,True
MSKCC_2020,P-0030104-T01-IM6,P-0030104,Female,0,50.0,50.0,0,0,Ever_Unspecified,Ever,0,1.75,0,True
MSKCC_2020,P-0030317-T01-IM6,P-0030317,Female,0,79.0,79.0,0,0,Ever_Unspecified,Ever,0,65.0,0,True
MSKCC_2020,P-0030626-T01-IM6,P-0030626,Female,0,61.0,61.0,0,0,Ever_Unspecified,Ever,0,30.0,0,True
MSKCC_2020,P-0030694-T01-IM6,P-0030694,Female,0,81.0,81.0,0,0,Ever_Unspecified,Ever,0,45.0,0,True
MSKCC_2020,P-0030710-T01-IM6,P-0030710,Female,0,84.0,84.0,0,0,Ever_Unspecified,Ever,0,19.0,0,True
MSKCC_2020,P-0030869-T01-IM6,P-0030869,Female,0,66.0,66.0,0,0,Ever_Unspecified,Ever,0,11.25,0,True
MSKCC_2020,P-0030893-T01-IM6,P-0030893,Female,0,64.0,64.0,0,0,Ever_Unspecified,Ever,0,44.0,0,True
MSKCC_2020,P-0030990-T03-IM6,P-0030990,Female,0,34.0,34.0,0,0,Never,Never,0,0.0,0,True
MSKCC_2020,P-0031010-T01-IM6,P-0031010,Male,1,63.0,63.0,0,0,Never,Never,0,0.0,0,True
MSKCC_2020,P-0031031-T01-IM6,P-0031031,Female,0,76.0,76.0,0,0,Ever_Unspecified,Ever,0,16.0,0,True
MSKCC_2020,P-0031046-T01-IM6,P-0031046,Female,0,65.0,65.0,0,0,Never,Never,0,0.0,0,True
MSKCC_2020,P-0031081-T01-IM6,P-0031081,Male,1,73.0,73.0,0,0,Ever_Unspecified,Ever,0,20.0,0,True
MSKCC_2020,P-0031090-T01-IM6,P-0031090,Female,0,57.0,57.0,0,0,Ever_Unspecified,Ever,0,6.0,0,True
MSKCC_2020,P-0031096-T01-IM6,P-0031096,Female,0,69.0,69.0,0,0,Ever_Unspecified,Ever,0,13.5,0,True
MSKCC_2020,P-0031139-T01-IM6,P-0031139,Female,0,59.0,59.0,0,0,Ever_Unspecified,Ever,0,9.0,0,True
MSKCC_2020,P-0031267-T01-IM6,P-0031267,Female,0,75.0,75.0,0,0,Ever_Unspecified,Ever,0,15.0,0,True
MSKCC_2020,P-0031283-T01-IM6,P-0031283,Female,0,69.0,69.0,0,0,Ever_Unspecified,Ever,0,19.5,0,True
MSKCC_2020,P-0031442-T01-IM6,P-0031442,Male,1,69.0,69.0,0,0,Ever_Unspecified,Ever,0,20.0,0,True
MSKCC_2020,P-0031526-T01-IM6,P-0031526,Male,1,69.0,69.0,0,0,Never,Never,0,0.0,0,True
MSKCC_2020,P-0031694-T01-IM6,P-0031694,Female,0,74.0,74.0,0,0,Never,Never,0,0.0,0,True
MSKCC_2020,P-0031707-T01-IM6,P-0031707,Male,1,61.0,61.0,0,0,Ever_Unspecified,Ever,0,33.75,0,True
MSKCC_2020,P-0031740-T01-IM6,P-0031740,Female,0,48.0,48.0,0,0,Never,Never,0,0.0,0,True
MSKCC_2020,P-0032008-T01-IM6,P-0032008,Female,0,67.0,67.0,0,0,Ever_Unspecified,Ever,0,102.0,0,True
MSKCC_2020,P-0032112-T01-IM6,P-0032112,Male,1,68.0,68.0,0,0,Ever_Unspecified,Ever,0,25.0,0,True
MSKCC_2020,P-0032170-T01-IM6,P-0032170,Male,1,72.0,72.0,0,0,Never,Never,0,0.0,0,True
MSKCC_2020,P-0032177-T01-IM6,P-0032177,Male,1,83.0,83.0,0,0,Never,Never,0,0.0,0,True
MSKCC_2020,P-0032231-T01-IM6,P-0032231,Male,1,67.0,67.0,0,0,Ever_Unspecified,Ever,0,84.0,0,True
MSKCC_2020,P-0032444-T01-IM6,P-0032444,Female,0,46.0,46.0,0,0,Ever_Unspecified,Ever,0,13.75,0,True
MSKCC_2020,P-0032479-T01-IM6,P-0032479,Female,0,74.0,74.0,0,0,Ever_Unspecified,Ever,0,3.75,0,True
MSKCC_2020,P-0032532-T01-IM6,P-0032532,Female,0,71.0,71.0,0,0,Ever_Unspecified,Ever,0,15.0,0,True
MSKCC_2020,P-0032534-T01-IM6,P-0032534,Female,0,60.0,60.0,0,0,Ever_Unspecified,Ever,0,45.0,0,True
MSKCC_2020,P-0032635-T01-IM6,P-0032635,Male,1,73.0,73.0,0,0,Never,Never,0,0.0,0,True
MSKCC_2020,P-0032644-T01-IM6,P-0032644,Female,0,63.0,63.0,0,0,Never,Never,0,0.0,0,True
MSKCC_2020,P-0032645-T01-IM6,P-0032645,Male,1,73.0,73.0,0,0,Ever_Unspecified,Ever,0,50.0,0,True
MSKCC_2020,P-0032676-T01-IM6,P-0032676,Male,1,76.0,76.0,0,0,Never,Never,0,0.0,0,True
MSKCC_2020,P-0032689-T01-IM6,P-0032689,Female,0,64.0,64.0,0,0,Ever_Unspecified,Ever,0,22.0,0,True
MSKCC_2020,P-0033072-T01-IM6,P-0033072,Female,0,83.0,83.0,0,0,Ever_Unspecified,Ever,0,50.0,0,True
MSKCC_2020,P-0033325-T01-IM6,P-0033325,Male,1,73.0,73.0,0,0,Ever_Unspecified,Ever,0,120.0,0,True
MSKCC_2020,P-0033379-T01-IM6,P-0033379,Male,1,77.0,77.0,0,0,Never,Never,0,0.0,0,True
MSKCC_2020,P-0033406-T01-IM6,P-0033406,Female,0,73.0,73.0,0,0,Ever_Unspecified,Ever,0,15.0,0,True
MSKCC_2020,P-0033508-T01-IM6,P-0033508,Female,0,69.0,69.0,0,0,Never,Never,0,0.0,0,True
MSKCC_2020,P-0033579-T01-IM6,P-0033579,Female,0,63.0,63.0,0,0,Never,Never,0,0.0,0,True
MSKCC_2020,P-0033581-T01-IM6,P-0033581,Female,0,77.0,77.0,0,0,Ever_Unspecified,Ever,0,80.0,0,True
MSKCC_2020,P-0033615-T01-IM6,P-0033615,Male,1,78.0,78.0,0,0,Ever_Unspecified,Ever,0,59.0,0,True
MSKCC_2020,P-0033631-T01-IM6,P-0033631,Female,0,65.0,65.0,0,0,Ever_Unspecified,Ever,0,4.0,0,True
MSKCC_2020,P-0033749-T01-IM6,P-0033749,Male,1,49.0,49.0,0,0,Never,Never,0,0.0,0,True
MSKCC_2020,P-0033766-T01-IM6,P-0033766,Female,0,59.0,59.0,0,0,Ever_Unspecified,Ever,0,40.0,0,True
MSKCC_2020,P-0033823-T01-IM6,P-0033823,Female,0,81.0,81.0,0,0,Ever_Unspecified,Ever,0,60.0,0,True
MSKCC_2020,P-0033841-T01-IM6,P-0033841,Female,0,75.0,75.0,0,0,Ever_Unspecified,Ever,0,40.0,0,True
MSKCC_2020,P-0033926-T01-IM6,P-0033926,Female,0,62.0,62.0,0,0,Ever_Unspecified,Ever,0,40.0,0,True
MSKCC_2020,P-0034215-T01-IM6,P-0034215,Male,1,73.0,73.0,0,0,Ever_Unspecified,Ever,0,25.0,0,True
MSKCC_2020,P-0034604-T01-IM6,P-0034604,Female,0,73.0,73.0,0,0,Never,Never,0,0.0,0,True
MSKCC_2020,P-0034643-T01-IM6,P-0034643,Male,1,81.0,81.0,0,0,Never,Never,0,0.0,0,True
MSKCC_2020,P-0034948-T01-IM6,P-0034948,Female,0,74.0,74.0,0,0,Ever_Unspecified,Ever,0,50.0,0,True
MSKCC_2020,P-0035026-T01-IM6,P-0035026,Female,0,65.0,65.0,0,0,Ever_Unspecified,Ever,0,2.5,0,True
MSKCC_2020,P-0035135-T01-IM6,P-0035135,Female,0,56.0,56.0,0,0,Never,Never,0,0.0,0,True
MSKCC_2020,P-0035139-T01-IM6,P-0035139,Female,0,77.0,77.0,0,0,Ever_Unspecified,Ever,0,54.0,0,True
MSKCC_2020,P-0035140-T01-IM6,P-0035140,Male,1,66.0,66.0,0,0,Ever_Unspecified,Ever,0,50.0,0,True
MSKCC_2020,P-0035240-T01-IM6,P-0035240,Male,1,61.0,61.0,0,0,Ever_Unspecified,Ever,0,42.0,0,True
MSKCC_2020,P-0035244-T01-IM6,P-0035244,Female,0,77.0,77.0,0,0,Ever_Unspecified,Ever,0,40.0,0,True
MSKCC_2020,P-0035278-T01-IM6,P-0035278,Female,0,73.0,73.0,0,0,Ever_Unspecified,Ever,0,4.0,0,True
MSKCC_2020,P-0035280-T01-IM6,P-0035280,Male,1,69.0,69.0,0,0,Never,Never,0,0.0,0,True
MSKCC_2020,P-0035431-T01-IM6,P-0035431,Female,0,68.0,68.0,0,0,Ever_Unspecified,Ever,0,40.0,0,True
MSKCC_2020,P-0035469-T01-IM6,P-0035469,Male,1,65.0,65.0,0,0,Ever_Unspecified,Ever,0,48.0,0,True
MSKCC_2020,P-0035488-T01-IM6,P-0035488,Female,0,75.0,75.0,0,0,Never,Never,0,0.0,0,True
MSKCC_2020,P-0035494-T01-IM6,P-0035494,Female,0,65.0,65.0,0,0,Ever_Unspecified,Ever,0,45.0,0,True
MSKCC_2020,P-0035731-T01-IM6,P-0035731,Female,0,60.0,60.0,0,0,Ever_Unspecified,Ever,0,3.5,0,True
MSKCC_2020,P-0035869-T01-IM6,P-0035869,Female,0,71.0,71.0,0,0,Ever_Unspecified,Ever,0,27.75,0,True
MSKCC_2020,P-0035922-T01-IM6,P-0035922,Female,0,71.0,71.0,0,0,Ever_Unspecified,Ever,0,2.5,0,True
MSKCC_2020,P-0036032-T01-IM6,P-0036032,Female,0,80.0,80.0,0,0,Never,Never,0,0.0,0,True
MSKCC_2020,P-0036225-T01-IM6,P-0036225,Female,0,64.0,64.0,0,0,Ever_Unspecified,Ever,0,30.0,0,True
MSKCC_2020,P-0036267-T01-IM6,P-0036267,Male,1,71.0,71.0,0,0,Never,Never,0,0.0,0,True
MSKCC_2020,P-0036310-T01-IM6,P-0036310,Female,0,76.0,76.0,0,0,Ever_Unspecified,Ever,0,20.0,0,True
MSKCC_2020,P-0036513-T01-IM6,P-0036513,Female,0,52.0,52.0,0,0,Ever_Unspecified,Ever,0,0.05,0,True
MSKCC_2020,P-0036637-T01-IM6,P-0036637,Female,0,64.0,64.0,0,0,Never,Never,0,0.0,0,True
MSKCC_2020,P-0036639-T01-IM6,P-0036639,Female,0,81.0,81.0,0,0,Ever_Unspecified,Ever,0,8.0,0,True
MSKCC_2020,P-0036744-T01-IM6,P-0036744,Male,1,69.0,69.0,0,0,Ever_Unspecified,Ever,0,40.0,0,True
MSKCC_2020,P-0036810-T02-IM6,P-0036810,Male,1,73.0,73.0,0,0,Ever_Unspecified,Ever,0,46.0,0,True
MSKCC_2020,P-0036891-T01-IM6,P-0036891,Female,0,67.0,67.0,0,0,Ever_Unspecified,Ever,0,20.0,0,True
MSKCC_2020,P-0037833-T01-IM6,P-0037833,Female,0,72.0,72.0,0,0,Ever_Unspecified,Ever,0,33.75,0,True
MSKCC_2020,P-0038206-T01-IM6,P-0038206,Male,1,56.0,56.0,0,0,Never,Never,0,0.0,0,True
MSKCC_2020,P-0038834-T01-IM6,P-0038834,Female,0,70.0,70.0,0,0,Ever_Unspecified,Ever,0,15.0,0,True
MSKCC_2023,P-0000219-T01-IM3,P-0000219,Female,0,52.91780822,52.91780822,0,0,Ever_Unspecified,Ever,0,,1,True
MSKCC_2023,P-0000348-T01-IM3,P-0000348,Male,1,65.08767123,65.08767123,0,0,Never,Never,0,,1,True
MSKCC_2023,P-0000459-T01-IM3,P-0000459,Male,1,77.18082192,77.18082192,0,0,Ever_Unspecified,Ever,0,,1,True
MSKCC_2023,P-0000563-T01-IM3,P-0000563,Male,1,42.04383562,42.04383562,0,0,Never,Never,0,,1,True
MSKCC_2023,P-0000630-T01-IM3,P-0000630,Female,0,66.10410959,66.10410959,0,0,Never,Never,0,,1,True
MSKCC_2023,P-0000642-T01-IM3,P-0000642,Male,1,65.85205479,65.85205479,0,0,Never,Never,0,,1,True
MSKCC_2023,P-0000706-T01-IM3,P-0000706,Male,1,77.31232877,77.31232877,0,0,Ever_Unspecified,Ever,0,,1,True
MSKCC_2023,P-0000726-T01-IM3,P-0000726,Female,0,74.06027397,74.06027397,0,0,Ever_Unspecified,Ever,0,,1,True
MSKCC_2023,P-0000756-T01-IM3,P-0000756,Female,0,65.12054795,65.12054795,0,0,Ever_Unspecified,Ever,0,,1,True
MSKCC_2023,P-0000987-T01-IM3,P-0000987,Male,1,61.60821918,61.60821918,0,0,Never,Never,0,,1,True
MSKCC_2023,P-0000989-T01-IM3,P-0000989,Female,0,54.37808219,54.37808219,0,0,Ever_Unspecified,Ever,0,,1,True
MSKCC_2023,P-0001123-T01-IM3,P-0001123,Female,0,71.30684932,71.30684932,0,0,Ever_Unspecified,Ever,0,,1,True
MSKCC_2023,P-0001130-T01-IM3,P-0001130,Female,0,65.24383562,65.24383562,0,0,Ever_Unspecified,Ever,0,,1,True
MSKCC_2023,P-0001241-T01-IM3,P-0001241,Female,0,83.17808219,83.17808219,0,0,Never,Never,0,,1,True
MSKCC_2023,P-0001243-T02-IM6,P-0001243,Female,0,64.30136986,64.30136986,0,0,Never,Never,0,,1,True
MSKCC_2023,P-0001368-T01-IM3,P-0001368,Male,1,58.76712329,58.76712329,0,0,Never,Never,0,,1,True
MSKCC_2023,P-0001532-T01-IM3,P-0001532,Female,0,51.71232877,51.71232877,0,0,Never,Never,0,,1,True
MSKCC_2023,P-0001550-T01-IM3,P-0001550,Female,0,57.78356164,57.78356164,0,0,Ever_Unspecified,Ever,0,,1,True
MSKCC_2023,P-0001766-T01-IM3,P-0001766,Female,0,54.56712329,54.56712329,0,0,Never,Never,0,,1,True
MSKCC_2023,P-0001828-T01-IM3,P-0001828,Female,0,75.00821918,75.00821918,0,0,Ever_Unspecified,Ever,0,,1,True
MSKCC_2023,P-0001916-T01-IM3,P-0001916,Female,0,58.71232877,58.71232877,0,0,Ever_Unspecified,Ever,0,,1,True
MSKCC_2023,P-0002038-T01-IM3,P-0002038,Female,0,70.3369863,70.3369863,0,0,Never,Never,0,,1,True
MSKCC_2023,P-0002156-T01-IM3,P-0002156,Male,1,80.01917808,80.01917808,0,0,Ever_Unspecified,Ever,0,,1,True
MSKCC_2023,P-0002163-T01-IM3,P-0002163,Female,0,63.63561644,63.63561644,0,0,Ever_Unspecified,Ever,0,,1,True
MSKCC_2023,P-0002359-T01-IM3,P-0002359,Female,0,71.14246575,71.14246575,0,0,Ever_Unspecified,Ever,0,,1,True
MSKCC_2023,P-0002506-T02-IM5,P-0002506,Female,0,59.07123288,59.07123288,0,0,Never,Never,0,,1,True
MSKCC_2023,P-0002534-T01-IM3,P-0002534,Female,0,73.09041096,73.09041096,0,0,Never,Never,0,,1,True
MSKCC_2023,P-0002544-T01-IM3,P-0002544,Female,0,56.97260274,56.97260274,0,0,Ever_Unspecified,Ever,0,,1,True
MSKCC_2023,P-0002557-T01-IM3,P-0002557,Female,0,35.36164384,35.36164384,0,0,Never,Never,0,,1,True
MSKCC_2023,P-0002718-T01-IM3,P-0002718,Male,1,68.78630137,68.78630137,0,0,Ever_Unspecified,Ever,0,,1,True
MSKCC_2023,P-0002766-T01-IM3,P-0002766,Female,0,65.15342466,65.15342466,0,0,Ever_Unspecified,Ever,0,,1,True
MSKCC_2023,P-0002768-T02-IM6,P-0002768,Female,0,51.36712329,51.36712329,0,0,Never,Never,0,,1,True
MSKCC_2023,P-0002823-T01-IM3,P-0002823,Female,0,66.83013699,66.83013699,0,0,Never,Never,0,,1,True
MSKCC_2023,P-0002912-T01-IM3,P-0002912,Male,1,19.83013699,19.83013699,0,0,Never,Never,0,,1,True
MSKCC_2023,P-0002916-T02-IM5,P-0002916,Female,0,37.65205479,37.65205479,0,0,Never,Never,0,,1,True
MSKCC_2023,P-0002917-T01-IM3,P-0002917,Female,0,48.7369863,48.7369863,0,0,Ever_Unspecified,Ever,0,,1,True
MSKCC_2023,P-0002921-T01-IM3,P-0002921,Female,0,70.83561644,70.83561644,0,0,Ever_Unspecified,Ever,0,,1,True
MSKCC_2023,P-0002996-T01-IM3,P-0002996,Male,1,65.42191781,65.42191781,0,0,Ever_Unspecified,Ever,0,,1,True
MSKCC_2023,P-0003070-T01-IM5,P-0003070,Female,0,46.74794521,46.74794521,0,0,Never,Never,0,,1,True
MSKCC_2023,P-0003096-T01-IM5,P-0003096,Female,0,66.89315068,66.89315068,0,0,Ever_Unspecified,Ever,0,,1,True
MSKCC_2023,P-0003107-T01-IM5,P-0003107,Male,1,68.02191781,68.02191781,0,0,Unknown,Unknown,1,,1,True
MSKCC_2023,P-0003240-T01-IM5,P-0003240,Female,0,76.44931507,76.44931507,0,0,Ever_Unspecified,Ever,0,,1,True
MSKCC_2023,P-0003243-T01-IM5,P-0003243,Female,0,73.1260274,73.1260274,0,0,Ever_Unspecified,Ever,0,,1,True
MSKCC_2023,P-0003250-T01-IM5,P-0003250,Female,0,52.65753425,52.65753425,0,0,Never,Never,0,,1,True
MSKCC_2023,P-0003317-T02-IM5,P-0003317,Female,0,70.07945205,70.07945205,0,0,Ever_Unspecified,Ever,0,,1,True
MSKCC_2023,P-0003323-T01-IM5,P-0003323,Female,0,61.39452055,61.39452055,0,0,Never,Never,0,,1,True
MSKCC_2023,P-0003324-T01-IM5,P-0003324,Female,0,64.05205479,64.05205479,0,0,Ever_Unspecified,Ever,0,,1,True
MSKCC_2023,P-0003489-T01-IM5,P-0003489,Male,1,80.71232877,80.71232877,0,0,Ever_Unspecified,Ever,0,,1,True
MSKCC_2023,P-0003523-T02-IM5,P-0003523,Female,0,55.23287671,55.23287671,0,0,Ever_Unspecified,Ever,0,,1,True
MSKCC_2023,P-0003572-T01-IM5,P-0003572,Male,1,69.10136986,69.10136986,0,0,Ever_Unspecified,Ever,0,,1,True
MSKCC_2023,P-0003580-T01-IM5,P-0003580,Female,0,63.62465753,63.62465753,0,0,Ever_Unspecified,Ever,0,,1,True
MSKCC_2023,P-0003628-T01-IM5,P-0003628,Male,1,62.44931507,62.44931507,0,0,Ever_Unspecified,Ever,0,,1,True
MSKCC_2023,P-0003635-T02-IM5,P-0003635,Female,0,57.90958904,57.90958904,0,0,Never,Never,0,,1,True
MSKCC_2023,P-0003712-T01-IM5,P-0003712,Female,0,77.92328767,77.92328767,0,0,Ever_Unspecified,Ever,0,,1,True
MSKCC_2023,P-0003734-T01-IM5,P-0003734,Male,1,68.7890411,68.7890411,0,0,Ever_Unspecified,Ever,0,,1,True
MSKCC_2023,P-0003785-T01-IM5,P-0003785,Female,0,72.31780822,72.31780822,0,0,Ever_Unspecified,Ever,0,,1,True
MSKCC_2023,P-0003869-T01-IM5,P-0003869,Female,0,67.0109589,67.0109589,0,0,Ever_Unspecified,Ever,0,,1,True
MSKCC_2023,P-0004099-T01-IM5,P-0004099,Male,1,57.97260274,57.97260274,0,0,Ever_Unspecified,Ever,0,,1,True
MSKCC_2023,P-0004105-T01-IM5,P-0004105,Female,0,75.03287671,75.03287671,0,0,Ever_Unspecified,Ever,0,,1,True
MSKCC_2023,P-0004232-T01-IM5,P-0004232,Male,1,66.69315068,66.69315068,0,0,Ever_Unspecified,Ever,0,,1,True
MSKCC_2023,P-0004238-T01-IM5,P-0004238,Female,0,64.15890411,64.15890411,0,0,Never,Never,0,,1,True
MSKCC_2023,P-0004271-T01-IM5,P-0004271,Female,0,35.48493151,35.48493151,0,0,Never,Never,0,,1,True
MSKCC_2023,P-0004342-T01-IM5,P-0004342,Female,0,74.20273973,74.20273973,0,0,Never,Never,0,,1,True
MSKCC_2023,P-0004359-T01-IM5,P-0004359,Female,0,71.34246575,71.34246575,0,0,Never,Never,0,,1,True
MSKCC_2023,P-0004361-T01-IM5,P-0004361,Female,0,66.36164384,66.36164384,0,0,Ever_Unspecified,Ever,0,,1,True
MSKCC_2023,P-0004442-T01-IM5,P-0004442,Male,1,61.98630137,61.98630137,0,0,Ever_Unspecified,Ever,0,,1,True
MSKCC_2023,P-0004447-T01-IM5,P-0004447,Male,1,74.16712329,74.16712329,0,0,Ever_Unspecified,Ever,0,,1,True
MSKCC_2023,P-0004607-T02-IM5,P-0004607,Male,1,63.6109589,63.6109589,0,0,Never,Never,0,,1,True
MSKCC_2023,P-0004659-T01-IM5,P-0004659,Male,1,66.50410959,66.50410959,0,0,Ever_Unspecified,Ever,0,,1,True
MSKCC_2023,P-0004678-T01-IM5,P-0004678,Male,1,65.17534247,65.17534247,0,0,Ever_Unspecified,Ever,0,,1,True
MSKCC_2023,P-0004693-T01-IM5,P-0004693,Female,0,73.29863014,73.29863014,0,0,Ever_Unspecified,Ever,0,,1,True
MSKCC_2023,P-0004714-T01-IM5,P-0004714,Female,0,66.51780822,66.51780822,0,0,Ever_Unspecified,Ever,0,,1,True
MSKCC_2023,P-0004739-T01-IM5,P-0004739,Female,0,43.38630137,43.38630137,0,0,Ever_Unspecified,Ever,0,,1,True
MSKCC_2023,P-0004752-T01-IM5,P-0004752,Male,1,83.89589041,83.89589041,0,0,Never,Never,0,,1,True
MSKCC_2023,P-0004860-T01-IM5,P-0004860,Male,1,69.35616438,69.35616438,0,0,Ever_Unspecified,Ever,0,,1,True
MSKCC_2023,P-0004873-T01-IM5,P-0004873,Female,0,63.46027397,63.46027397,0,0,Ever_Unspecified,Ever,0,,1,True
MSKCC_2023,P-0004875-T01-IM5,P-0004875,Male,1,75.26027397,75.26027397,0,0,Ever_Unspecified,Ever,0,,1,True
MSKCC_2023,P-0004882-T01-IM5,P-0004882,Female,0,63.73972603,63.73972603,0,0,Ever_Unspecified,Ever,0,,1,True
MSKCC_2023,P-0004890-T01-IM5,P-0004890,Female,0,68.67123288,68.67123288,0,0,Ever_Unspecified,Ever,0,,1,True
MSKCC_2023,P-0004988-T01-IM5,P-0004988,Female,0,55.74794521,55.74794521,0,0,Ever_Unspecified,Ever,0,,1,True
MSKCC_2023,P-0004990-T01-IM5,P-0004990,Female,0,68.08493151,68.08493151,0,0,Ever_Unspecified,Ever,0,,1,True
MSKCC_2023,P-0005190-T01-IM5,P-0005190,Male,1,58.36712329,58.36712329,0,0,Ever_Unspecified,Ever,0,,1,True
MSKCC_2023,P-0005194-T01-IM5,P-0005194,Female,0,50.62739726,50.62739726,0,0,Ever_Unspecified,Ever,0,,1,True
MSKCC_2023,P-0005198-T01-IM5,P-0005198,Female,0,74.18356164,74.18356164,0,0,Ever_Unspecified,Ever,0,,1,True
MSKCC_2023,P-0005252-T01-IM5,P-0005252,Female,0,79.05479452,79.05479452,0,0,Ever_Unspecified,Ever,0,,1,True
MSKCC_2023,P-0005464-T01-IM5,P-0005464,Female,0,67.30684932,67.30684932,0,0,Never,Never,0,,1,True
MSKCC_2023,P-0005483-T01-IM5,P-0005483,Female,0,57.12876712,57.12876712,0,0,Ever_Unspecified,Ever,0,,1,True
MSKCC_2023,P-0005544-T02-IM5,P-0005544,Female,0,68.61643836,68.61643836,0,0,Ever_Unspecified,Ever,0,,1,True
MSKCC_2023,P-0005567-T01-IM5,P-0005567,Female,0,67.84383562,67.84383562,0,0,Ever_Unspecified,Ever,0,,1,True
MSKCC_2023,P-0005580-T01-IM5,P-0005580,Female,0,76.66027397,76.66027397,0,0,Never,Never,0,,1,True
MSKCC_2023,P-0005694-T01-IM5,P-0005694,Female,0,60.78630137,60.78630137,0,0,Ever_Unspecified,Ever,0,,1,True
MSKCC_2023,P-0005707-T01-IM5,P-0005707,Female,0,79.67123288,79.67123288,0,0,Ever_Unspecified,Ever,0,,1,True
MSKCC_2023,P-0005763-T01-IM5,P-0005763,Male,1,66.35890411,66.35890411,0,0,Ever_Unspecified,Ever,0,,1,True
MSKCC_2023,P-0005786-T01-IM5,P-0005786,Female,0,45.4739726,45.4739726,0,0,Ever_Unspecified,Ever,0,,1,True
MSKCC_2023,P-0005813-T01-IM5,P-0005813,Female,0,49.4109589,49.4109589,0,0,Ever_Unspecified,Ever,0,,1,True
MSKCC_2023,P-0005845-T02-IM5,P-0005845,Female,0,74.80273973,74.80273973,0,0,Ever_Unspecified,Ever,0,,1,True
MSKCC_2023,P-0005847-T01-IM5,P-0005847,Female,0,64.80547945,64.80547945,0,0,Never,Never,0,,1,True
MSKCC_2023,P-0005873-T01-IM5,P-0005873,Female,0,82.96164384,82.96164384,0,0,Ever_Unspecified,Ever,0,,1,True
MSKCC_2023,P-0005881-T02-IM5,P-0005881,Female,0,64.08767123,64.08767123,0,0,Ever_Unspecified,Ever,0,,1,True
MSKCC_2023,P-0005927-T01-IM5,P-0005927,Female,0,60.87123288,60.87123288,0,0,Ever_Unspecified,Ever,0,,1,True
MSKCC_2023,P-0005942-T01-IM5,P-0005942,Female,0,82.74794521,82.74794521,0,0,Ever_Unspecified,Ever,0,,1,True
MSKCC_2023,P-0005959-T01-IM5,P-0005959,Female,0,65.70136986,65.70136986,0,0,Ever_Unspecified,Ever,0,,1,True
MSKCC_2023,P-0005975-T01-IM5,P-0005975,Female,0,80.11780822,80.11780822,0,0,Ever_Unspecified,Ever,0,,1,True
MSKCC_2023,P-0006002-T01-IM5,P-0006002,Female,0,76.71506849,76.71506849,0,0,Never,Never,0,,1,True
MSKCC_2023,P-0006060-T01-IM5,P-0006060,Female,0,67.28219178,67.28219178,0,0,Ever_Unspecified,Ever,0,,1,True
MSKCC_2023,P-0006084-T01-IM5,P-0006084,Male,1,62.18356164,62.18356164,0,0,Never,Never,0,,1,True
MSKCC_2023,P-0006115-T01-IM5,P-0006115,Female,0,58.86027397,58.86027397,0,0,Ever_Unspecified,Ever,0,,1,True
MSKCC_2023,P-0006127-T01-IM5,P-0006127,Male,1,72.12876712,72.12876712,0,0,Ever_Unspecified,Ever,0,,1,True
MSKCC_2023,P-0006139-T01-IM5,P-0006139,Female,0,76.16712329,76.16712329,0,0,Never,Never,0,,1,True
MSKCC_2023,P-0006140-T01-IM5,P-0006140,Female,0,66.04109589,66.04109589,0,0,Ever_Unspecified,Ever,0,,1,True
MSKCC_2023,P-0006191-T01-IM5,P-0006191,Female,0,58.43835616,58.43835616,0,0,Ever_Unspecified,Ever,0,,1,True
MSKCC_2023,P-0006210-T01-IM5,P-0006210,Female,0,65.54794521,65.54794521,0,0,Ever_Unspecified,Ever,0,,1,True
MSKCC_2023,P-0006221-T02-IM5,P-0006221,Female,0,48.3260274,48.3260274,0,0,Ever_Unspecified,Ever,0,,1,True
MSKCC_2023,P-0006280-T01-IM5,P-0006280,Female,0,73.01917808,73.01917808,0,0,Ever_Unspecified,Ever,0,,1,True
MSKCC_2023,P-0006292-T01-IM5,P-0006292,Female,0,75.00547945,75.00547945,0,0,Ever_Unspecified,Ever,0,,1,True
MSKCC_2023,P-0006343-T01-IM5,P-0006343,Female,0,60.04657534,60.04657534,0,0,Ever_Unspecified,Ever,0,,1,True
MSKCC_2023,P-0006402-T01-IM5,P-0006402,Female,0,63.77808219,63.77808219,0,0,Ever_Unspecified,Ever,0,,1,True
MSKCC_2023,P-0006421-T01-IM5,P-0006421,Female,0,73.12054795,73.12054795,0,0,Ever_Unspecified,Ever,0,,1,True
MSKCC_2023,P-0006474-T01-IM5,P-0006474,Female,0,64.53424658,64.53424658,0,0,Ever_Unspecified,Ever,0,,1,True
MSKCC_2023,P-0006485-T01-IM5,P-0006485,Female,0,83.42465753,83.42465753,0,0,Ever_Unspecified,Ever,0,,1,True
MSKCC_2023,P-0006588-T01-IM5,P-0006588,Female,0,70.29041096,70.29041096,0,0,Never,Never,0,,1,True
MSKCC_2023,P-0006640-T01-IM5,P-0006640,Female,0,83.46849315,83.46849315,0,0,Ever_Unspecified,Ever,0,,1,True
MSKCC_2023,P-0006677-T02-IM6,P-0006677,Female,0,69.97260274,69.97260274,0,0,Ever_Unspecified,Ever,0,,1,True
MSKCC_2023,P-0006747-T01-IM5,P-0006747,Female,0,66.49041096,66.49041096,0,0,Ever_Unspecified,Ever,0,,1,True
MSKCC_2023,P-0006768-T01-IM5,P-0006768,Male,1,65.96164384,65.96164384,0,0,Ever_Unspecified,Ever,0,,1,True
MSKCC_2023,P-0006793-T01-IM5,P-0006793,Female,0,50.26027397,50.26027397,0,0,Ever_Unspecified,Ever,0,,1,True
MSKCC_2023,P-0006810-T02-IM6,P-0006810,Female,0,67.03561644,67.03561644,0,0,Never,Never,0,,1,True
MSKCC_2023,P-0006844-T01-IM5,P-0006844,Female,0,60.13150685,60.13150685,0,0,Never,Never,0,,1,True
MSKCC_2023,P-0006896-T01-IM5,P-0006896,Male,1,67.10136986,67.10136986,0,0,Ever_Unspecified,Ever,0,,1,True
MSKCC_2023,P-0006912-T01-IM5,P-0006912,Female,0,75.05205479,75.05205479,0,0,Never,Never,0,,1,True
MSKCC_2023,P-0006920-T01-IM5,P-0006920,Male,1,73.18082192,73.18082192,0,0,Ever_Unspecified,Ever,0,,1,True
MSKCC_2023,P-0007004-T01-IM5,P-0007004,Female,0,63.70136986,63.70136986,0,0,Ever_Unspecified,Ever,0,,1,True
MSKCC_2023,P-0007031-T01-IM5,P-0007031,Female,0,64.82739726,64.82739726,0,0,Ever_Unspecified,Ever,0,,1,True
MSKCC_2023,P-0007074-T01-IM5,P-0007074,Female,0,65.40273973,65.40273973,0,0,Ever_Unspecified,Ever,0,,1,True
MSKCC_2023,P-0007119-T01-IM5,P-0007119,Male,1,60.35068493,60.35068493,0,0,Ever_Unspecified,Ever,0,,1,True
MSKCC_2023,P-0007121-T01-IM5,P-0007121,Female,0,57.85205479,57.85205479,0,0,Ever_Unspecified,Ever,0,,1,True
MSKCC_2023,P-0007167-T01-IM5,P-0007167,Male,1,62.63013699,62.63013699,0,0,Never,Never,0,,1,True
MSKCC_2023,P-0007345-T01-IM5,P-0007345,Male,1,82.18356164,82.18356164,0,0,Ever_Unspecified,Ever,0,,1,True
MSKCC_2023,P-0007532-T01-IM5,P-0007532,Female,0,64.66575342,64.66575342,0,0,Ever_Unspecified,Ever,0,,1,True
MSKCC_2023,P-0007545-T01-IM5,P-0007545,Female,0,72.99726027,72.99726027,0,0,Ever_Unspecified,Ever,0,,1,True
MSKCC_2023,P-0007633-T01-IM5,P-0007633,Male,1,78.68493151,78.68493151,0,0,Ever_Unspecified,Ever,0,,1,True
MSKCC_2023,P-0007638-T01-IM5,P-0007638,Female,0,69.15068493,69.15068493,0,0,Ever_Unspecified,Ever,0,,1,True
MSKCC_2023,P-0007681-T01-IM5,P-0007681,Male,1,72.63835616,72.63835616,0,0,Never,Never,0,,1,True
MSKCC_2023,P-0007745-T02-IM5,P-0007745,Female,0,43.7369863,43.7369863,0,0,Ever_Unspecified,Ever,0,,1,True
MSKCC_2023,P-0007754-T01-IM5,P-0007754,Male,1,75.80273973,75.80273973,0,0,Ever_Unspecified,Ever,0,,1,True
MSKCC_2023,P-0007779-T01-IM5,P-0007779,Female,0,70.43835616,70.43835616,0,0,Ever_Unspecified,Ever,0,,1,True
MSKCC_2023,P-0007816-T01-IM5,P-0007816,Female,0,78.23561644,78.23561644,0,0,Ever_Unspecified,Ever,0,,1,True
MSKCC_2023,P-0007846-T01-IM5,P-0007846,Female,0,70.47671233,70.47671233,0,0,Ever_Unspecified,Ever,0,,1,True
MSKCC_2023,P-0007879-T01-IM5,P-0007879,Female,0,66.85479452,66.85479452,0,0,Ever_Unspecified,Ever,0,,1,True
MSKCC_2023,P-0007896-T01-IM5,P-0007896,Female,0,83.91780822,83.91780822,0,0,Never,Never,0,,1,True
MSKCC_2023,P-0007901-T01-IM5,P-0007901,Male,1,67.74794521,67.74794521,0,0,Ever_Unspecified,Ever,0,,1,True
MSKCC_2023,P-0007916-T01-IM5,P-0007916,Male,1,67.96164384,67.96164384,0,0,Ever_Unspecified,Ever,0,,1,True
MSKCC_2023,P-0008002-T01-IM5,P-0008002,Male,1,72.04383562,72.04383562,0,0,Ever_Unspecified,Ever,0,,1,True
MSKCC_2023,P-0008161-T01-IM5,P-0008161,Male,1,81.17260274,81.17260274,0,0,Ever_Unspecified,Ever,0,,1,True
MSKCC_2023,P-0008176-T01-IM5,P-0008176,Female,0,70.15342466,70.15342466,0,0,Never,Never,0,,1,True
MSKCC_2023,P-0008292-T01-IM5,P-0008292,Female,0,72.70684932,72.70684932,0,0,Ever_Unspecified,Ever,0,,1,True
MSKCC_2023,P-0008310-T01-IM5,P-0008310,Female,0,65.92054795,65.92054795,0,0,Never,Never,0,,1,True
MSKCC_2023,P-0008440-T01-IM5,P-0008440,Female,0,65.40273973,65.40273973,0,0,Ever_Unspecified,Ever,0,,1,True
MSKCC_2023,P-0008485-T01-IM5,P-0008485,Male,1,64.79452055,64.79452055,0,0,Ever_Unspecified,Ever,0,,1,True
MSKCC_2023,P-0008601-T01-IM5,P-0008601,Male,1,59.80273973,59.80273973,0,0,Never,Never,0,,1,True
MSKCC_2023,P-0008602-T02-IM6,P-0008602,Female,0,55.6739726,55.6739726,0,0,Ever_Unspecified,Ever,0,,1,True
MSKCC_2023,P-0008664-T01-IM5,P-0008664,Female,0,58.10958904,58.10958904,0,0,Never,Never,0,,1,True
MSKCC_2023,P-0008668-T01-IM5,P-0008668,Male,1,76.64931507,76.64931507,0,0,Ever_Unspecified,Ever,0,,1,True
MSKCC_2023,P-0008837-T02-IM6,P-0008837,Female,0,63.76986301,63.76986301,0,0,Ever_Unspecified,Ever,0,,1,True
MSKCC_2023,P-0008849-T01-IM5,P-0008849,Female,0,50.67671233,50.67671233,0,0,Never,Never,0,,1,True
MSKCC_2023,P-0008874-T01-IM5,P-0008874,Male,1,55.63561644,55.63561644,0,0,Ever_Unspecified,Ever,0,,1,True
MSKCC_2023,P-0008938-T04-IM6,P-0008938,Male,1,57.8109589,57.8109589,0,0,Ever_Unspecified,Ever,0,,1,True
MSKCC_2023,P-0008944-T01-IM5,P-0008944,Female,0,46.24109589,46.24109589,0,0,Ever_Unspecified,Ever,0,,1,True
MSKCC_2023,P-0008957-T01-IM5,P-0008957,Male,1,69.11232877,69.11232877,0,0,Ever_Unspecified,Ever,0,,1,True
MSKCC_2023,P-0009110-T01-IM5,P-0009110,Female,0,53.27123288,53.27123288,0,0,Ever_Unspecified,Ever,0,,1,True
MSKCC_2023,P-0009194-T01-IM5,P-0009194,Male,1,70.96164384,70.96164384,0,0,Ever_Unspecified,Ever,0,,1,True
MSKCC_2023,P-0009215-T01-IM5,P-0009215,Female,0,69.01917808,69.01917808,0,0,Never,Never,0,,1,True
MSKCC_2023,P-0009260-T01-IM5,P-0009260,Female,0,79.75342466,79.75342466,0,0,Ever_Unspecified,Ever,0,,1,True
MSKCC_2023,P-0009312-T01-IM5,P-0009312,Male,1,51.53424658,51.53424658,0,0,Ever_Unspecified,Ever,0,,1,True
MSKCC_2023,P-0009313-T01-IM5,P-0009313,Female,0,71.18630137,71.18630137,0,0,Ever_Unspecified,Ever,0,,1,True
MSKCC_2023,P-0009357-T01-IM5,P-0009357,Male,1,72.30684932,72.30684932,0,0,Never,Never,0,,1,True
MSKCC_2023,P-0009358-T01-IM5,P-0009358,Female,0,72.27123288,72.27123288,0,0,Ever_Unspecified,Ever,0,,1,True
MSKCC_2023,P-0009422-T01-IM5,P-0009422,Female,0,79.08219178,79.08219178,0,0,Ever_Unspecified,Ever,0,,1,True
MSKCC_2023,P-0009462-T01-IM5,P-0009462,Male,1,75.00821918,75.00821918,0,0,Ever_Unspecified,Ever,0,,1,True
MSKCC_2023,P-0009469-T01-IM5,P-0009469,Female,0,31.93424658,31.93424658,0,0,Never,Never,0,,1,True
MSKCC_2023,P-0009487-T01-IM5,P-0009487,Female,0,70.4109589,70.4109589,0,0,Never,Never,0,,1,True
MSKCC_2023,P-0009555-T01-IM5,P-0009555,Female,0,68.46027397,68.46027397,0,0,Ever_Unspecified,Ever,0,,1,True
MSKCC_2023,P-0009559-T01-IM5,P-0009559,Male,1,78.27945205,78.27945205,0,0,Ever_Unspecified,Ever,0,,1,True
MSKCC_2023,P-0009590-T01-IM5,P-0009590,Female,0,70.36438356,70.36438356,0,0,Ever_Unspecified,Ever,0,,1,True
MSKCC_2023,P-0009633-T01-IM5,P-0009633,Female,0,60.27671233,60.27671233,0,0,Ever_Unspecified,Ever,0,,1,True
MSKCC_2023,P-0009655-T01-IM5,P-0009655,Female,0,70.95890411,70.95890411,0,0,Ever_Unspecified,Ever,0,,1,True
MSKCC_2023,P-0009680-T01-IM5,P-0009680,Female,0,57.93424658,57.93424658,0,0,Ever_Unspecified,Ever,0,,1,True
MSKCC_2023,P-0009684-T01-IM5,P-0009684,Female,0,38.68767123,38.68767123,0,0,Ever_Unspecified,Ever,0,,1,True
MSKCC_2023,P-0009691-T01-IM5,P-0009691,Female,0,47.16164384,47.16164384,0,0,Ever_Unspecified,Ever,0,,1,True
MSKCC_2023,P-0009762-T01-IM5,P-0009762,Male,1,70.51506849,70.51506849,0,0,Ever_Unspecified,Ever,0,,1,True
MSKCC_2023,P-0009764-T01-IM5,P-0009764,Female,0,50.18630137,50.18630137,0,0,Ever_Unspecified,Ever,0,,1,True
MSKCC_2023,P-0009837-T01-IM5,P-0009837,Female,0,72.03287671,72.03287671,0,0,Ever_Unspecified,Ever,0,,1,True
MSKCC_2023,P-0009920-T01-IM5,P-0009920,Female,0,78.96438356,78.96438356,0,0,Ever_Unspecified,Ever,0,,1,True
MSKCC_2023,P-0009928-T01-IM5,P-0009928,Female,0,70.21643836,70.21643836,0,0,Never,Never,0,,1,True
MSKCC_2023,P-0009937-T01-IM5,P-0009937,Female,0,63.60273973,63.60273973,0,0,Ever_Unspecified,Ever,0,,1,True
MSKCC_2023,P-0009948-T02-IM5,P-0009948,Female,0,70.53424658,70.53424658,0,0,Ever_Unspecified,Ever,0,,1,True
MSKCC_2023,P-0009957-T01-IM5,P-0009957,Female,0,65.96438356,65.96438356,0,0,Never,Never,0,,1,True
MSKCC_2023,P-0010063-T01-IM5,P-0010063,Male,1,72.36986301,72.36986301,0,0,Ever_Unspecified,Ever,0,,1,True
MSKCC_2023,P-0010131-T01-IM5,P-0010131,Female,0,65.16712329,65.16712329,0,0,Never,Never,0,,1,True
MSKCC_2023,P-0010133-T01-IM5,P-0010133,Female,0,73.83287671,73.83287671,0,0,Never,Never,0,,1,True
MSKCC_2023,P-0010169-T01-IM5,P-0010169,Male,1,82.23013699,82.23013699,0,0,Ever_Unspecified,Ever,0,,1,True
MSKCC_2023,P-0010177-T01-IM5,P-0010177,Female,0,49.68767123,49.68767123,0,0,Never,Never,0,,1,True
MSKCC_2023,P-0010253-T01-IM5,P-0010253,Female,0,75.81917808,75.81917808,0,0,Ever_Unspecified,Ever,0,,1,True
MSKCC_2023,P-0010256-T01-IM5,P-0010256,Female,0,69.78630137,69.78630137,0,0,Ever_Unspecified,Ever,0,,1,True
MSKCC_2023,P-0010300-T01-IM5,P-0010300,Male,1,53.2739726,53.2739726,0,0,Never,Never,0,,1,True
MSKCC_2023,P-0010307-T01-IM5,P-0010307,Male,1,64.10410959,64.10410959,0,0,Ever_Unspecified,Ever,0,,1,True
MSKCC_2023,P-0010332-T01-IM5,P-0010332,Female,0,63.63287671,63.63287671,0,0,Ever_Unspecified,Ever,0,,1,True
MSKCC_2023,P-0010355-T01-IM5,P-0010355,Female,0,68.77534247,68.77534247,0,0,Ever_Unspecified,Ever,0,,1,True
MSKCC_2023,P-0010359-T01-IM5,P-0010359,Male,1,61.04109589,61.04109589,0,0,Ever_Unspecified,Ever,0,,1,True
MSKCC_2023,P-0010442-T01-IM5,P-0010442,Male,1,75.58630137,75.58630137,0,0,Ever_Unspecified,Ever,0,,1,True
MSKCC_2023,P-0010507-T01-IM5,P-0010507,Male,1,81.08493151,81.08493151,0,0,Never,Never,0,,1,True
MSKCC_2023,P-0010554-T01-IM5,P-0010554,Female,0,47.4,47.4,0,0,Ever_Unspecified,Ever,0,,1,True
MSKCC_2023,P-0010601-T01-IM5,P-0010601,Female,0,68.60547945,68.60547945,0,0,Ever_Unspecified,Ever,0,,1,True
MSKCC_2023,P-0010632-T01-IM5,P-0010632,Male,1,68.59178082,68.59178082,0,0,Ever_Unspecified,Ever,0,,1,True
MSKCC_2023,P-0010675-T01-IM5,P-0010675,Male,1,57.30136986,57.30136986,0,0,Ever_Unspecified,Ever,0,,1,True
MSKCC_2023,P-0010763-T01-IM5,P-0010763,Female,0,61.11780822,61.11780822,0,0,Ever_Unspecified,Ever,0,,1,True
MSKCC_2023,P-0010793-T01-IM5,P-0010793,Female,0,75.97260274,75.97260274,0,0,Never,Never,0,,1,True
MSKCC_2023,P-0010821-T01-IM5,P-0010821,Male,1,69.75616438,69.75616438,0,0,Ever_Unspecified,Ever,0,,1,True
MSKCC_2023,P-0010841-T01-IM5,P-0010841,Female,0,61.76712329,61.76712329,0,0,Never,Never,0,,1,True
MSKCC_2023,P-0010927-T02-IM5,P-0010927,Female,0,62.51506849,62.51506849,0,0,Ever_Unspecified,Ever,0,,1,True
MSKCC_2023,P-0010980-T01-IM5,P-0010980,Female,0,73.1369863,73.1369863,0,0,Unknown,Unknown,1,,1,True
MSKCC_2023,P-0011005-T01-IM5,P-0011005,Male,1,65.15616438,65.15616438,0,0,Ever_Unspecified,Ever,0,,1,True
MSKCC_2023,P-0011016-T01-IM5,P-0011016,Female,0,61.68219178,61.68219178,0,0,Ever_Unspecified,Ever,0,,1,True
MSKCC_2023,P-0011018-T01-IM5,P-0011018,Female,0,54.88767123,54.88767123,0,0,Never,Never,0,,1,True
MSKCC_2023,P-0011142-T01-IM5,P-0011142,Male,1,58.48493151,58.48493151,0,0,Ever_Unspecified,Ever,0,,1,True
MSKCC_2023,P-0011150-T01-IM5,P-0011150,Male,1,78.69041096,78.69041096,0,0,Ever_Unspecified,Ever,0,,1,True
MSKCC_2023,P-0011157-T01-IM5,P-0011157,Male,1,80.2630137,80.2630137,0,0,Ever_Unspecified,Ever,0,,1,True
MSKCC_2023,P-0011180-T01-IM5,P-0011180,Female,0,61.0630137,61.0630137,0,0,Never,Never,0,,1,True
MSKCC_2023,P-0011183-T01-IM5,P-0011183,Female,0,77.99726027,77.99726027,0,0,Ever_Unspecified,Ever,0,,1,True
MSKCC_2023,P-0011234-T02-IM5,P-0011234,Female,0,72.94520548,72.94520548,0,0,Never,Never,0,,1,True
MSKCC_2023,P-0011236-T01-IM5,P-0011236,Female,0,65.83561644,65.83561644,0,0,Ever_Unspecified,Ever,0,,1,True
MSKCC_2023,P-0011293-T01-IM5,P-0011293,Male,1,65.80821918,65.80821918,0,0,Ever_Unspecified,Ever,0,,1,True
MSKCC_2023,P-0011301-T02-IM5,P-0011301,Female,0,71.25479452,71.25479452,0,0,Ever_Unspecified,Ever,0,,1,True
MSKCC_2023,P-0011461-T01-IM5,P-0011461,Female,0,60.46849315,60.46849315,0,0,Ever_Unspecified,Ever,0,,1,True
MSKCC_2023,P-0011535-T01-IM5,P-0011535,Female,0,72.52328767,72.52328767,0,0,Ever_Unspecified,Ever,0,,1,True
MSKCC_2023,P-0012049-T01-IM5,P-0012049,Female,0,67.84383562,67.84383562,0,0,Ever_Unspecified,Ever,0,,1,True
MSKCC_2023,P-0012056-T01-IM5,P-0012056,Male,1,62.76438356,62.76438356,0,0,Ever_Unspecified,Ever,0,,1,True
MSKCC_2023,P-0012061-T01-IM5,P-0012061,Male,1,82.27671233,82.27671233,0,0,Ever_Unspecified,Ever,0,,1,True
MSKCC_2023,P-0012065-T01-IM5,P-0012065,Male,1,43.80547945,43.80547945,0,0,Ever_Unspecified,Ever,0,,1,True
MSKCC_2023,P-0012079-T01-IM5,P-0012079,Female,0,56.62191781,56.62191781,0,0,Ever_Unspecified,Ever,0,,1,True
MSKCC_2023,P-0012089-T01-IM5,P-0012089,Female,0,61.56986301,61.56986301,0,0,Never,Never,0,,1,True
MSKCC_2023,P-0012090-T01-IM5,P-0012090,Male,1,77.93424658,77.93424658,0,0,Ever_Unspecified,Ever,0,,1,True
MSKCC_2023,P-0012111-T01-IM5,P-0012111,Female,0,62.93150685,62.93150685,0,0,Never,Never,0,,1,True
MSKCC_2023,P-0012261-T01-IM5,P-0012261,Female,0,62.02739726,62.02739726,0,0,Never,Never,0,,1,True
MSKCC_2023,P-0012308-T01-IM5,P-0012308,Male,1,82.09041096,82.09041096,0,0,Ever_Unspecified,Ever,0,,1,True
MSKCC_2023,P-0012404-T01-IM5,P-0012404,Female,0,75.63835616,75.63835616,0,0,Never,Never,0,,1,True
MSKCC_2023,P-0012428-T01-IM5,P-0012428,Female,0,67.31780822,67.31780822,0,0,Ever_Unspecified,Ever,0,,1,True
MSKCC_2023,P-0012436-T01-IM5,P-0012436,Female,0,76.10684932,76.10684932,0,0,Never,Never,0,,1,True
MSKCC_2023,P-0012437-T01-IM5,P-0012437,Male,1,72.90684932,72.90684932,0,0,Ever_Unspecified,Ever,0,,1,True
MSKCC_2023,P-0012439-T01-IM5,P-0012439,Female,0,70.23561644,70.23561644,0,0,Ever_Unspecified,Ever,0,,1,True
MSKCC_2023,P-0012449-T01-IM5,P-0012449,Male,1,78.64383562,78.64383562,0,0,Ever_Unspecified,Ever,0,,1,True
MSKCC_2023,P-0012458-T01-IM5,P-0012458,Female,0,59.68767123,59.68767123,0,0,Ever_Unspecified,Ever,0,,1,True
MSKCC_2023,P-0012476-T02-IM6,P-0012476,Female,0,80.9260274,80.9260274,0,0,Ever_Unspecified,Ever,0,,1,True
MSKCC_2023,P-0012540-T01-IM5,P-0012540,Male,1,68.7260274,68.7260274,0,0,Ever_Unspecified,Ever,0,,1,True
MSKCC_2023,P-0012574-T01-IM5,P-0012574,Female,0,66.4,66.4,0,0,Never,Never,0,,1,True
MSKCC_2023,P-0012592-T01-IM5,P-0012592,Female,0,62.51232877,62.51232877,0,0,Never,Never,0,,1,True
MSKCC_2023,P-0012647-T01-IM5,P-0012647,Female,0,65.32328767,65.32328767,0,0,Ever_Unspecified,Ever,0,,1,True
MSKCC_2023,P-0012649-T01-IM5,P-0012649,Female,0,72.3890411,72.3890411,0,0,Ever_Unspecified,Ever,0,,1,True
MSKCC_2023,P-0012730-T01-IM5,P-0012730,Female,0,56.50684932,56.50684932,0,0,Ever_Unspecified,Ever,0,,1,True
MSKCC_2023,P-0012745-T01-IM5,P-0012745,Male,1,56.40821918,56.40821918,0,0,Never,Never,0,,1,True
MSKCC_2023,P-0012778-T01-IM5,P-0012778,Male,1,43.19726027,43.19726027,0,0,Never,Never,0,,1,True
MSKCC_2023,P-0012788-T01-IM5,P-0012788,Female,0,69.46027397,69.46027397,0,0,Ever_Unspecified,Ever,0,,1,True
MSKCC_2023,P-0012913-T01-IM5,P-0012913,Female,0,74.96712329,74.96712329,0,0,Ever_Unspecified,Ever,0,,1,True
MSKCC_2023,P-0012919-T01-IM5,P-0012919,Female,0,63.54520548,63.54520548,0,0,Ever_Unspecified,Ever,0,,1,True
MSKCC_2023,P-0012922-T01-IM5,P-0012922,Female,0,65.10958904,65.10958904,0,0,Ever_Unspecified,Ever,0,,1,True
MSKCC_2023,P-0013016-T01-IM5,P-0013016,Female,0,73.96986301,73.96986301,0,0,Never,Never,0,,1,True
MSKCC_2023,P-0013273-T02-IM5,P-0013273,Female,0,69.52054795,69.52054795,0,0,Never,Never,0,,1,True
MSKCC_2023,P-0013295-T01-IM5,P-0013295,Female,0,76.52876712,76.52876712,0,0,Ever_Unspecified,Ever,0,,1,True
MSKCC_2023,P-0013338-T01-IM5,P-0013338,Female,0,66.56438356,66.56438356,0,0,Ever_Unspecified,Ever,0,,1,True
MSKCC_2023,P-0013355-T01-IM5,P-0013355,Female,0,48.86849315,48.86849315,0,0,Ever_Unspecified,Ever,0,,1,True
MSKCC_2023,P-0013376-T01-IM5,P-0013376,Female,0,71.99726027,71.99726027,0,0,Ever_Unspecified,Ever,0,,1,True
MSKCC_2023,P-0013460-T01-IM5,P-0013460,Male,1,57.34246575,57.34246575,0,0,Ever_Unspecified,Ever,0,,1,True
MSKCC_2023,P-0013484-T02-IM6,P-0013484,Male,1,67.9890411,67.9890411,0,0,Ever_Unspecified,Ever,0,,1,True
MSKCC_2023,P-0013509-T01-IM5,P-0013509,Female,0,72.4739726,72.4739726,0,0,Ever_Unspecified,Ever,0,,1,True
MSKCC_2023,P-0013522-T03-IM5,P-0013522,Male,1,41.77260274,41.77260274,0,0,Ever_Unspecified,Ever,0,,1,True
MSKCC_2023,P-0013534-T01-IM5,P-0013534,Female,0,78.34520548,78.34520548,0,0,Ever_Unspecified,Ever,0,,1,True
MSKCC_2023,P-0013554-T01-IM5,P-0013554,Female,0,57.76438356,57.76438356,0,0,Ever_Unspecified,Ever,0,,1,True
MSKCC_2023,P-0013702-T01-IM5,P-0013702,Female,0,70.63287671,70.63287671,0,0,Ever_Unspecified,Ever,0,,1,True
MSKCC_2023,P-0013705-T01-IM5,P-0013705,Male,1,79.0,79.0,0,0,Ever_Unspecified,Ever,0,,1,True
MSKCC_2023,P-0013708-T01-IM5,P-0013708,Female,0,75.41643836,75.41643836,0,0,Never,Never,0,,1,True
MSKCC_2023,P-0013710-T01-IM5,P-0013710,Female,0,69.78630137,69.78630137,0,0,Ever_Unspecified,Ever,0,,1,True
MSKCC_2023,P-0013752-T01-IM5,P-0013752,Female,0,69.03287671,69.03287671,0,0,Ever_Unspecified,Ever,0,,1,True
MSKCC_2023,P-0013759-T01-IM5,P-0013759,Female,0,56.87945205,56.87945205,0,0,Never,Never,0,,1,True
MSKCC_2023,P-0013794-T01-IM5,P-0013794,Male,1,75.9369863,75.9369863,0,0,Ever_Unspecified,Ever,0,,1,True
MSKCC_2023,P-0013796-T02-IM6,P-0013796,Female,0,72.05205479,72.05205479,0,0,Ever_Unspecified,Ever,0,,1,True
MSKCC_2023,P-0013813-T01-IM5,P-0013813,Male,1,76.86575342,76.86575342,0,0,Ever_Unspecified,Ever,0,,1,True
MSKCC_2023,P-0013872-T01-IM5,P-0013872,Female,0,73.41643836,73.41643836,0,0,Ever_Unspecified,Ever,0,,1,True
MSKCC_2023,P-0013900-T01-IM5,P-0013900,Male,1,66.05753425,66.05753425,0,0,Ever_Unspecified,Ever,0,,1,True
MSKCC_2023,P-0013966-T01-IM5,P-0013966,Female,0,63.53150685,63.53150685,0,0,Never,Never,0,,1,True
MSKCC_2023,P-0013978-T01-IM5,P-0013978,Male,1,70.49315068,70.49315068,0,0,Ever_Unspecified,Ever,0,,1,True
MSKCC_2023,P-0013995-T01-IM5,P-0013995,Male,1,70.23013699,70.23013699,0,0,Ever_Unspecified,Ever,0,,1,True
MSKCC_2023,P-0013997-T01-IM5,P-0013997,Female,0,73.46575342,73.46575342,0,0,Ever_Unspecified,Ever,0,,1,True
MSKCC_2023,P-0014075-T01-IM5,P-0014075,Male,1,79.56712329,79.56712329,0,0,Ever_Unspecified,Ever,0,,1,True
MSKCC_2023,P-0014089-T01-IM5,P-0014089,Female,0,60.45753425,60.45753425,0,0,Ever_Unspecified,Ever,0,,1,True
MSKCC_2023,P-0014117-T01-IM5,P-0014117,Male,1,61.35068493,61.35068493,0,0,Ever_Unspecified,Ever,0,,1,True
MSKCC_2023,P-0014120-T01-IM5,P-0014120,Female,0,70.69863014,70.69863014,0,0,Ever_Unspecified,Ever,0,,1,True
MSKCC_2023,P-0014127-T01-IM5,P-0014127,Female,0,60.74794521,60.74794521,0,0,Never,Never,0,,1,True
MSKCC_2023,P-0014135-T02-IM5,P-0014135,Female,0,70.20821918,70.20821918,0,0,Unknown,Unknown,1,,1,True
MSKCC_2023,P-0014172-T01-IM5,P-0014172,Male,1,83.24657534,83.24657534,0,0,Ever_Unspecified,Ever,0,,1,True
MSKCC_2023,P-0014187-T01-IM6,P-0014187,Female,0,79.32054795,79.32054795,0,0,Never,Never,0,,1,True
MSKCC_2023,P-0014221-T01-IM6,P-0014221,Male,1,81.61917808,81.61917808,0,0,Ever_Unspecified,Ever,0,,1,True
MSKCC_2023,P-0014222-T01-IM6,P-0014222,Female,0,50.89863014,50.89863014,0,0,Ever_Unspecified,Ever,0,,1,True
MSKCC_2023,P-0014223-T02-IM6,P-0014223,Female,0,57.96164384,57.96164384,0,0,Never,Never,0,,1,True
MSKCC_2023,P-0014232-T01-IM6,P-0014232,Male,1,59.47123288,59.47123288,0,0,Ever_Unspecified,Ever,0,,1,True
MSKCC_2023,P-0014239-T01-IM6,P-0014239,Male,1,72.50958904,72.50958904,0,0,Ever_Unspecified,Ever,0,,1,True
MSKCC_2023,P-0014257-T01-IM6,P-0014257,Female,0,74.90684932,74.90684932,0,0,Ever_Unspecified,Ever,0,,1,True
MSKCC_2023,P-0014262-T02-IM6,P-0014262,Female,0,62.54520548,62.54520548,0,0,Never,Never,0,,1,True
MSKCC_2023,P-0014285-T02-IM6,P-0014285,Female,0,61.29863014,61.29863014,0,0,Ever_Unspecified,Ever,0,,1,True
MSKCC_2023,P-0014297-T01-IM6,P-0014297,Male,1,71.92054795,71.92054795,0,0,Ever_Unspecified,Ever,0,,1,True
MSKCC_2023,P-0014310-T01-IM6,P-0014310,Female,0,27.51232877,27.51232877,0,0,Never,Never,0,,1,True
MSKCC_2023,P-0014413-T01-IM6,P-0014413,Female,0,72.30684932,72.30684932,0,0,Ever_Unspecified,Ever,0,,1,True
MSKCC_2023,P-0014430-T01-IM6,P-0014430,Female,0,67.55890411,67.55890411,0,0,Ever_Unspecified,Ever,0,,1,True
MSKCC_2023,P-0014451-T01-IM6,P-0014451,Female,0,64.86849315,64.86849315,0,0,Ever_Unspecified,Ever,0,,1,True
MSKCC_2023,P-0014453-T02-IM6,P-0014453,Male,1,71.19452055,71.19452055,0,0,Ever_Unspecified,Ever,0,,1,True
MSKCC_2023,P-0014471-T01-IM6,P-0014471,Male,1,47.53424658,47.53424658,0,0,Never,Never,0,,1,True
MSKCC_2023,P-0014487-T01-IM6,P-0014487,Male,1,71.08767123,71.08767123,0,0,Ever_Unspecified,Ever,0,,1,True
MSKCC_2023,P-0014496-T01-IM6,P-0014496,Male,1,79.39178082,79.39178082,0,0,Ever_Unspecified,Ever,0,,1,True
MSKCC_2023,P-0014502-T01-IM6,P-0014502,Female,0,73.24931507,73.24931507,0,0,Never,Never,0,,1,True
MSKCC_2023,P-0014525-T01-IM6,P-0014525,Female,0,79.95616438,79.95616438,0,0,Never,Never,0,,1,True
MSKCC_2023,P-0014554-T01-IM6,P-0014554,Male,1,57.28767123,57.28767123,0,0,Ever_Unspecified,Ever,0,,1,True
MSKCC_2023,P-0014572-T01-IM6,P-0014572,Female,0,78.39452055,78.39452055,0,0,Ever_Unspecified,Ever,0,,1,True
MSKCC_2023,P-0014614-T01-IM6,P-0014614,Female,0,74.20547945,74.20547945,0,0,Ever_Unspecified,Ever,0,,1,True
MSKCC_2023,P-0014688-T01-IM6,P-0014688,Female,0,76.44657534,76.44657534,0,0,Never,Never,0,,1,True
MSKCC_2023,P-0014735-T01-IM6,P-0014735,Female,0,45.04383562,45.04383562,0,0,Never,Never,0,,1,True
MSKCC_2023,P-0014805-T01-IM6,P-0014805,Female,0,66.22465753,66.22465753,0,0,Ever_Unspecified,Ever,0,,1,True
MSKCC_2023,P-0014833-T01-IM6,P-0014833,Female,0,56.30410959,56.30410959,0,0,Ever_Unspecified,Ever,0,,1,True
MSKCC_2023,P-0014875-T01-IM6,P-0014875,Female,0,52.64657534,52.64657534,0,0,Never,Never,0,,1,True
MSKCC_2023,P-0014878-T01-IM6,P-0014878,Male,1,70.9369863,70.9369863,0,0,Never,Never,0,,1,True
MSKCC_2023,P-0015018-T01-IM6,P-0015018,Female,0,55.48219178,55.48219178,0,0,Ever_Unspecified,Ever,0,,1,True
MSKCC_2023,P-0015027-T01-IM6,P-0015027,Female,0,59.46849315,59.46849315,0,0,Ever_Unspecified,Ever,0,,1,True
MSKCC_2023,P-0015056-T01-IM6,P-0015056,Female,0,59.1260274,59.1260274,0,0,Ever_Unspecified,Ever,0,,1,True
MSKCC_2023,P-0015061-T01-IM6,P-0015061,Male,1,75.32054795,75.32054795,0,0,Ever_Unspecified,Ever,0,,1,True
MSKCC_2023,P-0015073-T01-IM6,P-0015073,Male,1,81.10958904,81.10958904,0,0,Ever_Unspecified,Ever,0,,1,True
MSKCC_2023,P-0015075-T01-IM6,P-0015075,Male,1,58.85753425,58.85753425,0,0,Ever_Unspecified,Ever,0,,1,True
MSKCC_2023,P-0015079-T02-IM6,P-0015079,Female,0,61.46849315,61.46849315,0,0,Never,Never,0,,1,True
MSKCC_2023,P-0015112-T01-IM6,P-0015112,Female,0,79.63287671,79.63287671,0,0,Ever_Unspecified,Ever,0,,1,True
MSKCC_2023,P-0015256-T01-IM6,P-0015256,Female,0,73.9369863,73.9369863,0,0,Ever_Unspecified,Ever,0,,1,True
MSKCC_2023,P-0015259-T01-IM6,P-0015259,Male,1,85.09315068,85.09315068,0,0,Never,Never,0,,1,True
MSKCC_2023,P-0015332-T01-IM6,P-0015332,Female,0,55.3260274,55.3260274,0,0,Ever_Unspecified,Ever,0,,1,True
MSKCC_2023,P-0015352-T01-IM6,P-0015352,Male,1,72.30684932,72.30684932,0,0,Ever_Unspecified,Ever,0,,1,True
MSKCC_2023,P-0015358-T01-IM6,P-0015358,Female,0,66.79452055,66.79452055,0,0,Ever_Unspecified,Ever,0,,1,True
MSKCC_2023,P-0015359-T01-IM6,P-0015359,Female,0,61.81917808,61.81917808,0,0,Never,Never,0,,1,True
MSKCC_2023,P-0015368-T01-IM6,P-0015368,Male,1,69.33424658,69.33424658,0,0,Ever_Unspecified,Ever,0,,1,True
MSKCC_2023,P-0015388-T01-IM6,P-0015388,Male,1,78.70958904,78.70958904,0,0,Ever_Unspecified,Ever,0,,1,True
MSKCC_2023,P-0015431-T01-IM6,P-0015431,Male,1,79.69863014,79.69863014,0,0,Ever_Unspecified,Ever,0,,1,True
MSKCC_2023,P-0015454-T01-IM6,P-0015454,Male,1,80.36986301,80.36986301,0,0,Ever_Unspecified,Ever,0,,1,True
MSKCC_2023,P-0015576-T02-IM6,P-0015576,Male,1,66.78630137,66.78630137,0,0,Ever_Unspecified,Ever,0,,1,True
MSKCC_2023,P-0015578-T01-IM6,P-0015578,Male,1,77.99178082,77.99178082,0,0,Ever_Unspecified,Ever,0,,1,True
MSKCC_2023,P-0015590-T02-IM6,P-0015590,Female,0,84.93972603,84.93972603,0,0,Ever_Unspecified,Ever,0,,1,True
MSKCC_2023,P-0015593-T01-IM6,P-0015593,Female,0,68.66027397,68.66027397,0,0,Ever_Unspecified,Ever,0,,1,True
MSKCC_2023,P-0015632-T01-IM6,P-0015632,Female,0,65.10410959,65.10410959,0,0,Ever_Unspecified,Ever,0,,1,True
MSKCC_2023,P-0015677-T01-IM6,P-0015677,Female,0,80.01917808,80.01917808,0,0,Ever_Unspecified,Ever,0,,1,True
MSKCC_2023,P-0015815-T01-IM6,P-0015815,Male,1,70.69589041,70.69589041,0,0,Ever_Unspecified,Ever,0,,1,True
MSKCC_2023,P-0015862-T01-IM6,P-0015862,Male,1,72.54520548,72.54520548,0,0,Ever_Unspecified,Ever,0,,1,True
MSKCC_2023,P-0015934-T01-IM6,P-0015934,Female,0,71.8,71.8,0,0,Ever_Unspecified,Ever,0,,1,True
MSKCC_2023,P-0015973-T01-IM6,P-0015973,Female,0,68.48767123,68.48767123,0,0,Ever_Unspecified,Ever,0,,1,True
MSKCC_2023,P-0016021-T01-IM6,P-0016021,Female,0,58.95068493,58.95068493,0,0,Ever_Unspecified,Ever,0,,1,True
MSKCC_2023,P-0016026-T01-IM6,P-0016026,Male,1,82.55342466,82.55342466,0,0,Ever_Unspecified,Ever,0,,1,True
MSKCC_2023,P-0016050-T01-IM6,P-0016050,Female,0,74.99726027,74.99726027,0,0,Ever_Unspecified,Ever,0,,1,True
MSKCC_2023,P-0016065-T01-IM6,P-0016065,Male,1,76.49863014,76.49863014,0,0,Never,Never,0,,1,True
MSKCC_2023,P-0016138-T01-IM6,P-0016138,Male,1,58.75890411,58.75890411,0,0,Ever_Unspecified,Ever,0,,1,True
MSKCC_2023,P-0016146-T03-IM6,P-0016146,Female,0,67.21643836,67.21643836,0,0,Ever_Unspecified,Ever,0,,1,True
MSKCC_2023,P-0016165-T01-IM6,P-0016165,Male,1,73.38630137,73.38630137,0,0,Never,Never,0,,1,True
MSKCC_2023,P-0016173-T01-IM6,P-0016173,Female,0,50.04657534,50.04657534,0,0,Ever_Unspecified,Ever,0,,1,True
MSKCC_2023,P-0016184-T01-IM6,P-0016184,Female,0,77.2,77.2,0,0,Never,Never,0,,1,True
MSKCC_2023,P-0016204-T01-IM6,P-0016204,Female,0,45.6109589,45.6109589,0,0,Never,Never,0,,1,True
MSKCC_2023,P-0016234-T01-IM6,P-0016234,Male,1,57.15342466,57.15342466,0,0,Ever_Unspecified,Ever,0,,1,True
MSKCC_2023,P-0016250-T01-IM6,P-0016250,Female,0,68.69315068,68.69315068,0,0,Ever_Unspecified,Ever,0,,1,True
MSKCC_2023,P-0016309-T01-IM6,P-0016309,Female,0,78.84657534,78.84657534,0,0,Ever_Unspecified,Ever,0,,1,True
MSKCC_2023,P-0016350-T01-IM6,P-0016350,Female,0,75.55890411,75.55890411,0,0,Never,Never,0,,1,True
MSKCC_2023,P-0016368-T01-IM6,P-0016368,Female,0,65.78630137,65.78630137,0,0,Ever_Unspecified,Ever,0,,1,True
MSKCC_2023,P-0016464-T01-IM6,P-0016464,Male,1,70.82465753,70.82465753,0,0,Ever_Unspecified,Ever,0,,1,True
MSKCC_2023,P-0016471-T01-IM6,P-0016471,Female,0,74.71506849,74.71506849,0,0,Ever_Unspecified,Ever,0,,1,True
MSKCC_2023,P-0016527-T01-IM6,P-0016527,Male,1,58.7890411,58.7890411,0,0,Ever_Unspecified,Ever,0,,1,True
MSKCC_2023,P-0016544-T01-IM6,P-0016544,Female,0,84.27123288,84.27123288,0,0,Ever_Unspecified,Ever,0,,1,True
MSKCC_2023,P-0016575-T01-IM6,P-0016575,Male,1,82.02191781,82.02191781,0,0,Ever_Unspecified,Ever,0,,1,True
MSKCC_2023,P-0016613-T01-IM6,P-0016613,Female,0,65.43561644,65.43561644,0,0,Ever_Unspecified,Ever,0,,1,True
MSKCC_2023,P-0016708-T01-IM6,P-0016708,Female,0,78.57534247,78.57534247,0,0,Ever_Unspecified,Ever,0,,1,True
MSKCC_2023,P-0016736-T04-IM6,P-0016736,Male,1,71.78630137,71.78630137,0,0,Never,Never,0,,1,True
MSKCC_2023,P-0016781-T01-IM6,P-0016781,Female,0,87.38356164,87.38356164,0,0,Ever_Unspecified,Ever,0,,1,True
MSKCC_2023,P-0016870-T01-IM6,P-0016870,Female,0,64.13972603,64.13972603,0,0,Ever_Unspecified,Ever,0,,1,True
MSKCC_2023,P-0016903-T01-IM6,P-0016903,Male,1,72.30684932,72.30684932,0,0,Never,Never,0,,1,True
MSKCC_2023,P-0016910-T01-IM6,P-0016910,Female,0,69.65753425,69.65753425,0,0,Never,Never,0,,1,True
MSKCC_2023,P-0016917-T02-IM6,P-0016917,Male,1,48.34794521,48.34794521,0,0,Never,Never,0,,1,True
MSKCC_2023,P-0017013-T01-IM6,P-0017013,Female,0,56.77260274,56.77260274,0,0,Never,Never,0,,1,True
MSKCC_2023,P-0017038-T01-IM6,P-0017038,Male,1,77.24657534,77.24657534,0,0,Never,Never,0,,1,True
MSKCC_2023,P-0017049-T01-IM6,P-0017049,Female,0,45.71232877,45.71232877,0,0,Ever_Unspecified,Ever,0,,1,True
MSKCC_2023,P-0017155-T01-IM6,P-0017155,Female,0,78.16986301,78.16986301,0,0,Ever_Unspecified,Ever,0,,1,True
MSKCC_2023,P-0017166-T01-IM6,P-0017166,Female,0,72.58082192,72.58082192,0,0,Never,Never,0,,1,True
MSKCC_2023,P-0017174-T01-IM6,P-0017174,Male,1,56.77260274,56.77260274,0,0,Unknown,Unknown,1,,1,True
MSKCC_2023,P-0017196-T01-IM6,P-0017196,Male,1,68.16164384,68.16164384,0,0,Never,Never,0,,1,True
MSKCC_2023,P-0017231-T01-IM6,P-0017231,Female,0,74.09589041,74.09589041,0,0,Ever_Unspecified,Ever,0,,1,True
MSKCC_2023,P-0017321-T01-IM6,P-0017321,Female,0,55.75616438,55.75616438,0,0,Never,Never,0,,1,True
MSKCC_2023,P-0017322-T03-IM6,P-0017322,Female,0,66.08219178,66.08219178,0,0,Ever_Unspecified,Ever,0,,1,True
MSKCC_2023,P-0017324-T01-IM6,P-0017324,Female,0,71.29863014,71.29863014,0,0,Ever_Unspecified,Ever,0,,1,True
MSKCC_2023,P-0017328-T01-IM6,P-0017328,Female,0,65.14794521,65.14794521,0,0,Ever_Unspecified,Ever,0,,1,True
MSKCC_2023,P-0017389-T01-IM6,P-0017389,Female,0,48.24109589,48.24109589,0,0,Ever_Unspecified,Ever,0,,1,True
MSKCC_2023,P-0017432-T01-IM6,P-0017432,Female,0,80.54246575,80.54246575,0,0,Ever_Unspecified,Ever,0,,1,True
MSKCC_2023,P-0017437-T01-IM6,P-0017437,Female,0,66.19452055,66.19452055,0,0,Ever_Unspecified,Ever,0,,1,True
MSKCC_2023,P-0017443-T01-IM6,P-0017443,Male,1,73.4739726,73.4739726,0,0,Never,Never,0,,1,True
MSKCC_2023,P-0017534-T01-IM5,P-0017534,Female,0,78.23013699,78.23013699,0,0,Never,Never,0,,1,True
MSKCC_2023,P-0017546-T01-IM5,P-0017546,Female,0,81.74794521,81.74794521,0,0,Ever_Unspecified,Ever,0,,1,True
MSKCC_2023,P-0017594-T01-IM5,P-0017594,Female,0,78.30958904,78.30958904,0,0,Never,Never,0,,1,True
MSKCC_2023,P-0017722-T01-IM6,P-0017722,Male,1,70.91232877,70.91232877,0,0,Ever_Unspecified,Ever,0,,1,True
MSKCC_2023,P-0017752-T01-IM6,P-0017752,Male,1,37.16712329,37.16712329,0,0,Never,Never,0,,1,True
MSKCC_2023,P-0017780-T01-IM6,P-0017780,Female,0,66.92328767,66.92328767,0,0,Ever_Unspecified,Ever,0,,1,True
MSKCC_2023,P-0017794-T01-IM6,P-0017794,Male,1,45.23561644,45.23561644,0,0,Ever_Unspecified,Ever,0,,1,True
MSKCC_2023,P-0017832-T01-IM6,P-0017832,Female,0,63.84109589,63.84109589,0,0,Ever_Unspecified,Ever,0,,1,True
MSKCC_2023,P-0017904-T01-IM6,P-0017904,Female,0,54.06575342,54.06575342,0,0,Never,Never,0,,1,True
MSKCC_2023,P-0017910-T01-IM6,P-0017910,Female,0,48.63013699,48.63013699,0,0,Ever_Unspecified,Ever,0,,1,True
MSKCC_2023,P-0017915-T01-IM6,P-0017915,Female,0,71.6630137,71.6630137,0,0,Ever_Unspecified,Ever,0,,1,True
MSKCC_2023,P-0017946-T01-IM6,P-0017946,Female,0,75.08493151,75.08493151,0,0,Ever_Unspecified,Ever,0,,1,True
MSKCC_2023,P-0017976-T01-IM6,P-0017976,Female,0,68.71780822,68.71780822,0,0,Never,Never,0,,1,True
MSKCC_2023,P-0018022-T01-IM6,P-0018022,Female,0,66.21917808,66.21917808,0,0,Never,Never,0,,1,True
MSKCC_2023,P-0018043-T01-IM6,P-0018043,Female,0,55.28767123,55.28767123,0,0,Ever_Unspecified,Ever,0,,1,True
MSKCC_2023,P-0018069-T01-IM6,P-0018069,Male,1,41.91232877,41.91232877,0,0,Never,Never,0,,1,True
MSKCC_2023,P-0018131-T01-IM6,P-0018131,Male,1,57.10136986,57.10136986,0,0,Ever_Unspecified,Ever,0,,1,True
MSKCC_2023,P-0018137-T01-IM6,P-0018137,Male,1,52.07123288,52.07123288,0,0,Ever_Unspecified,Ever,0,,1,True
MSKCC_2023,P-0018171-T01-IM6,P-0018171,Female,0,59.82465753,59.82465753,0,0,Ever_Unspecified,Ever,0,,1,True
MSKCC_2023,P-0018196-T01-IM6,P-0018196,Female,0,56.15068493,56.15068493,0,0,Ever_Unspecified,Ever,0,,1,True
MSKCC_2023,P-0018197-T01-IM6,P-0018197,Male,1,66.50410959,66.50410959,0,0,Ever_Unspecified,Ever,0,,1,True
MSKCC_2023,P-0018201-T01-IM6,P-0018201,Female,0,65.19452055,65.19452055,0,0,Ever_Unspecified,Ever,0,,1,True
MSKCC_2023,P-0018244-T01-IM6,P-0018244,Female,0,64.7890411,64.7890411,0,0,Ever_Unspecified,Ever,0,,1,True
MSKCC_2023,P-0018281-T01-IM6,P-0018281,Female,0,75.29863014,75.29863014,0,0,Never,Never,0,,1,True
MSKCC_2023,P-0018434-T02-IM6,P-0018434,Female,0,71.76712329,71.76712329,0,0,Ever_Unspecified,Ever,0,,1,True
MSKCC_2023,P-0018476-T02-IM6,P-0018476,Female,0,70.60547945,70.60547945,0,0,Never,Never,0,,1,True
MSKCC_2023,P-0018517-T01-IM6,P-0018517,Male,1,79.69315068,79.69315068,0,0,Ever_Unspecified,Ever,0,,1,True
MSKCC_2023,P-0018525-T01-IM6,P-0018525,Female,0,58.11232877,58.11232877,0,0,Ever_Unspecified,Ever,0,,1,True
MSKCC_2023,P-0018598-T02-IM6,P-0018598,Male,1,66.5369863,66.5369863,0,0,Unknown,Unknown,1,,1,True
MSKCC_2023,P-0018654-T02-IM6,P-0018654,Male,1,71.56986301,71.56986301,0,0,Ever_Unspecified,Ever,0,,1,True
MSKCC_2023,P-0018881-T01-IM6,P-0018881,Female,0,57.55616438,57.55616438,0,0,Never,Never,0,,1,True
MSKCC_2023,P-0018979-T01-IM6,P-0018979,Female,0,63.26575342,63.26575342,0,0,Never,Never,0,,1,True
MSKCC_2023,P-0018980-T01-IM6,P-0018980,Female,0,60.03835616,60.03835616,0,0,Never,Never,0,,1,True
MSKCC_2023,P-0018988-T01-IM6,P-0018988,Female,0,51.86027397,51.86027397,0,0,Ever_Unspecified,Ever,0,,1,True
MSKCC_2023,P-0019070-T01-IM6,P-0019070,Female,0,73.64109589,73.64109589,0,0,Never,Never,0,,1,True
MSKCC_2023,P-0019087-T01-IM6,P-0019087,Male,1,70.59452055,70.59452055,0,0,Ever_Unspecified,Ever,0,,1,True
MSKCC_2023,P-0019111-T01-IM6,P-0019111,Female,0,85.49315068,85.49315068,0,0,Ever_Unspecified,Ever,0,,1,True
MSKCC_2023,P-0019131-T01-IM6,P-0019131,Female,0,68.11232877,68.11232877,0,0,Never,Never,0,,1,True
MSKCC_2023,P-0019172-T01-IM6,P-0019172,Female,0,69.20547945,69.20547945,0,0,Ever_Unspecified,Ever,0,,1,True
MSKCC_2023,P-0019252-T03-IM6,P-0019252,Female,0,72.60821918,72.60821918,0,0,Ever_Unspecified,Ever,0,,1,True
MSKCC_2023,P-0019320-T01-IM6,P-0019320,Female,0,70.93150685,70.93150685,0,0,Ever_Unspecified,Ever,0,,1,True
MSKCC_2023,P-0019323-T01-IM6,P-0019323,Female,0,53.92054795,53.92054795,0,0,Ever_Unspecified,Ever,0,,1,True
MSKCC_2023,P-0019329-T01-IM6,P-0019329,Female,0,65.38630137,65.38630137,0,0,Ever_Unspecified,Ever,0,,1,True
MSKCC_2023,P-0019444-T01-IM6,P-0019444,Male,1,57.8109589,57.8109589,0,0,Ever_Unspecified,Ever,0,,1,True
MSKCC_2023,P-0019455-T01-IM6,P-0019455,Female,0,64.60821918,64.60821918,0,0,Ever_Unspecified,Ever,0,,1,True
MSKCC_2023,P-0019473-T01-IM6,P-0019473,Male,1,57.76438356,57.76438356,0,0,Ever_Unspecified,Ever,0,,1,True
MSKCC_2023,P-0019485-T01-IM6,P-0019485,Female,0,53.69315068,53.69315068,0,0,Ever_Unspecified,Ever,0,,1,True
MSKCC_2023,P-0019491-T01-IM6,P-0019491,Female,0,60.23561644,60.23561644,0,0,Never,Never,0,,1,True
MSKCC_2023,P-0019552-T01-IM6,P-0019552,Male,1,76.63561644,76.63561644,0,0,Ever_Unspecified,Ever,0,,1,True
MSKCC_2023,P-0019553-T01-IM6,P-0019553,Female,0,59.16712329,59.16712329,0,0,Never,Never,0,,1,True
MSKCC_2023,P-0019558-T01-IM6,P-0019558,Male,1,68.70684932,68.70684932,0,0,Ever_Unspecified,Ever,0,,1,True
MSKCC_2023,P-0019597-T01-IM6,P-0019597,Female,0,71.82739726,71.82739726,0,0,Never,Never,0,,1,True
MSKCC_2023,P-0019600-T01-IM6,P-0019600,Female,0,71.00273973,71.00273973,0,0,Ever_Unspecified,Ever,0,,1,True
MSKCC_2023,P-0019676-T01-IM6,P-0019676,Female,0,73.35068493,73.35068493,0,0,Ever_Unspecified,Ever,0,,1,True
MSKCC_2023,P-0019700-T01-IM6,P-0019700,Female,0,76.75890411,76.75890411,0,0,Ever_Unspecified,Ever,0,,1,True
MSKCC_2023,P-0019802-T01-IM6,P-0019802,Female,0,53.03013699,53.03013699,0,0,Never,Never,0,,1,True
MSKCC_2023,P-0019845-T01-IM6,P-0019845,Female,0,65.99452055,65.99452055,0,0,Ever_Unspecified,Ever,0,,1,True
MSKCC_2023,P-0019857-T01-IM6,P-0019857,Female,0,66.93150685,66.93150685,0,0,Never,Never,0,,1,True
MSKCC_2023,P-0019897-T01-IM6,P-0019897,Female,0,62.66849315,62.66849315,0,0,Ever_Unspecified,Ever,0,,1,True
MSKCC_2023,P-0019904-T01-IM6,P-0019904,Female,0,73.45205479,73.45205479,0,0,Ever_Unspecified,Ever,0,,1,True
MSKCC_2023,P-0019914-T01-IM6,P-0019914,Female,0,64.96438356,64.96438356,0,0,Ever_Unspecified,Ever,0,,1,True
MSKCC_2023,P-0019936-T01-IM6,P-0019936,Female,0,75.38082192,75.38082192,0,0,Ever_Unspecified,Ever,0,,1,True
MSKCC_2023,P-0019950-T01-IM6,P-0019950,Female,0,78.26849315,78.26849315,0,0,Ever_Unspecified,Ever,0,,1,True
MSKCC_2023,P-0019978-T01-IM6,P-0019978,Male,1,63.88219178,63.88219178,0,0,Ever_Unspecified,Ever,0,,1,True
MSKCC_2023,P-0019982-T01-IM6,P-0019982,Female,0,76.63287671,76.63287671,0,0,Ever_Unspecified,Ever,0,,1,True
MSKCC_2023,P-0020158-T01-IM6,P-0020158,Female,0,78.55342466,78.55342466,0,0,Ever_Unspecified,Ever,0,,1,True
MSKCC_2023,P-0020177-T01-IM6,P-0020177,Female,0,71.07945205,71.07945205,0,0,Never,Never,0,,1,True
MSKCC_2023,P-0020259-T01-IM6,P-0020259,Female,0,70.16164384,70.16164384,0,0,Never,Never,0,,1,True
MSKCC_2023,P-0020438-T01-IM6,P-0020438,Female,0,58.39726027,58.39726027,0,0,Ever_Unspecified,Ever,0,,1,True
MSKCC_2023,P-0020503-T01-IM6,P-0020503,Male,1,68.8630137,68.8630137,0,0,Ever_Unspecified,Ever,0,,1,True
MSKCC_2023,P-0020521-T01-IM6,P-0020521,Female,0,49.95616438,49.95616438,0,0,Ever_Unspecified,Ever,0,,1,True
MSKCC_2023,P-0020664-T01-IM6,P-0020664,Female,0,62.30684932,62.30684932,0,0,Ever_Unspecified,Ever,0,,1,True
MSKCC_2023,P-0020690-T01-IM6,P-0020690,Female,0,50.47123288,50.47123288,0,0,Never,Never,0,,1,True
MSKCC_2023,P-0020776-T01-IM6,P-0020776,Female,0,66.28219178,66.28219178,0,0,Ever_Unspecified,Ever,0,,1,True
MSKCC_2023,P-0020779-T01-IM6,P-0020779,Male,1,75.3890411,75.3890411,0,0,Ever_Unspecified,Ever,0,,1,True
MSKCC_2023,P-0020782-T01-IM6,P-0020782,Female,0,66.00547945,66.00547945,0,0,Ever_Unspecified,Ever,0,,1,True
MSKCC_2023,P-0020828-T01-IM6,P-0020828,Female,0,64.38082192,64.38082192,0,0,Unknown,Unknown,1,,1,True
MSKCC_2023,P-0020874-T01-IM6,P-0020874,Male,1,59.8,59.8,0,0,Ever_Unspecified,Ever,0,,1,True
MSKCC_2023,P-0020966-T01-IM6,P-0020966,Female,0,61.0739726,61.0739726,0,0,Ever_Unspecified,Ever,0,,1,True
MSKCC_2023,P-0021029-T01-IM6,P-0021029,Female,0,65.52876712,65.52876712,0,0,Ever_Unspecified,Ever,0,,1,True
MSKCC_2023,P-0021054-T01-IM6,P-0021054,Female,0,80.99178082,80.99178082,0,0,Never,Never,0,,1,True
MSKCC_2023,P-0021062-T01-IM6,P-0021062,Male,1,76.01369863,76.01369863,0,0,Ever_Unspecified,Ever,0,,1,True
MSKCC_2023,P-0021196-T01-IM6,P-0021196,Female,0,73.78356164,73.78356164,0,0,Ever_Unspecified,Ever,0,,1,True
MSKCC_2023,P-0021227-T01-IM6,P-0021227,Female,0,73.51232877,73.51232877,0,0,Ever_Unspecified,Ever,0,,1,True
MSKCC_2023,P-0021329-T01-IM6,P-0021329,Male,1,77.59452055,77.59452055,0,0,Ever_Unspecified,Ever,0,,1,True
MSKCC_2023,P-0021422-T01-IM6,P-0021422,Male,1,64.4109589,64.4109589,0,0,Ever_Unspecified,Ever,0,,1,True
MSKCC_2023,P-0021429-T01-IM6,P-0021429,Female,0,66.28219178,66.28219178,0,0,Never,Never,0,,1,True
MSKCC_2023,P-0021500-T01-IM6,P-0021500,Female,0,77.22465753,77.22465753,0,0,Never,Never,0,,1,True
MSKCC_2023,P-0021521-T01-IM6,P-0021521,Male,1,59.36986301,59.36986301,0,0,Ever_Unspecified,Ever,0,,1,True
MSKCC_2023,P-0021539-T01-IM6,P-0021539,Female,0,61.79726027,61.79726027,0,0,Ever_Unspecified,Ever,0,,1,True
MSKCC_2023,P-0021628-T01-IM6,P-0021628,Male,1,84.43287671,84.43287671,0,0,Ever_Unspecified,Ever,0,,1,True
MSKCC_2023,P-0021691-T01-IM6,P-0021691,Female,0,74.81917808,74.81917808,0,0,Ever_Unspecified,Ever,0,,1,True
MSKCC_2023,P-0021718-T01-IM6,P-0021718,Female,0,65.23561644,65.23561644,0,0,Ever_Unspecified,Ever,0,,1,True
MSKCC_2023,P-0021754-T01-IM6,P-0021754,Female,0,78.41917808,78.41917808,0,0,Never,Never,0,,1,True
MSKCC_2023,P-0021778-T01-IM6,P-0021778,Male,1,75.0,75.0,0,0,Ever_Unspecified,Ever,0,,1,True
MSKCC_2023,P-0021797-T01-IM6,P-0021797,Male,1,38.68493151,38.68493151,0,0,Ever_Unspecified,Ever,0,,1,True
MSKCC_2023,P-0021837-T01-IM6,P-0021837,Female,0,61.42465753,61.42465753,0,0,Never,Never,0,,1,True
MSKCC_2023,P-0021861-T01-IM6,P-0021861,Male,1,72.86575342,72.86575342,0,0,Ever_Unspecified,Ever,0,,1,True
MSKCC_2023,P-0021879-T01-IM6,P-0021879,Female,0,65.1369863,65.1369863,0,0,Ever_Unspecified,Ever,0,,1,True
MSKCC_2023,P-0021896-T01-IM6,P-0021896,Female,0,57.11506849,57.11506849,0,0,Ever_Unspecified,Ever,0,,1,True
MSKCC_2023,P-0021987-T02-IM6,P-0021987,Female,0,68.91232877,68.91232877,0,0,Ever_Unspecified,Ever,0,,1,True
MSKCC_2023,P-0022103-T01-IM6,P-0022103,Female,0,70.90684932,70.90684932,0,0,Ever_Unspecified,Ever,0,,1,True
MSKCC_2023,P-0022186-T01-IM6,P-0022186,Female,0,79.70410959,79.70410959,0,0,Ever_Unspecified,Ever,0,,1,True
MSKCC_2023,P-0022193-T01-IM6,P-0022193,Female,0,69.68219178,69.68219178,0,0,Ever_Unspecified,Ever,0,,1,True
MSKCC_2023,P-0022198-T02-IM6,P-0022198,Female,0,67.55890411,67.55890411,0,0,Never,Never,0,,1,True
MSKCC_2023,P-0022247-T01-IM6,P-0022247,Male,1,70.47123288,70.47123288,0,0,Ever_Unspecified,Ever,0,,1,True
MSKCC_2023,P-0022251-T01-IM6,P-0022251,Female,0,64.28219178,64.28219178,0,0,Ever_Unspecified,Ever,0,,1,True
MSKCC_2023,P-0022365-T01-IM6,P-0022365,Female,0,49.24383562,49.24383562,0,0,Never,Never,0,,1,True
MSKCC_2023,P-0022450-T01-IM6,P-0022450,Female,0,75.74246575,75.74246575,0,0,Ever_Unspecified,Ever,0,,1,True
MSKCC_2023,P-0022453-T01-IM6,P-0022453,Female,0,52.95890411,52.95890411,0,0,Ever_Unspecified,Ever,0,,1,True
MSKCC_2023,P-0022457-T01-IM6,P-0022457,Female,0,57.36164384,57.36164384,0,0,Ever_Unspecified,Ever,0,,1,True
MSKCC_2023,P-0022461-T02-IM6,P-0022461,Female,0,57.99726027,57.99726027,0,0,Never,Never,0,,1,True
MSKCC_2023,P-0022529-T01-IM6,P-0022529,Female,0,43.18082192,43.18082192,0,0,Never,Never,0,,1,True
MSKCC_2023,P-0022579-T01-IM6,P-0022579,Female,0,60.51232877,60.51232877,0,0,Ever_Unspecified,Ever,0,,1,True
MSKCC_2023,P-0022604-T01-IM6,P-0022604,Female,0,75.36438356,75.36438356,0,0,Ever_Unspecified,Ever,0,,1,True
MSKCC_2023,P-0022777-T01-IM6,P-0022777,Female,0,54.80273973,54.80273973,0,0,Never,Never,0,,1,True
MSKCC_2023,P-0022794-T01-IM6,P-0022794,Male,1,59.01643836,59.01643836,0,0,Ever_Unspecified,Ever,0,,1,True
MSKCC_2023,P-0022830-T01-IM6,P-0022830,Female,0,73.31506849,73.31506849,0,0,Ever_Unspecified,Ever,0,,1,True
MSKCC_2023,P-0022881-T01-IM6,P-0022881,Male,1,75.66849315,75.66849315,0,0,Ever_Unspecified,Ever,0,,1,True
MSKCC_2023,P-0022949-T01-IM6,P-0022949,Male,1,60.64931507,60.64931507,0,0,Ever_Unspecified,Ever,0,,1,True
MSKCC_2023,P-0023012-T01-IM6,P-0023012,Female,0,64.49863014,64.49863014,0,0,Ever_Unspecified,Ever,0,,1,True
MSKCC_2023,P-0023102-T01-IM6,P-0023102,Female,0,61.33150685,61.33150685,0,0,Never,Never,0,,1,True
MSKCC_2023,P-0023157-T01-IM6,P-0023157,Female,0,60.83287671,60.83287671,0,0,Never,Never,0,,1,True
MSKCC_2023,P-0023161-T01-IM6,P-0023161,Female,0,71.57260274,71.57260274,0,0,Never,Never,0,,1,True
MSKCC_2023,P-0023206-T01-IM6,P-0023206,Male,1,80.20547945,80.20547945,0,0,Never,Never,0,,1,True
MSKCC_2023,P-0023207-T01-IM6,P-0023207,Male,1,56.63287671,56.63287671,0,0,Ever_Unspecified,Ever,0,,1,True
MSKCC_2023,P-0023248-T01-IM6,P-0023248,Male,1,68.91232877,68.91232877,0,0,Never,Never,0,,1,True
MSKCC_2023,P-0023260-T01-IM6,P-0023260,Male,1,79.26575342,79.26575342,0,0,Ever_Unspecified,Ever,0,,1,True
MSKCC_2023,P-0023468-T01-IM6,P-0023468,Female,0,71.13150685,71.13150685,0,0,Ever_Unspecified,Ever,0,,1,True
MSKCC_2023,P-0023469-T01-IM6,P-0023469,Male,1,75.02739726,75.02739726,0,0,Ever_Unspecified,Ever,0,,1,True
MSKCC_2023,P-0023476-T02-IM6,P-0023476,Female,0,66.81917808,66.81917808,0,0,Never,Never,0,,1,True
MSKCC_2023,P-0023481-T01-IM6,P-0023481,Female,0,63.36986301,63.36986301,0,0,Ever_Unspecified,Ever,0,,1,True
MSKCC_2023,P-0023540-T01-IM6,P-0023540,Female,0,64.91232877,64.91232877,0,0,Ever_Unspecified,Ever,0,,1,True
MSKCC_2023,P-0023574-T01-IM6,P-0023574,Female,0,59.28493151,59.28493151,0,0,Never,Never,0,,1,True
MSKCC_2023,P-0023583-T02-IM6,P-0023583,Female,0,55.07123288,55.07123288,0,0,Ever_Unspecified,Ever,0,,1,True
MSKCC_2023,P-0023602-T01-IM6,P-0023602,Male,1,67.99178082,67.99178082,0,0,Ever_Unspecified,Ever,0,,1,True
MSKCC_2023,P-0023622-T01-IM6,P-0023622,Male,1,72.84657534,72.84657534,0,0,Ever_Unspecified,Ever,0,,1,True
MSKCC_2023,P-0023664-T01-IM6,P-0023664,Female,0,74.46849315,74.46849315,0,0,Ever_Unspecified,Ever,0,,1,True
MSKCC_2023,P-0023671-T01-IM6,P-0023671,Female,0,66.8739726,66.8739726,0,0,Never,Never,0,,1,True
MSKCC_2023,P-0023704-T01-IM6,P-0023704,Female,0,65.28767123,65.28767123,0,0,Never,Never,0,,1,True
MSKCC_2023,P-0023780-T01-IM6,P-0023780,Female,0,67.1260274,67.1260274,0,0,Ever_Unspecified,Ever,0,,1,True
MSKCC_2023,P-0023859-T01-IM6,P-0023859,Male,1,75.61917808,75.61917808,0,0,Ever_Unspecified,Ever,0,,1,True
MSKCC_2023,P-0023860-T01-IM6,P-0023860,Male,1,30.27671233,30.27671233,0,0,Ever_Unspecified,Ever,0,,1,True
MSKCC_2023,P-0023910-T01-IM6,P-0023910,Female,0,61.82191781,61.82191781,0,0,Never,Never,0,,1,True
MSKCC_2023,P-0024045-T01-IM6,P-0024045,Male,1,66.1890411,66.1890411,0,0,Never,Never,0,,1,True
MSKCC_2023,P-0024047-T01-IM6,P-0024047,Female,0,66.98630137,66.98630137,0,0,Unknown,Unknown,1,,1,True
MSKCC_2023,P-0024051-T01-IM6,P-0024051,Female,0,74.06575342,74.06575342,0,0,Ever_Unspecified,Ever,0,,1,True
MSKCC_2023,P-0024178-T01-IM6,P-0024178,Female,0,65.95890411,65.95890411,0,0,Ever_Unspecified,Ever,0,,1,True
MSKCC_2023,P-0024228-T01-IM6,P-0024228,Female,0,62.25753425,62.25753425,0,0,Ever_Unspecified,Ever,0,,1,True
MSKCC_2023,P-0024240-T01-IM6,P-0024240,Male,1,54.52054795,54.52054795,0,0,Never,Never,0,,1,True
MSKCC_2023,P-0024349-T01-IM6,P-0024349,Female,0,61.7369863,61.7369863,0,0,Ever_Unspecified,Ever,0,,1,True
MSKCC_2023,P-0024483-T01-IM6,P-0024483,Female,0,62.41917808,62.41917808,0,0,Ever_Unspecified,Ever,0,,1,True
MSKCC_2023,P-0024493-T01-IM6,P-0024493,Male,1,51.78082192,51.78082192,0,0,Never,Never,0,,1,True
MSKCC_2023,P-0024498-T01-IM6,P-0024498,Male,1,72.28493151,72.28493151,0,0,Unknown,Unknown,1,,1,True
MSKCC_2023,P-0024571-T01-IM6,P-0024571,Female,0,64.16986301,64.16986301,0,0,Ever_Unspecified,Ever,0,,1,True
MSKCC_2023,P-0024670-T01-IM6,P-0024670,Female,0,68.2630137,68.2630137,0,0,Never,Never,0,,1,True
MSKCC_2023,P-0024758-T01-IM6,P-0024758,Male,1,74.09589041,74.09589041,0,0,Ever_Unspecified,Ever,0,,1,True
MSKCC_2023,P-0024822-T01-IM6,P-0024822,Male,1,52.59452055,52.59452055,0,0,Ever_Unspecified,Ever,0,,1,True
MSKCC_2023,P-0024834-T01-IM6,P-0024834,Female,0,66.22465753,66.22465753,0,0,Ever_Unspecified,Ever,0,,1,True
MSKCC_2023,P-0024844-T01-IM6,P-0024844,Male,1,43.93972603,43.93972603,0,0,Ever_Unspecified,Ever,0,,1,True
MSKCC_2023,P-0024949-T01-IM6,P-0024949,Female,0,74.12054795,74.12054795,0,0,Unknown,Unknown,1,,1,True
MSKCC_2023,P-0024950-T01-IM6,P-0024950,Female,0,61.63835616,61.63835616,0,0,Ever_Unspecified,Ever,0,,1,True
MSKCC_2023,P-0025155-T01-IM6,P-0025155,Female,0,48.24657534,48.24657534,0,0,Never,Never,0,,1,True
MSKCC_2023,P-0025189-T01-IM6,P-0025189,Female,0,63.57260274,63.57260274,0,0,Ever_Unspecified,Ever,0,,1,True
MSKCC_2023,P-0025409-T01-IM6,P-0025409,Female,0,58.10410959,58.10410959,0,0,Ever_Unspecified,Ever,0,,1,True
MSKCC_2023,P-0025451-T01-IM6,P-0025451,Female,0,47.35890411,47.35890411,0,0,Ever_Unspecified,Ever,0,,1,True
MSKCC_2023,P-0025546-T01-IM6,P-0025546,Female,0,62.44931507,62.44931507,0,0,Ever_Unspecified,Ever,0,,1,True
MSKCC_2023,P-0025566-T01-IM6,P-0025566,Female,0,62.52054795,62.52054795,0,0,Ever_Unspecified,Ever,0,,1,True
MSKCC_2023,P-0025569-T01-IM6,P-0025569,Female,0,81.29589041,81.29589041,0,0,Ever_Unspecified,Ever,0,,1,True
MSKCC_2023,P-0025575-T01-IM6,P-0025575,Female,0,63.82191781,63.82191781,0,0,Ever_Unspecified,Ever,0,,1,True
MSKCC_2023,P-0025598-T01-IM6,P-0025598,Female,0,58.35342466,58.35342466,0,0,Ever_Unspecified,Ever,0,,1,True
MSKCC_2023,P-0025601-T02-IM6,P-0025601,Female,0,61.18082192,61.18082192,0,0,Never,Never,0,,1,True
MSKCC_2023,P-0025652-T01-IM6,P-0025652,Female,0,62.03835616,62.03835616,0,0,Never,Never,0,,1,True
MSKCC_2023,P-0025714-T03-IM6,P-0025714,Male,1,68.90136986,68.90136986,0,0,Ever_Unspecified,Ever,0,,1,True
MSKCC_2023,P-0025716-T01-IM6,P-0025716,Female,0,55.69863014,55.69863014,0,0,Ever_Unspecified,Ever,0,,1,True
MSKCC_2023,P-0025722-T01-IM6,P-0025722,Female,0,49.26575342,49.26575342,0,0,Ever_Unspecified,Ever,0,,1,True
MSKCC_2023,P-0025730-T01-IM6,P-0025730,Male,1,64.18356164,64.18356164,0,0,Ever_Unspecified,Ever,0,,1,True
MSKCC_2023,P-0025872-T01-IM6,P-0025872,Male,1,67.14794521,67.14794521,0,0,Ever_Unspecified,Ever,0,,1,True
MSKCC_2023,P-0025956-T01-IM6,P-0025956,Female,0,70.17534247,70.17534247,0,0,Ever_Unspecified,Ever,0,,1,True
MSKCC_2023,P-0026029-T01-IM6,P-0026029,Male,1,67.41917808,67.41917808,0,0,Ever_Unspecified,Ever,0,,1,True
MSKCC_2023,P-0026033-T01-IM6,P-0026033,Female,0,59.6739726,59.6739726,0,0,Never,Never,0,,1,True
MSKCC_2023,P-0026045-T01-IM6,P-0026045,Male,1,71.72876712,71.72876712,0,0,Never,Never,0,,1,True
MSKCC_2023,P-0026050-T01-IM6,P-0026050,Female,0,62.91780822,62.91780822,0,0,Ever_Unspecified,Ever,0,,1,True
MSKCC_2023,P-0026120-T01-IM6,P-0026120,Female,0,55.99452055,55.99452055,0,0,Ever_Unspecified,Ever,0,,1,True
MSKCC_2023,P-0026168-T01-IM6,P-0026168,Female,0,66.29863014,66.29863014,0,0,Ever_Unspecified,Ever,0,,1,True
MSKCC_2023,P-0026187-T01-IM6,P-0026187,Female,0,66.27671233,66.27671233,0,0,Ever_Unspecified,Ever,0,,1,True
MSKCC_2023,P-0026206-T01-IM6,P-0026206,Female,0,66.35890411,66.35890411,0,0,Ever_Unspecified,Ever,0,,1,True
MSKCC_2023,P-0026289-T01-IM6,P-0026289,Female,0,57.91506849,57.91506849,0,0,Ever_Unspecified,Ever,0,,1,True
MSKCC_2023,P-0026292-T01-IM6,P-0026292,Female,0,68.25479452,68.25479452,0,0,Never,Never,0,,1,True
MSKCC_2023,P-0026363-T01-IM6,P-0026363,Female,0,71.10410959,71.10410959,0,0,Unknown,Unknown,1,,1,True
MSKCC_2023,P-0026525-T03-IM6,P-0026525,Male,1,76.55890411,76.55890411,0,0,Ever_Unspecified,Ever,0,,1,True
MSKCC_2023,P-0026530-T02-IM6,P-0026530,Male,1,66.4109589,66.4109589,0,0,Ever_Unspecified,Ever,0,,1,True
MSKCC_2023,P-0026616-T01-IM6,P-0026616,Female,0,76.83561644,76.83561644,0,0,Ever_Unspecified,Ever,0,,1,True
MSKCC_2023,P-0026688-T01-IM6,P-0026688,Female,0,63.94794521,63.94794521,0,0,Ever_Unspecified,Ever,0,,1,True
MSKCC_2023,P-0026697-T01-IM6,P-0026697,Female,0,68.09315068,68.09315068,0,0,Ever_Unspecified,Ever,0,,1,True
MSKCC_2023,P-0026708-T01-IM6,P-0026708,Male,1,62.95068493,62.95068493,0,0,Ever_Unspecified,Ever,0,,1,True
MSKCC_2023,P-0026778-T01-IM6,P-0026778,Female,0,73.41917808,73.41917808,0,0,Ever_Unspecified,Ever,0,,1,True
MSKCC_2023,P-0026830-T02-IM6,P-0026830,Female,0,82.09315068,82.09315068,0,0,Ever_Unspecified,Ever,0,,1,True
MSKCC_2023,P-0026987-T01-IM6,P-0026987,Male,1,80.97534247,80.97534247,0,0,Ever_Unspecified,Ever,0,,1,True
MSKCC_2023,P-0027018-T01-IM6,P-0027018,Male,1,70.71780822,70.71780822,0,0,Ever_Unspecified,Ever,0,,1,True
MSKCC_2023,P-0027093-T01-IM6,P-0027093,Female,0,69.93150685,69.93150685,0,0,Ever_Unspecified,Ever,0,,1,True
MSKCC_2023,P-0027187-T01-IM6,P-0027187,Female,0,55.38356164,55.38356164,0,0,Ever_Unspecified,Ever,0,,1,True
MSKCC_2023,P-0027192-T01-IM6,P-0027192,Female,0,70.13972603,70.13972603,0,0,Ever_Unspecified,Ever,0,,1,True
MSKCC_2023,P-0027531-T01-IM6,P-0027531,Female,0,49.83013699,49.83013699,0,0,Never,Never,0,,1,True
MSKCC_2023,P-0027615-T02-IM6,P-0027615,Male,1,66.28219178,66.28219178,0,0,Ever_Unspecified,Ever,0,,1,True
MSKCC_2023,P-0027633-T01-IM6,P-0027633,Female,0,77.90136986,77.90136986,0,0,Ever_Unspecified,Ever,0,,1,True
MSKCC_2023,P-0027685-T01-IM6,P-0027685,Female,0,71.0,71.0,0,0,Never,Never,0,,1,True
MSKCC_2023,P-0027731-T01-IM6,P-0027731,Male,1,63.9369863,63.9369863,0,0,Ever_Unspecified,Ever,0,,1,True
MSKCC_2023,P-0027812-T01-IM6,P-0027812,Male,1,59.98082192,59.98082192,0,0,Ever_Unspecified,Ever,0,,1,True
MSKCC_2023,P-0027813-T01-IM6,P-0027813,Male,1,77.90136986,77.90136986,0,0,Ever_Unspecified,Ever,0,,1,True
MSKCC_2023,P-0027817-T01-IM6,P-0027817,Female,0,72.86027397,72.86027397,0,0,Ever_Unspecified,Ever,0,,1,True
MSKCC_2023,P-0027818-T01-IM6,P-0027818,Female,0,66.73972603,66.73972603,0,0,Ever_Unspecified,Ever,0,,1,True
MSKCC_2023,P-0027848-T01-IM6,P-0027848,Male,1,56.15342466,56.15342466,0,0,Unknown,Unknown,1,,1,True
MSKCC_2023,P-0027849-T01-IM6,P-0027849,Female,0,56.51506849,56.51506849,0,0,Ever_Unspecified,Ever,0,,1,True
MSKCC_2023,P-0027855-T01-IM6,P-0027855,Male,1,80.76438356,80.76438356,0,0,Ever_Unspecified,Ever,0,,1,True
MSKCC_2023,P-0027860-T01-IM6,P-0027860,Female,0,59.22739726,59.22739726,0,0,Ever_Unspecified,Ever,0,,1,True
MSKCC_2023,P-0028012-T01-IM6,P-0028012,Female,0,45.8630137,45.8630137,0,0,Never,Never,0,,1,True
MSKCC_2023,P-0028092-T01-IM6,P-0028092,Male,1,71.08219178,71.08219178,0,0,Ever_Unspecified,Ever,0,,1,True
MSKCC_2023,P-0028111-T01-IM6,P-0028111,Female,0,60.18630137,60.18630137,0,0,Ever_Unspecified,Ever,0,,1,True
MSKCC_2023,P-0028162-T01-IM6,P-0028162,Male,1,70.57808219,70.57808219,0,0,Ever_Unspecified,Ever,0,,1,True
MSKCC_2023,P-0028245-T01-IM6,P-0028245,Male,1,64.4630137,64.4630137,0,0,Ever_Unspecified,Ever,0,,1,True
MSKCC_2023,P-0028320-T01-IM6,P-0028320,Female,0,69.56438356,69.56438356,0,0,Ever_Unspecified,Ever,0,,1,True
MSKCC_2023,P-0028332-T01-IM6,P-0028332,Female,0,74.91232877,74.91232877,0,0,Ever_Unspecified,Ever,0,,1,True
MSKCC_2023,P-0028377-T01-IM6,P-0028377,Female,0,71.43835616,71.43835616,0,0,Never,Never,0,,1,True
MSKCC_2023,P-0028412-T01-IM6,P-0028412,Female,0,63.59452055,63.59452055,0,0,Ever_Unspecified,Ever,0,,1,True
MSKCC_2023,P-0028466-T01-IM6,P-0028466,Female,0,68.54794521,68.54794521,0,0,Ever_Unspecified,Ever,0,,1,True
MSKCC_2023,P-0028498-T01-IM6,P-0028498,Female,0,73.04931507,73.04931507,0,0,Ever_Unspecified,Ever,0,,1,True
MSKCC_2023,P-0028936-T01-IM6,P-0028936,Female,0,71.24109589,71.24109589,0,0,Never,Never,0,,1,True
MSKCC_2023,P-0028945-T01-IM6,P-0028945,Male,1,65.56164384,65.56164384,0,0,Never,Never,0,,1,True
MSKCC_2023,P-0028947-T01-IM6,P-0028947,Female,0,77.8739726,77.8739726,0,0,Never,Never,0,,1,True
MSKCC_2023,P-0028996-T01-IM6,P-0028996,Male,1,79.16164384,79.16164384,0,0,Ever_Unspecified,Ever,0,,1,True
MSKCC_2023,P-0029016-T01-IM6,P-0029016,Female,0,62.23287671,62.23287671,0,0,Ever_Unspecified,Ever,0,,1,True
MSKCC_2023,P-0029112-T01-IM6,P-0029112,Female,0,63.66849315,63.66849315,0,0,Never,Never,0,,1,True
MSKCC_2023,P-0029148-T01-IM6,P-0029148,Male,1,67.93972603,67.93972603,0,0,Ever_Unspecified,Ever,0,,1,True
MSKCC_2023,P-0029180-T02-IM6,P-0029180,Female,0,68.67671233,68.67671233,0,0,Unknown,Unknown,1,,1,True
MSKCC_2023,P-0029224-T02-IM6,P-0029224,Male,1,76.83835616,76.83835616,0,0,Ever_Unspecified,Ever,0,,1,True
MSKCC_2023,P-0029294-T01-IM6,P-0029294,Male,1,64.02465753,64.02465753,0,0,Ever_Unspecified,Ever,0,,1,True
MSKCC_2023,P-0029357-T02-IM6,P-0029357,Male,1,76.91506849,76.91506849,0,0,Ever_Unspecified,Ever,0,,1,True
MSKCC_2023,P-0029389-T01-IM6,P-0029389,Female,0,70.96164384,70.96164384,0,0,Ever_Unspecified,Ever,0,,1,True
MSKCC_2023,P-0029402-T01-IM6,P-0029402,Female,0,62.70684932,62.70684932,0,0,Never,Never,0,,1,True
MSKCC_2023,P-0029451-T01-IM6,P-0029451,Female,0,63.88493151,63.88493151,0,0,Ever_Unspecified,Ever,0,,1,True
MSKCC_2023,P-0029455-T01-IM6,P-0029455,Female,0,74.71506849,74.71506849,0,0,Ever_Unspecified,Ever,0,,1,True
MSKCC_2023,P-0029583-T01-IM6,P-0029583,Male,1,61.79452055,61.79452055,0,0,Ever_Unspecified,Ever,0,,1,True
MSKCC_2023,P-0029585-T01-IM6,P-0029585,Male,1,71.6109589,71.6109589,0,0,Ever_Unspecified,Ever,0,,1,True
MSKCC_2023,P-0029663-T01-IM6,P-0029663,Female,0,65.19452055,65.19452055,0,0,Ever_Unspecified,Ever,0,,1,True
MSKCC_2023,P-0029846-T01-IM6,P-0029846,Male,1,80.87945205,80.87945205,0,0,Never,Never,0,,1,True
MSKCC_2023,P-0029874-T01-IM6,P-0029874,Female,0,68.14246575,68.14246575,0,0,Ever_Unspecified,Ever,0,,1,True
MSKCC_2023,P-0030104-T01-IM6,P-0030104,Female,0,50.36712329,50.36712329,0,0,Ever_Unspecified,Ever,0,,1,True
MSKCC_2023,P-0030562-T01-IM6,P-0030562,Female,0,68.38082192,68.38082192,0,0,Ever_Unspecified,Ever,0,,1,True
MSKCC_2023,P-0030689-T01-IM6,P-0030689,Female,0,73.7890411,73.7890411,0,0,Ever_Unspecified,Ever,0,,1,True
MSKCC_2023,P-0030710-T01-IM6,P-0030710,Female,0,84.27945205,84.27945205,0,0,Ever_Unspecified,Ever,0,,1,True
MSKCC_2023,P-0030893-T01-IM6,P-0030893,Female,0,64.98356164,64.98356164,0,0,Ever_Unspecified,Ever,0,,1,True
MSKCC_2023,P-0030957-T01-IM6,P-0030957,Female,0,65.25205479,65.25205479,0,0,Never,Never,0,,1,True
MSKCC_2023,P-0030990-T03-IM6,P-0030990,Female,0,34.60273973,34.60273973,0,0,Never,Never,0,,1,True
MSKCC_2023,P-0031005-T01-IM6,P-0031005,Female,0,69.55068493,69.55068493,0,0,Never,Never,0,,1,True
MSKCC_2023,P-0031010-T01-IM6,P-0031010,Male,1,63.61369863,63.61369863,0,0,Never,Never,0,,1,True
MSKCC_2023,P-0031046-T01-IM6,P-0031046,Female,0,65.12328767,65.12328767,0,0,Never,Never,0,,1,True
MSKCC_2023,P-0031076-T01-IM6,P-0031076,Male,1,78.91506849,78.91506849,0,0,Ever_Unspecified,Ever,0,,1,True
MSKCC_2023,P-0031090-T01-IM6,P-0031090,Female,0,57.63013699,57.63013699,0,0,Ever_Unspecified,Ever,0,,1,True
MSKCC_2023,P-0031096-T01-IM6,P-0031096,Female,0,69.66575342,69.66575342,0,0,Ever_Unspecified,Ever,0,,1,True
MSKCC_2023,P-0031139-T01-IM6,P-0031139,Female,0,59.43561644,59.43561644,0,0,Ever_Unspecified,Ever,0,,1,True
MSKCC_2023,P-0031141-T01-IM6,P-0031141,Female,0,68.44931507,68.44931507,0,0,Never,Never,0,,1,True
MSKCC_2023,P-0031258-T03-IM6,P-0031258,Female,0,74.97260274,74.97260274,0,0,Never,Never,0,,1,True
MSKCC_2023,P-0031267-T01-IM6,P-0031267,Female,0,75.43561644,75.43561644,0,0,Ever_Unspecified,Ever,0,,1,True
MSKCC_2023,P-0031373-T01-IM6,P-0031373,Female,0,77.91780822,77.91780822,0,0,Ever_Unspecified,Ever,0,,1,True
MSKCC_2023,P-0031393-T02-IM6,P-0031393,Male,1,73.70958904,73.70958904,0,0,Ever_Unspecified,Ever,0,,1,True
MSKCC_2023,P-0031470-T02-IM6,P-0031470,Female,0,81.60273973,81.60273973,0,0,Never,Never,0,,1,True
MSKCC_2023,P-0031526-T01-IM6,P-0031526,Male,1,69.77808219,69.77808219,0,0,Never,Never,0,,1,True
MSKCC_2023,P-0031685-T01-IM6,P-0031685,Female,0,52.12054795,52.12054795,0,0,Ever_Unspecified,Ever,0,,1,True
MSKCC_2023,P-0031694-T01-IM6,P-0031694,Female,0,74.31506849,74.31506849,0,0,Never,Never,0,,1,True
MSKCC_2023,P-0031735-T01-IM6,P-0031735,Male,1,59.34794521,59.34794521,0,0,Ever_Unspecified,Ever,0,,1,True
MSKCC_2023,P-0031738-T01-IM6,P-0031738,Male,1,56.68219178,56.68219178,0,0,Ever_Unspecified,Ever,0,,1,True
MSKCC_2023,P-0031740-T01-IM6,P-0031740,Female,0,48.23287671,48.23287671,0,0,Never,Never,0,,1,True
MSKCC_2023,P-0031912-T01-IM6,P-0031912,Male,1,73.89589041,73.89589041,0,0,Ever_Unspecified,Ever,0,,1,True
MSKCC_2023,P-0032008-T01-IM6,P-0032008,Female,0,67.76438356,67.76438356,0,0,Ever_Unspecified,Ever,0,,1,True
MSKCC_2023,P-0032076-T01-IM6,P-0032076,Male,1,76.39178082,76.39178082,0,0,Ever_Unspecified,Ever,0,,1,True
MSKCC_2023,P-0032170-T01-IM6,P-0032170,Male,1,72.12876712,72.12876712,0,0,Never,Never,0,,1,True
MSKCC_2023,P-0032183-T01-IM6,P-0032183,Male,1,68.85753425,68.85753425,0,0,Unknown,Unknown,1,,1,True
MSKCC_2023,P-0032231-T01-IM6,P-0032231,Male,1,67.10410959,67.10410959,0,0,Ever_Unspecified,Ever,0,,1,True
MSKCC_2023,P-0032262-T01-IM6,P-0032262,Female,0,28.00821918,28.00821918,0,0,Never,Never,0,,1,True
MSKCC_2023,P-0032280-T01-IM6,P-0032280,Female,0,72.08767123,72.08767123,0,0,Ever_Unspecified,Ever,0,,1,True
MSKCC_2023,P-0032292-T01-IM6,P-0032292,Male,1,83.51780822,83.51780822,0,0,Never,Never,0,,1,True
MSKCC_2023,P-0032479-T01-IM6,P-0032479,Female,0,74.11780822,74.11780822,0,0,Ever_Unspecified,Ever,0,,1,True
MSKCC_2023,P-0032514-T01-IM6,P-0032514,Male,1,57.44931507,57.44931507,0,0,Ever_Unspecified,Ever,0,,1,True
MSKCC_2023,P-0032537-T02-IM6,P-0032537,Female,0,72.45479452,72.45479452,0,0,Ever_Unspecified,Ever,0,,1,True
MSKCC_2023,P-0032635-T01-IM6,P-0032635,Male,1,73.3369863,73.3369863,0,0,Never,Never,0,,1,True
MSKCC_2023,P-0032722-T01-IM6,P-0032722,Male,1,59.8,59.8,0,0,Ever_Unspecified,Ever,0,,1,True
MSKCC_2023,P-0033085-T01-IM6,P-0033085,Male,1,56.78630137,56.78630137,0,0,Never,Never,0,,1,True
MSKCC_2023,P-0033178-T01-IM6,P-0033178,Male,1,83.0109589,83.0109589,0,0,Ever_Unspecified,Ever,0,,1,True
MSKCC_2023,P-0033183-T01-IM6,P-0033183,Female,0,83.19726027,83.19726027,0,0,Ever_Unspecified,Ever,0,,1,True
MSKCC_2023,P-0033379-T01-IM6,P-0033379,Male,1,77.60821918,77.60821918,0,0,Never,Never,0,,1,True
MSKCC_2023,P-0033406-T01-IM6,P-0033406,Female,0,73.06849315,73.06849315,0,0,Ever_Unspecified,Ever,0,,1,True
MSKCC_2023,P-0033508-T01-IM6,P-0033508,Female,0,70.00547945,70.00547945,0,0,Never,Never,0,,1,True
MSKCC_2023,P-0033581-T01-IM6,P-0033581,Female,0,77.3369863,77.3369863,0,0,Ever_Unspecified,Ever,0,,1,True
MSKCC_2023,P-0033615-T01-IM6,P-0033615,Male,1,78.39452055,78.39452055,0,0,Ever_Unspecified,Ever,0,,1,True
MSKCC_2023,P-0033766-T01-IM6,P-0033766,Female,0,59.83287671,59.83287671,0,0,Ever_Unspecified,Ever,0,,1,True
MSKCC_2023,P-0033786-T01-IM6,P-0033786,Female,0,73.25753425,73.25753425,0,0,Ever_Unspecified,Ever,0,,1,True
MSKCC_2023,P-0033823-T01-IM6,P-0033823,Female,0,81.3369863,81.3369863,0,0,Ever_Unspecified,Ever,0,,1,True
MSKCC_2023,P-0033931-T01-IM6,P-0033931,Female,0,67.16986301,67.16986301,0,0,Ever_Unspecified,Ever,0,,1,True
MSKCC_2023,P-0034062-T01-IM6,P-0034062,Female,0,63.15616438,63.15616438,0,0,Unknown,Unknown,1,,1,True
MSKCC_2023,P-0034100-T01-IM6,P-0034100,Female,0,68.21369863,68.21369863,0,0,Ever_Unspecified,Ever,0,,1,True
MSKCC_2023,P-0034163-T01-IM6,P-0034163,Male,1,71.60547945,71.60547945,0,0,Ever_Unspecified,Ever,0,,1,True
MSKCC_2023,P-0034559-T01-IM6,P-0034559,Female,0,66.44931507,66.44931507,0,0,Ever_Unspecified,Ever,0,,1,True
MSKCC_2023,P-0035026-T01-IM6,P-0035026,Female,0,65.84383562,65.84383562,0,0,Ever_Unspecified,Ever,0,,1,True
MSKCC_2023,P-0035135-T01-IM6,P-0035135,Female,0,56.58356164,56.58356164,0,0,Never,Never,0,,1,True
MSKCC_2023,P-0035340-T01-IM6,P-0035340,Male,1,61.45479452,61.45479452,0,0,Ever_Unspecified,Ever,0,,1,True
MSKCC_2023,P-0035580-T01-IM6,P-0035580,Male,1,67.0109589,67.0109589,0,0,Ever_Unspecified,Ever,0,,1,True
MSKCC_2023,P-0035869-T01-IM6,P-0035869,Female,0,71.52876712,71.52876712,0,0,Ever_Unspecified,Ever,0,,1,True
MSKCC_2023,P-0036267-T01-IM6,P-0036267,Male,1,71.96712329,71.96712329,0,0,Never,Never,0,,1,True
MSKCC_2023,P-0036639-T01-IM6,P-0036639,Female,0,81.61917808,81.61917808,0,0,Ever_Unspecified,Ever,0,,1,True
MSKCC_2023,P-0036754-T01-IM6,P-0036754,Male,1,92.19726027,92.19726027,0,0,Ever_Unspecified,Ever,0,,1,True
MSKCC_2023,P-0036810-T02-IM6,P-0036810,Male,1,73.3369863,73.3369863,0,0,Unknown,Unknown,1,,1,True
MSKCC_2023,P-0036891-T01-IM6,P-0036891,Female,0,67.63287671,67.63287671,0,0,Ever_Unspecified,Ever,0,,1,True
MSKCC_2023,P-0037235-T01-IM6,P-0037235,Female,0,71.68219178,71.68219178,0,0,Ever_Unspecified,Ever,0,,1,True
MSKCC_2023,P-0037322-T01-IM6,P-0037322,Female,0,66.2630137,66.2630137,0,0,Ever_Unspecified,Ever,0,,1,True
MSKCC_2023,P-0037326-T01-IM6,P-0037326,Female,0,68.40547945,68.40547945,0,0,Never,Never,0,,1,True
MSKCC_2023,P-0037556-T01-IM6,P-0037556,Male,1,85.65753425,85.65753425,0,0,Ever_Unspecified,Ever,0,,1,True
MSKCC_2023,P-0038614-T02-IM6,P-0038614,Male,1,60.10136986,60.10136986,0,0,Ever_Unspecified,Ever,0,,1,True
MSKCC_2023,P-0038984-T01-IM6,P-0038984,Female,0,65.0739726,65.0739726,0,0,Ever_Unspecified,Ever,0,,1,True
MSKCC_2023,P-0039013-T01-IM6,P-0039013,Male,1,52.38082192,52.38082192,0,0,Ever_Unspecified,Ever,0,,1,True
MSKCC_2023,P-0039078-T01-IM6,P-0039078,Female,0,59.11780822,59.11780822,0,0,Never,Never,0,,1,True
MSKCC_2023,P-0039592-T02-IM6,P-0039592,Male,1,70.36986301,70.36986301,0,0,Ever_Unspecified,Ever,0,,1,True
MSKCC_2023,P-0039859-T01-IM6,P-0039859,Female,0,52.60821918,52.60821918,0,0,Never,Never,0,,1,True
MSKCC_2023,P-0039967-T01-IM6,P-0039967,Female,0,75.83561644,75.83561644,0,0,Ever_Unspecified,Ever,0,,1,True
MSKCC_2023,P-0040055-T01-IM6,P-0040055,Female,0,62.76438356,62.76438356,0,0,Ever_Unspecified,Ever,0,,1,True
MSKCC_2023,P-0040133-T01-IM6,P-0040133,Male,1,66.85753425,66.85753425,0,0,Ever_Unspecified,Ever,0,,1,True
MSKCC_2023,P-0040473-T02-IM6,P-0040473,Female,0,70.59726027,70.59726027,0,0,Ever_Unspecified,Ever,0,,1,True
MSKCC_2023,P-0040655-T01-IM6,P-0040655,Female,0,51.29315068,51.29315068,0,0,Ever_Unspecified,Ever,0,,1,True
MSKCC_2023,P-0040796-T01-IM6,P-0040796,Female,0,66.14520548,66.14520548,0,0,Ever_Unspecified,Ever,0,,1,True
MSKCC_2023,P-0040984-T02-IM6,P-0040984,Male,1,65.73150685,65.73150685,0,0,Unknown,Unknown,1,,1,True
MSKCC_2023,P-0042069-T02-IM6,P-0042069,Female,0,60.09863014,60.09863014,0,0,Unknown,Unknown,1,,1,True
MSKCC_2023,P-0042863-T01-IM6,P-0042863,Female,0,62.69589041,62.69589041,0,0,Ever_Unspecified,Ever,0,,1,True
MSKCC_2023,P-0045169-T01-IM6,P-0045169,Female,0,70.93424658,70.93424658,0,0,Unknown,Unknown,1,,1,True
MSKCC_2023,P-0045256-T02-IM6,P-0045256,Male,1,68.62465753,68.62465753,0,0,Unknown,Unknown,1,,1,True
MSKCC_2023,P-0046558-T02-IM6,P-0046558,Female,0,77.03835616,77.03835616,0,0,Unknown,Unknown,1,,1,True
MSKCC_2023,P-0049841-T01-IM6,P-0049841,Female,0,38.82465753,38.82465753,0,0,Unknown,Unknown,1,,1,True
MSKCC_2023,P-0054902-T03-IM6,P-0054902,Female,0,70.8,70.8,0,0,Unknown,Unknown,1,,1,True
MSKCC_2023,P-0055318-T01-IM6,P-0055318,Female,0,68.00821918,68.00821918,0,0,Unknown,Unknown,1,,1,True
MSKCC_2023,P-0057556-T01-IM6,P-0057556,Male,1,54.59726027,54.59726027,0,0,Unknown,Unknown,1,,1,True
MSKCC_2023,P-0058420-T01-IM6,P-0058420,Female,0,63.71780822,63.71780822,0,0,Unknown,Unknown,1,,1,True
MSKCC_2023,P-0063815-T01-IM7,P-0063815,Female,0,47.75068493,47.75068493,0,0,Unknown,Unknown,1,,1,True
MSKCC_2023,P-0065172-T01-IM7,P-0065172,Female,0,69.66849315,69.66849315,0,0,Unknown,Unknown,1,,1,True
MSKCC_2023,P-0065191-T01-IM7,P-0065191,Male,1,62.38082192,62.38082192,0,0,Unknown,Unknown,1,,1,True
MSKCC_2023,P-0067213-T01-IM7,P-0067213,Male,1,76.89863014,76.89863014,0,0,Unknown,Unknown,1,,1,True
MSKCC_2023,P-0069037-T01-IM7,P-0069037,Male,1,78.53150685,78.53150685,0,0,Unknown,Unknown,1,,1,True
MSK_NPJPO_2021,P-0000219-T01-IM3,P-0000219,Male,1,52.0,52.0,0,0,Ever_Unspecified,Ever,0,5.0,0,True
MSK_NPJPO_2021,P-0000280-T01-IM3,P-0000280,Male,1,62.0,62.0,0,0,Never,Never,0,0.0,0,True
MSK_NPJPO_2021,P-0001241-T01-IM3,P-0001241,Male,1,83.0,83.0,0,0,Never,Never,0,0.0,0,True
MSK_NPJPO_2021,P-0002534-T01-IM3,P-0002534,Male,1,73.0,73.0,0,0,Never,Never,0,0.0,0,True
MSK_NPJPO_2021,P-0002544-T01-IM3,P-0002544,Male,1,56.0,56.0,0,0,Ever_Unspecified,Ever,0,32.0,0,True
MSK_NPJPO_2021,P-0002880-T02-IM6,P-0002880,Female,0,71.0,71.0,0,0,Never,Never,0,0.0,0,True
MSK_NPJPO_2021,P-0002996-T01-IM3,P-0002996,Female,0,65.0,65.0,0,0,Ever_Unspecified,Ever,0,45.0,0,True
MSK_NPJPO_2021,P-0003096-T01-IM5,P-0003096,Male,1,66.0,66.0,0,0,Ever_Unspecified,Ever,0,35.0,0,True
MSK_NPJPO_2021,P-0003323-T01-IM5,P-0003323,Male,1,61.0,61.0,0,0,Never,Never,0,0.0,0,True
MSK_NPJPO_2021,P-0003489-T01-IM5,P-0003489,Female,0,80.0,80.0,0,0,Ever_Unspecified,Ever,0,6.0,0,True
MSK_NPJPO_2021,P-0003709-T01-IM5,P-0003709,Female,0,71.0,71.0,0,0,Ever_Unspecified,Ever,0,32.0,0,True
MSK_NPJPO_2021,P-0003712-T01-IM5,P-0003712,Male,1,77.0,77.0,0,0,Ever_Unspecified,Ever,0,45.0,0,True
MSK_NPJPO_2021,P-0003734-T01-IM5,P-0003734,Female,0,68.0,68.0,0,0,Ever_Unspecified,Ever,0,49.0,0,True
MSK_NPJPO_2021,P-0003785-T01-IM5,P-0003785,Male,1,72.0,72.0,0,0,Ever_Unspecified,Ever,0,32.0,0,True
MSK_NPJPO_2021,P-0004105-T01-IM5,P-0004105,Male,1,75.0,75.0,0,0,Ever_Unspecified,Ever,0,40.0,0,True
MSK_NPJPO_2021,P-0004447-T01-IM5,P-0004447,Female,0,74.0,74.0,0,0,Ever_Unspecified,Ever,0,12.8,0,True
MSK_NPJPO_2021,P-0004678-T01-IM5,P-0004678,Female,0,65.0,65.0,0,0,Ever_Unspecified,Ever,0,23.5,0,True
MSK_NPJPO_2021,P-0004714-T01-IM5,P-0004714,Male,1,66.0,66.0,0,0,Ever_Unspecified,Ever,0,50.0,0,True
MSK_NPJPO_2021,P-0004730-T01-IM5,P-0004730,Female,0,70.0,70.0,0,0,Never,Never,0,0.0,0,True
MSK_NPJPO_2021,P-0004860-T01-IM5,P-0004860,Female,0,69.0,69.0,0,0,Ever_Unspecified,Ever,0,34.0,0,True
MSK_NPJPO_2021,P-0004873-T01-IM5,P-0004873,Male,1,63.0,63.0,0,0,Ever_Unspecified,Ever,0,49.0,0,True
MSK_NPJPO_2021,P-0005194-T01-IM5,P-0005194,Male,1,50.0,50.0,0,0,Ever_Unspecified,Ever,0,22.0,0,True
MSK_NPJPO_2021,P-0005198-T01-IM5,P-0005198,Male,1,74.0,74.0,0,0,Ever_Unspecified,Ever,0,10.0,0,True
MSK_NPJPO_2021,P-0005543-T02-IM5,P-0005543,Female,0,56.0,56.0,0,0,Ever_Unspecified,Ever,0,34.0,0,True
MSK_NPJPO_2021,P-0005567-T01-IM5,P-0005567,Male,1,67.0,67.0,0,0,Ever_Unspecified,Ever,0,30.0,0,True
MSK_NPJPO_2021,P-0005580-T01-IM5,P-0005580,Male,1,76.0,76.0,0,0,Never,Never,0,0.0,0,True
MSK_NPJPO_2021,P-0005813-T01-IM5,P-0005813,Male,1,49.0,49.0,0,0,Ever_Unspecified,Ever,0,5.95,0,True
MSK_NPJPO_2021,P-0005873-T01-IM5,P-0005873,Male,1,82.0,82.0,0,0,Ever_Unspecified,Ever,0,33.75,0,True
MSK_NPJPO_2021,P-0005927-T01-IM5,P-0005927,Male,1,60.0,60.0,0,0,Ever_Unspecified,Ever,0,90.0,0,True
MSK_NPJPO_2021,P-0005975-T01-IM5,P-0005975,Male,1,80.0,80.0,0,0,Ever_Unspecified,Ever,0,10.0,0,True
MSK_NPJPO_2021,P-0006060-T01-IM5,P-0006060,Male,1,67.0,67.0,0,0,Ever_Unspecified,Ever,0,62.5,0,True
MSK_NPJPO_2021,P-0006115-T01-IM5,P-0006115,Male,1,58.0,58.0,0,0,Ever_Unspecified,Ever,0,27.0,0,True
MSK_NPJPO_2021,P-0006127-T01-IM5,P-0006127,Female,0,72.0,72.0,0,0,Ever_Unspecified,Ever,0,5.0,0,True
MSK_NPJPO_2021,P-0006139-T01-IM5,P-0006139,Male,1,76.0,76.0,0,0,Never,Never,0,0.0,0,True
MSK_NPJPO_2021,P-0006421-T01-IM5,P-0006421,Male,1,73.0,73.0,0,0,Ever_Unspecified,Ever,0,61.0,0,True
MSK_NPJPO_2021,P-0006485-T01-IM5,P-0006485,Male,1,83.0,83.0,0,0,Ever_Unspecified,Ever,0,50.0,0,True
MSK_NPJPO_2021,P-0006640-T01-IM5,P-0006640,Male,1,83.0,83.0,0,0,Ever_Unspecified,Ever,0,1.2,0,True
MSK_NPJPO_2021,P-0006747-T01-IM5,P-0006747,Male,1,66.0,66.0,0,0,Ever_Unspecified,Ever,0,25.0,0,True
MSK_NPJPO_2021,P-0006768-T01-IM5,P-0006768,Female,0,65.0,65.0,0,0,Ever_Unspecified,Ever,0,26.0,0,True
MSK_NPJPO_2021,P-0006793-T01-IM5,P-0006793,Male,1,50.0,50.0,0,0,Ever_Unspecified,Ever,0,15.0,0,True
MSK_NPJPO_2021,P-0006912-T01-IM5,P-0006912,Male,1,75.0,75.0,0,0,Never,Never,0,0.0,0,True
MSK_NPJPO_2021,P-0006920-T01-IM5,P-0006920,Female,0,73.0,73.0,0,0,Ever_Unspecified,Ever,0,0.4,0,True
MSK_NPJPO_2021,P-0007031-T01-IM5,P-0007031,Male,1,64.0,64.0,0,0,Ever_Unspecified,Ever,0,6.0,0,True
MSK_NPJPO_2021,P-0007074-T01-IM5,P-0007074,Male,1,65.0,65.0,0,0,Ever_Unspecified,Ever,0,17.5,0,True
MSK_NPJPO_2021,P-0007513-T02-IM5,P-0007513,Male,1,60.0,60.0,0,0,Never,Never,0,0.0,0,True
MSK_NPJPO_2021,P-0007545-T01-IM5,P-0007545,Male,1,72.0,72.0,0,0,Ever_Unspecified,Ever,0,5.0,0,True
MSK_NPJPO_2021,P-0007638-T01-IM5,P-0007638,Male,1,69.0,69.0,0,0,Ever_Unspecified,Ever,0,19.2,0,True
MSK_NPJPO_2021,P-0007779-T01-IM5,P-0007779,Male,1,70.0,70.0,0,0,Ever_Unspecified,Ever,0,30.0,0,True
MSK_NPJPO_2021,P-0007816-T01-IM5,P-0007816,Male,1,78.0,78.0,0,0,Ever_Unspecified,Ever,0,2.3,0,True
MSK_NPJPO_2021,P-0007846-T01-IM5,P-0007846,Male,1,70.0,70.0,0,0,Ever_Unspecified,Ever,0,2.5,0,True
MSK_NPJPO_2021,P-0007896-T01-IM5,P-0007896,Male,1,83.0,83.0,0,0,Never,Never,0,0.0,0,True
MSK_NPJPO_2021,P-0007916-T01-IM5,P-0007916,Female,0,67.0,67.0,0,0,Ever_Unspecified,Ever,0,56.25,0,True
MSK_NPJPO_2021,P-0008002-T01-IM5,P-0008002,Female,0,72.0,72.0,0,0,Ever_Unspecified,Ever,0,60.0,0,True
MSK_NPJPO_2021,P-0008029-T01-IM5,P-0008029,Female,0,71.0,71.0,0,0,Ever_Unspecified,Ever,0,100.0,0,True
MSK_NPJPO_2021,P-0008176-T01-IM5,P-0008176,Male,1,70.0,70.0,0,0,Never,Never,0,0.0,0,True
MSK_NPJPO_2021,P-0008440-T01-IM5,P-0008440,Male,1,65.0,65.0,0,0,Ever_Unspecified,Ever,0,0.75,0,True
MSK_NPJPO_2021,P-0008601-T01-IM5,P-0008601,Female,0,59.0,59.0,0,0,Never,Never,0,0.0,0,True
MSK_NPJPO_2021,P-0008957-T01-IM5,P-0008957,Female,0,69.0,69.0,0,0,Ever_Unspecified,Ever,0,82.5,0,True
MSK_NPJPO_2021,P-0009042-T01-IM5,P-0009042,Male,1,70.0,70.0,0,0,Ever_Unspecified,Ever,0,7.0,0,True
MSK_NPJPO_2021,P-0009092-T01-IM5,P-0009092,Male,1,59.0,59.0,0,0,Ever_Unspecified,Ever,0,30.0,0,True
MSK_NPJPO_2021,P-0009194-T01-IM5,P-0009194,Female,0,70.0,70.0,0,0,Ever_Unspecified,Ever,0,120.0,0,True
MSK_NPJPO_2021,P-0009289-T01-IM5,P-0009289,Female,0,70.0,70.0,0,0,Ever_Unspecified,Ever,0,50.0,0,True
MSK_NPJPO_2021,P-0009312-T01-IM5,P-0009312,Female,0,51.0,51.0,0,0,Ever_Unspecified,Ever,0,3.75,0,True
MSK_NPJPO_2021,P-0009313-T01-IM5,P-0009313,Male,1,71.0,71.0,0,0,Ever_Unspecified,Ever,0,60.0,0,True
MSK_NPJPO_2021,P-0009358-T01-IM5,P-0009358,Male,1,72.0,72.0,0,0,Ever_Unspecified,Ever,0,6.8,0,True
MSK_NPJPO_2021,P-0009462-T01-IM5,P-0009462,Female,0,75.0,75.0,0,0,Ever_Unspecified,Ever,0,9.0,0,True
MSK_NPJPO_2021,P-0009590-T01-IM5,P-0009590,Male,1,70.0,70.0,0,0,Ever_Unspecified,Ever,0,22.0,0,True
MSK_NPJPO_2021,P-0009633-T01-IM5,P-0009633,Male,1,60.0,60.0,0,0,Ever_Unspecified,Ever,0,15.0,0,True
MSK_NPJPO_2021,P-0009823-T01-IM5,P-0009823,Female,0,78.0,78.0,0,0,Ever_Unspecified,Ever,0,15.0,0,True
MSK_NPJPO_2021,P-0009948-T01-IM5,P-0009948,Male,1,70.0,70.0,0,0,Ever_Unspecified,Ever,0,17.5,0,True
MSK_NPJPO_2021,P-0009957-T01-IM5,P-0009957,Male,1,65.0,65.0,0,0,Never,Never,0,0.0,0,True
MSK_NPJPO_2021,P-0010063-T01-IM5,P-0010063,Female,0,72.0,72.0,0,0,Ever_Unspecified,Ever,0,6.0,0,True
MSK_NPJPO_2021,P-0010133-T01-IM5,P-0010133,Male,1,73.0,73.0,0,0,Never,Never,0,0.0,0,True
MSK_NPJPO_2021,P-0010210-T01-IM5,P-0010210,Male,1,64.0,64.0,0,0,Ever_Unspecified,Ever,0,27.0,0,True
MSK_NPJPO_2021,P-0010253-T01-IM5,P-0010253,Male,1,75.0,75.0,0,0,Ever_Unspecified,Ever,0,49.5,0,True
MSK_NPJPO_2021,P-0010300-T01-IM5,P-0010300,Female,0,53.0,53.0,0,0,Never,Never,0,0.0,0,True
MSK_NPJPO_2021,P-0010307-T01-IM5,P-0010307,Female,0,64.0,64.0,0,0,Ever_Unspecified,Ever,0,70.0,0,True
MSK_NPJPO_2021,P-0010328-T01-IM5,P-0010328,Female,0,66.0,66.0,0,0,Never,Never,0,0.0,0,True
MSK_NPJPO_2021,P-0010345-T01-IM5,P-0010345,Female,0,73.0,73.0,0,0,Ever_Unspecified,Ever,0,7.5,0,True
MSK_NPJPO_2021,P-0010359-T01-IM5,P-0010359,Female,0,61.0,61.0,0,0,Ever_Unspecified,Ever,0,20.0,0,True
MSK_NPJPO_2021,P-0010404-T01-IM5,P-0010404,Female,0,66.0,66.0,0,0,Ever_Unspecified,Ever,0,20.0,0,True
MSK_NPJPO_2021,P-0010507-T01-IM5,P-0010507,Female,0,81.0,81.0,0,0,Never,Never,0,0.0,0,True
MSK_NPJPO_2021,P-0010592-T01-IM5,P-0010592,Female,0,66.0,66.0,0,0,Ever_Unspecified,Ever,0,80.0,0,True
MSK_NPJPO_2021,P-0010601-T01-IM5,P-0010601,Male,1,68.0,68.0,0,0,Ever_Unspecified,Ever,0,78.75,0,True
MSK_NPJPO_2021,P-0010632-T01-IM5,P-0010632,Female,0,68.0,68.0,0,0,Ever_Unspecified,Ever,0,28.5,0,True
MSK_NPJPO_2021,P-0010741-T01-IM5,P-0010741,Female,0,77.0,77.0,0,0,Ever_Unspecified,Ever,0,27.5,0,True
MSK_NPJPO_2021,P-0010841-T01-IM5,P-0010841,Male,1,61.0,61.0,0,0,Never,Never,0,0.0,0,True
MSK_NPJPO_2021,P-0010980-T01-IM5,P-0010980,Male,1,73.0,73.0,0,0,Ever_Unspecified,Ever,0,9.9,0,True
MSK_NPJPO_2021,P-0011005-T01-IM5,P-0011005,Female,0,65.0,65.0,0,0,Ever_Unspecified,Ever,0,46.25,0,True
MSK_NPJPO_2021,P-0011157-T01-IM5,P-0011157,Female,0,80.0,80.0,0,0,Ever_Unspecified,Ever,0,36.0,0,True
MSK_NPJPO_2021,P-0011183-T01-IM5,P-0011183,Male,1,77.0,77.0,0,0,Ever_Unspecified,Ever,0,30.0,0,True
MSK_NPJPO_2021,P-0011234-T01-IM5,P-0011234,Male,1,72.0,72.0,0,0,Never,Never,0,0.0,0,True
MSK_NPJPO_2021,P-0011236-T01-IM5,P-0011236,Male,1,65.0,65.0,0,0,Ever_Unspecified,Ever,0,50.0,0,True
MSK_NPJPO_2021,P-0012056-T01-IM5,P-0012056,Female,0,62.0,62.0,0,0,Ever_Unspecified,Ever,0,72.0,0,True
MSK_NPJPO_2021,P-0012065-T01-IM5,P-0012065,Female,0,43.0,43.0,0,0,Ever_Unspecified,Ever,0,19.0,0,True
MSK_NPJPO_2021,P-0012079-T01-IM5,P-0012079,Male,1,56.0,56.0,0,0,Ever_Unspecified,Ever,0,42.0,0,True
MSK_NPJPO_2021,P-0012088-T01-IM5,P-0012088,Female,0,77.0,77.0,0,0,Ever_Unspecified,Ever,0,32.0,0,True
MSK_NPJPO_2021,P-0012089-T01-IM5,P-0012089,Male,1,61.0,61.0,0,0,Never,Never,0,0.0,0,True
MSK_NPJPO_2021,P-0012439-T01-IM5,P-0012439,Male,1,70.0,70.0,0,0,Ever_Unspecified,Ever,0,0.625,0,True
MSK_NPJPO_2021,P-0012449-T01-IM5,P-0012449,Female,0,78.0,78.0,0,0,Ever_Unspecified,Ever,0,30.0,0,True
MSK_NPJPO_2021,P-0012456-T01-IM5,P-0012456,Female,0,75.0,75.0,0,0,Ever_Unspecified,Ever,0,4.0,0,True
MSK_NPJPO_2021,P-0012476-T02-IM6,P-0012476,Male,1,80.0,80.0,0,0,Ever_Unspecified,Ever,0,50.0,0,True
MSK_NPJPO_2021,P-0012540-T01-IM5,P-0012540,Female,0,68.0,68.0,0,0,Ever_Unspecified,Ever,0,100.0,0,True
MSK_NPJPO_2021,P-0012592-T01-IM5,P-0012592,Male,1,62.0,62.0,0,0,Never,Never,0,0.0,0,True
MSK_NPJPO_2021,P-0012649-T01-IM5,P-0012649,Male,1,72.0,72.0,0,0,Ever_Unspecified,Ever,0,112.0,0,True
MSK_NPJPO_2021,P-0012664-T01-IM5,P-0012664,Male,1,58.0,58.0,0,0,Never,Never,0,0.0,0,True
MSK_NPJPO_2021,P-0012757-T01-IM5,P-0012757,Male,1,56.0,56.0,0,0,Ever_Unspecified,Ever,0,4.25,0,True
MSK_NPJPO_2021,P-0012788-T01-IM5,P-0012788,Male,1,69.0,69.0,0,0,Ever_Unspecified,Ever,0,12.9,0,True
MSK_NPJPO_2021,P-0012922-T01-IM5,P-0012922,Male,1,65.0,65.0,0,0,Ever_Unspecified,Ever,0,20.0,0,True
MSK_NPJPO_2021,P-0013016-T01-IM5,P-0013016,Male,1,73.0,73.0,0,0,Never,Never,0,0.0,0,True
MSK_NPJPO_2021,P-0013295-T01-IM5,P-0013295,Male,1,76.0,76.0,0,0,Ever_Unspecified,Ever,0,6.0,0,True
MSK_NPJPO_2021,P-0013338-T01-IM5,P-0013338,Male,1,66.0,66.0,0,0,Ever_Unspecified,Ever,0,50.0,0,True
MSK_NPJPO_2021,P-0013371-T01-IM5,P-0013371,Male,1,71.0,71.0,0,0,Never,Never,0,0.0,0,True
MSK_NPJPO_2021,P-0013376-T01-IM5,P-0013376,Male,1,71.0,71.0,0,0,Ever_Unspecified,Ever,0,62.0,0,True
MSK_NPJPO_2021,P-0013509-T01-IM5,P-0013509,Male,1,72.0,72.0,0,0,Ever_Unspecified,Ever,0,40.0,0,True
MSK_NPJPO_2021,P-0013511-T01-IM5,P-0013511,Female,0,63.0,63.0,0,0,Ever_Unspecified,Ever,0,20.7,0,True
MSK_NPJPO_2021,P-0013531-T01-IM5,P-0013531,Female,0,64.0,64.0,0,0,Ever_Unspecified,Ever,0,8.0,0,True
MSK_NPJPO_2021,P-0013534-T01-IM5,P-0013534,Male,1,78.0,78.0,0,0,Ever_Unspecified,Ever,0,6.0,0,True
MSK_NPJPO_2021,P-0013705-T01-IM5,P-0013705,Female,0,79.0,79.0,0,0,Ever_Unspecified,Ever,0,60.0,0,True
MSK_NPJPO_2021,P-0013708-T01-IM5,P-0013708,Male,1,75.0,75.0,0,0,Never,Never,0,0.0,0,True
MSK_NPJPO_2021,P-0013710-T01-IM5,P-0013710,Male,1,69.0,69.0,0,0,Ever_Unspecified,Ever,0,27.0,0,True
MSK_NPJPO_2021,P-0013759-T01-IM5,P-0013759,Male,1,56.0,56.0,0,0,Never,Never,0,0.0,0,True
MSK_NPJPO_2021,P-0013872-T01-IM5,P-0013872,Male,1,73.0,73.0,0,0,Ever_Unspecified,Ever,0,15.0,0,True
MSK_NPJPO_2021,P-0013978-T01-IM5,P-0013978,Female,0,70.0,70.0,0,0,Ever_Unspecified,Ever,0,29.0,0,True
MSK_NPJPO_2021,P-0013993-T01-IM5,P-0013993,Male,1,76.0,76.0,0,0,Ever_Unspecified,Ever,0,15.0,0,True
MSK_NPJPO_2021,P-0013997-T01-IM5,P-0013997,Male,1,73.0,73.0,0,0,Ever_Unspecified,Ever,0,40.0,0,True
MSK_NPJPO_2021,P-0014011-T02-IM6,P-0014011,Male,1,69.0,69.0,0,0,Never,Never,0,0.0,0,True
MSK_NPJPO_2021,P-0014062-T01-IM5,P-0014062,Female,0,57.0,57.0,0,0,Ever_Unspecified,Ever,0,27.0,0,True
MSK_NPJPO_2021,P-0014089-T01-IM5,P-0014089,Male,1,60.0,60.0,0,0,Ever_Unspecified,Ever,0,45.0,0,True
MSK_NPJPO_2021,P-0014187-T01-IM6,P-0014187,Male,1,79.0,79.0,0,0,Never,Never,0,0.0,0,True
MSK_NPJPO_2021,P-0014222-T01-IM6,P-0014222,Male,1,50.0,50.0,0,0,Ever_Unspecified,Ever,0,22.5,0,True
MSK_NPJPO_2021,P-0014223-T01-IM6,P-0014223,Male,1,57.0,57.0,0,0,Never,Never,0,0.0,0,True
MSK_NPJPO_2021,P-0014232-T01-IM6,P-0014232,Female,0,59.0,59.0,0,0,Ever_Unspecified,Ever,0,25.5,0,True
MSK_NPJPO_2021,P-0014239-T01-IM6,P-0014239,Female,0,72.0,72.0,0,0,Ever_Unspecified,Ever,0,52.0,0,True
MSK_NPJPO_2021,P-0014266-T01-IM6,P-0014266,Male,1,73.0,73.0,0,0,Ever_Unspecified,Ever,0,1.0,0,True
MSK_NPJPO_2021,P-0014285-T02-IM6,P-0014285,Male,1,61.0,61.0,0,0,Ever_Unspecified,Ever,0,15.0,0,True
MSK_NPJPO_2021,P-0014413-T01-IM6,P-0014413,Male,1,72.0,72.0,0,0,Ever_Unspecified,Ever,0,45.0,0,True
MSK_NPJPO_2021,P-0014430-T01-IM6,P-0014430,Male,1,67.0,67.0,0,0,Ever_Unspecified,Ever,0,105.0,0,True
MSK_NPJPO_2021,P-0014437-T01-IM6,P-0014437,Male,1,61.0,61.0,0,0,Never,Never,0,0.0,0,True
MSK_NPJPO_2021,P-0014453-T01-IM6,P-0014453,Female,0,71.0,71.0,0,0,Ever_Unspecified,Ever,0,20.0,0,True
MSK_NPJPO_2021,P-0014487-T01-IM6,P-0014487,Female,0,71.0,71.0,0,0,Ever_Unspecified,Ever,0,35.0,0,True
MSK_NPJPO_2021,P-0014502-T01-IM6,P-0014502,Male,1,73.0,73.0,0,0,Never,Never,0,0.0,0,True
MSK_NPJPO_2021,P-0014612-T01-IM6,P-0014612,Female,0,72.0,72.0,0,0,Ever_Unspecified,Ever,0,20.0,0,True
MSK_NPJPO_2021,P-0014614-T01-IM6,P-0014614,Male,1,74.0,74.0,0,0,Ever_Unspecified,Ever,0,17.0,0,True
MSK_NPJPO_2021,P-0014805-T01-IM6,P-0014805,Male,1,66.0,66.0,0,0,Ever_Unspecified,Ever,0,25.0,0,True
MSK_NPJPO_2021,P-0014817-T01-IM6,P-0014817,Male,1,63.0,63.0,0,0,Ever_Unspecified,Ever,0,50.0,0,True
MSK_NPJPO_2021,P-0014875-T01-IM6,P-0014875,Male,1,52.0,52.0,0,0,Never,Never,0,0.0,0,True
MSK_NPJPO_2021,P-0014878-T01-IM6,P-0014878,Female,0,70.0,70.0,0,0,Never,Never,0,0.0,0,True
MSK_NPJPO_2021,P-0014948-T01-IM6,P-0014948,Male,1,70.0,70.0,0,0,Ever_Unspecified,Ever,0,1.0,0,True
MSK_NPJPO_2021,P-0014990-T01-IM6,P-0014990,Male,1,74.0,74.0,0,0,Ever_Unspecified,Ever,0,30.0,0,True
MSK_NPJPO_2021,P-0015027-T01-IM6,P-0015027,Male,1,59.0,59.0,0,0,Ever_Unspecified,Ever,0,52.5,0,True
MSK_NPJPO_2021,P-0015073-T01-IM6,P-0015073,Female,0,81.0,81.0,0,0,Ever_Unspecified,Ever,0,24.0,0,True
MSK_NPJPO_2021,P-0015080-T01-IM6,P-0015080,Male,1,71.0,71.0,0,0,Ever_Unspecified,Ever,0,39.2,0,True
MSK_NPJPO_2021,P-0015082-T01-IM6,P-0015082,Male,1,80.0,80.0,0,0,Ever_Unspecified,Ever,0,46.0,0,True
MSK_NPJPO_2021,P-0015256-T01-IM6,P-0015256,Male,1,73.0,73.0,0,0,Ever_Unspecified,Ever,0,50.0,0,True
MSK_NPJPO_2021,P-0015259-T01-IM6,P-0015259,Female,0,85.0,85.0,0,0,Never,Never,0,0.0,0,True
MSK_NPJPO_2021,P-0015332-T01-IM6,P-0015332,Male,1,55.0,55.0,0,0,Ever_Unspecified,Ever,0,4.0,0,True
MSK_NPJPO_2021,P-0015352-T01-IM6,P-0015352,Female,0,72.0,72.0,0,0,Ever_Unspecified,Ever,0,2.5,0,True
MSK_NPJPO_2021,P-0015388-T01-IM6,P-0015388,Female,0,78.0,78.0,0,0,Ever_Unspecified,Ever,0,7.5,0,True
MSK_NPJPO_2021,P-0015454-T01-IM6,P-0015454,Female,0,80.0,80.0,0,0,Ever_Unspecified,Ever,0,24.0,0,True
MSK_NPJPO_2021,P-0015470-T01-IM6,P-0015470,Female,0,65.0,65.0,0,0,Never,Never,0,0.0,0,True
MSK_NPJPO_2021,P-0015578-T01-IM6,P-0015578,Female,0,77.0,77.0,0,0,Ever_Unspecified,Ever,0,120.0,0,True
MSK_NPJPO_2021,P-0015677-T01-IM6,P-0015677,Male,1,80.0,80.0,0,0,Ever_Unspecified,Ever,0,10.0,0,True
MSK_NPJPO_2021,P-0015774-T01-IM6,P-0015774,Male,1,71.0,71.0,0,0,Never,Never,0,0.0,0,True
MSK_NPJPO_2021,P-0015862-T01-IM6,P-0015862,Female,0,72.0,72.0,0,0,Ever_Unspecified,Ever,0,66.0,0,True
MSK_NPJPO_2021,P-0015973-T01-IM6,P-0015973,Male,1,68.0,68.0,0,0,Ever_Unspecified,Ever,0,48.0,0,True
MSK_NPJPO_2021,P-0016021-T01-IM6,P-0016021,Male,1,58.0,58.0,0,0,Ever_Unspecified,Ever,0,15.0,0,True
MSK_NPJPO_2021,P-0016026-T01-IM6,P-0016026,Female,0,82.0,82.0,0,0,Ever_Unspecified,Ever,0,,1,True
MSK_NPJPO_2021,P-0016036-T01-IM6,P-0016036,Male,1,82.0,82.0,0,0,Ever_Unspecified,Ever,0,48.0,0,True
MSK_NPJPO_2021,P-0016043-T02-IM6,P-0016043,Female,0,61.0,61.0,0,0,Ever_Unspecified,Ever,0,43.0,0,True
MSK_NPJPO_2021,P-0016050-T01-IM6,P-0016050,Male,1,74.0,74.0,0,0,Ever_Unspecified,Ever,0,10.0,0,True
MSK_NPJPO_2021,P-0016165-T01-IM6,P-0016165,Female,0,73.0,73.0,0,0,Never,Never,0,0.0,0,True
MSK_NPJPO_2021,P-0016172-T01-IM6,P-0016172,Male,1,67.0,67.0,0,0,Ever_Unspecified,Ever,0,20.0,0,True
MSK_NPJPO_2021,P-0016173-T01-IM6,P-0016173,Male,1,50.0,50.0,0,0,Ever_Unspecified,Ever,0,13.0,0,True
MSK_NPJPO_2021,P-0016204-T01-IM6,P-0016204,Male,1,45.0,45.0,0,0,Never,Never,0,0.0,0,True
MSK_NPJPO_2021,P-0016259-T01-IM6,P-0016259,Female,0,81.0,81.0,0,0,Ever_Unspecified,Ever,0,12.5,0,True
MSK_NPJPO_2021,P-0016260-T01-IM6,P-0016260,Male,1,59.0,59.0,0,0,Never,Never,0,0.0,0,True
MSK_NPJPO_2021,P-0016261-T01-IM6,P-0016261,Male,1,80.0,80.0,0,0,Ever_Unspecified,Ever,0,17.0,0,True
MSK_NPJPO_2021,P-0016309-T01-IM6,P-0016309,Male,1,78.0,78.0,0,0,Ever_Unspecified,Ever,0,11.0,0,True
MSK_NPJPO_2021,P-0016378-T01-IM6,P-0016378,Male,1,68.0,68.0,0,0,Never,Never,0,0.0,0,True
MSK_NPJPO_2021,P-0016398-T01-IM6,P-0016398,Male,1,64.0,64.0,0,0,Ever_Unspecified,Ever,0,3.7,0,True
MSK_NPJPO_2021,P-0016464-T01-IM6,P-0016464,Female,0,70.0,70.0,0,0,Ever_Unspecified,Ever,0,60.0,0,True
MSK_NPJPO_2021,P-0016471-T01-IM6,P-0016471,Male,1,74.0,74.0,0,0,Ever_Unspecified,Ever,0,22.5,0,True
MSK_NPJPO_2021,P-0016503-T01-IM6,P-0016503,Female,0,72.0,72.0,0,0,Never,Never,0,0.0,0,True
MSK_NPJPO_2021,P-0016527-T01-IM6,P-0016527,Female,0,58.0,58.0,0,0,Ever_Unspecified,Ever,0,30.0,0,True
MSK_NPJPO_2021,P-0016539-T01-IM6,P-0016539,Male,1,80.0,80.0,0,0,Ever_Unspecified,Ever,0,25.0,0,True
MSK_NPJPO_2021,P-0016544-T01-IM6,P-0016544,Male,1,84.0,84.0,0,0,Ever_Unspecified,Ever,0,50.0,0,True
MSK_NPJPO_2021,P-0016613-T01-IM6,P-0016613,Male,1,65.0,65.0,0,0,Ever_Unspecified,Ever,0,48.0,0,True
MSK_NPJPO_2021,P-0016736-T01-IM6,P-0016736,Female,0,71.0,71.0,0,0,Never,Never,0,0.0,0,True
MSK_NPJPO_2021,P-0016781-T01-IM6,P-0016781,Male,1,87.0,87.0,0,0,Ever_Unspecified,Ever,0,25.0,0,True
MSK_NPJPO_2021,P-0017038-T01-IM6,P-0017038,Female,0,77.0,77.0,0,0,Never,Never,0,0.0,0,True
MSK_NPJPO_2021,P-0017049-T01-IM6,P-0017049,Male,1,45.0,45.0,0,0,Ever_Unspecified,Ever,0,13.5,0,True
MSK_NPJPO_2021,P-0017231-T01-IM6,P-0017231,Male,1,74.0,74.0,0,0,Ever_Unspecified,Ever,0,10.0,0,True
MSK_NPJPO_2021,P-0017328-T01-IM6,P-0017328,Male,1,65.0,65.0,0,0,Ever_Unspecified,Ever,0,0.45,0,True
MSK_NPJPO_2021,P-0017369-T01-IM6,P-0017369,Male,1,72.0,72.0,0,0,Ever_Unspecified,Ever,0,40.0,0,True
MSK_NPJPO_2021,P-0017390-T01-IM6,P-0017390,Female,0,69.0,69.0,0,0,Ever_Unspecified,Ever,0,30.0,0,True
MSK_NPJPO_2021,P-0017534-T01-IM5,P-0017534,Male,1,78.0,78.0,0,0,Never,Never,0,0.0,0,True
MSK_NPJPO_2021,P-0017546-T01-IM5,P-0017546,Male,1,81.0,81.0,0,0,Ever_Unspecified,Ever,0,15.0,0,True
MSK_NPJPO_2021,P-0017803-T01-IM6,P-0017803,Female,0,80.0,80.0,0,0,Ever_Unspecified,Ever,0,4.65,0,True
MSK_NPJPO_2021,P-0017904-T01-IM6,P-0017904,Male,1,54.0,54.0,0,0,Never,Never,0,0.0,0,True
MSK_NPJPO_2021,P-0017915-T01-IM6,P-0017915,Male,1,71.0,71.0,0,0,Ever_Unspecified,Ever,0,105.0,0,True
MSK_NPJPO_2021,P-0017946-T01-IM6,P-0017946,Male,1,75.0,75.0,0,0,Ever_Unspecified,Ever,0,30.0,0,True
MSK_NPJPO_2021,P-0017976-T01-IM6,P-0017976,Male,1,68.0,68.0,0,0,Never,Never,0,0.0,0,True
MSK_NPJPO_2021,P-0018047-T01-IM6,P-0018047,Male,1,73.0,73.0,0,0,Ever_Unspecified,Ever,0,52.0,0,True
MSK_NPJPO_2021,P-0018069-T01-IM6,P-0018069,Female,0,41.0,41.0,0,0,Never,Never,0,0.0,0,True
MSK_NPJPO_2021,P-0018196-T01-IM6,P-0018196,Male,1,56.0,56.0,0,0,Ever_Unspecified,Ever,0,1.0,0,True
MSK_NPJPO_2021,P-0018327-T01-IM6,P-0018327,Male,1,75.0,75.0,0,0,Ever_Unspecified,Ever,0,75.0,0,True
MSK_NPJPO_2021,P-0018460-T01-IM6,P-0018460,Male,1,63.0,63.0,0,0,Never,Never,0,0.0,0,True
MSK_NPJPO_2021,P-0018654-T02-IM6,P-0018654,Female,0,71.0,71.0,0,0,Ever_Unspecified,Ever,0,72.0,0,True
MSK_NPJPO_2021,P-0018688-T01-IM6,P-0018688,Male,1,81.0,81.0,0,0,Ever_Unspecified,Ever,0,56.0,0,True
MSK_NPJPO_2021,P-0018761-T01-IM6,P-0018761,Male,1,75.0,75.0,0,0,Ever_Unspecified,Ever,0,35.0,0,True
MSK_NPJPO_2021,P-0018923-T01-IM6,P-0018923,Female,0,81.0,81.0,0,0,Ever_Unspecified,Ever,0,12.5,0,True
MSK_NPJPO_2021,P-0018967-T01-IM6,P-0018967,Male,1,55.0,55.0,0,0,Ever_Unspecified,Ever,0,30.0,0,True
MSK_NPJPO_2021,P-0019111-T01-IM6,P-0019111,Male,1,87.0,87.0,0,0,Ever_Unspecified,Ever,0,25.0,0,True
MSK_NPJPO_2021,P-0019131-T01-IM6,P-0019131,Male,1,69.0,69.0,0,0,Never,Never,0,0.0,0,True
MSK_NPJPO_2021,P-0019329-T01-IM6,P-0019329,Male,1,67.0,67.0,0,0,Ever_Unspecified,Ever,0,12.0,0,True
MSK_NPJPO_2021,P-0019418-T01-IM6,P-0019418,Male,1,79.0,79.0,0,0,Ever_Unspecified,Ever,0,4.0,0,True
MSK_NPJPO_2021,P-0019426-T01-IM6,P-0019426,Female,0,69.0,69.0,0,0,Ever_Unspecified,Ever,0,4.5,0,True
MSK_NPJPO_2021,P-0019436-T01-IM6,P-0019436,Male,1,66.0,66.0,0,0,Ever_Unspecified,Ever,0,45.0,0,True
MSK_NPJPO_2021,P-0019444-T01-IM6,P-0019444,Female,0,59.0,59.0,0,0,Ever_Unspecified,Ever,0,20.0,0,True
MSK_NPJPO_2021,P-0019559-T01-IM6,P-0019559,Male,1,70.0,70.0,0,0,Never,Never,0,0.0,0,True
MSK_NPJPO_2021,P-0019597-T01-IM6,P-0019597,Male,1,71.0,71.0,0,0,Never,Never,0,0.0,0,True
MSK_NPJPO_2021,P-0019676-T01-IM6,P-0019676,Male,1,75.0,75.0,0,0,Ever_Unspecified,Ever,0,18.0,0,True
MSK_NPJPO_2021,P-0019802-T01-IM6,P-0019802,Male,1,54.0,54.0,0,0,Never,Never,0,0.0,0,True
MSK_NPJPO_2021,P-0019857-T01-IM6,P-0019857,Male,1,68.0,68.0,0,0,Never,Never,0,0.0,0,True
MSK_NPJPO_2021,P-0019897-T01-IM6,P-0019897,Male,1,64.0,64.0,0,0,Ever_Unspecified,Ever,0,10.5,0,True
MSK_NPJPO_2021,P-0019904-T01-IM6,P-0019904,Male,1,75.0,75.0,0,0,Ever_Unspecified,Ever,0,120.0,0,True
MSK_NPJPO_2021,P-0019914-T01-IM6,P-0019914,Male,1,65.0,65.0,0,0,Ever_Unspecified,Ever,0,10.0,0,True
MSK_NPJPO_2021,P-0019936-T01-IM6,P-0019936,Male,1,77.0,77.0,0,0,Ever_Unspecified,Ever,0,30.0,0,True
MSK_NPJPO_2021,P-0019950-T01-IM6,P-0019950,Male,1,78.0,78.0,0,0,Ever_Unspecified,Ever,0,25.0,0,True
MSK_NPJPO_2021,P-0019982-T01-IM6,P-0019982,Male,1,78.0,78.0,0,0,Ever_Unspecified,Ever,0,34.5,0,True
MSK_NPJPO_2021,P-0020158-T01-IM6,P-0020158,Male,1,80.0,80.0,0,0,Ever_Unspecified,Ever,0,1.25,0,True
MSK_NPJPO_2021,P-0020177-T01-IM6,P-0020177,Male,1,72.0,72.0,0,0,Never,Never,0,0.0,0,True
MSK_NPJPO_2021,P-0020437-T02-IM6,P-0020437,Male,1,62.0,62.0,0,0,Ever_Unspecified,Ever,0,40.0,0,True
MSK_NPJPO_2021,P-0020521-T01-IM6,P-0020521,Male,1,51.0,51.0,0,0,Ever_Unspecified,Ever,0,45.0,0,True
MSK_NPJPO_2021,P-0020570-T01-IM6,P-0020570,Female,0,77.0,77.0,0,0,Ever_Unspecified,Ever,0,75.0,0,True
MSK_NPJPO_2021,P-0020776-T01-IM6,P-0020776,Male,1,67.0,67.0,0,0,Ever_Unspecified,Ever,0,15.0,0,True
MSK_NPJPO_2021,P-0020779-T01-IM6,P-0020779,Female,0,77.0,77.0,0,0,Ever_Unspecified,Ever,0,100.0,0,True
MSK_NPJPO_2021,P-0020782-T01-IM6,P-0020782,Male,1,67.0,67.0,0,0,Ever_Unspecified,Ever,0,45.0,0,True
MSK_NPJPO_2021,P-0020966-T01-IM6,P-0020966,Male,1,62.0,62.0,0,0,Ever_Unspecified,Ever,0,64.5,0,True
MSK_NPJPO_2021,P-0021029-T01-IM6,P-0021029,Male,1,67.0,67.0,0,0,Ever_Unspecified,Ever,0,45.0,0,True
MSK_NPJPO_2021,P-0021236-T01-IM6,P-0021236,Male,1,70.0,70.0,0,0,Ever_Unspecified,Ever,0,1.8,0,True
MSK_NPJPO_2021,P-0021329-T01-IM6,P-0021329,Female,0,77.0,77.0,0,0,Ever_Unspecified,Ever,0,120.0,0,True
MSK_NPJPO_2021,P-0021422-T01-IM6,P-0021422,Female,0,64.0,64.0,0,0,Ever_Unspecified,Ever,0,16.0,0,True
MSK_NPJPO_2021,P-0021438-T01-IM6,P-0021438,Male,1,83.0,83.0,0,0,Never,Never,0,0.0,0,True
MSK_NPJPO_2021,P-0021521-T01-IM6,P-0021521,Female,0,59.0,59.0,0,0,Ever_Unspecified,Ever,0,72.0,0,True
MSK_NPJPO_2021,P-0021626-T02-IM6,P-0021626,Male,1,69.0,69.0,0,0,Ever_Unspecified,Ever,0,16.0,0,True
MSK_NPJPO_2021,P-0021628-T01-IM6,P-0021628,Female,0,84.0,84.0,0,0,Ever_Unspecified,Ever,0,18.0,0,True
MSK_NPJPO_2021,P-0021778-T01-IM6,P-0021778,Female,0,75.0,75.0,0,0,Ever_Unspecified,Ever,0,48.75,0,True
MSK_NPJPO_2021,P-0022186-T01-IM6,P-0022186,Male,1,79.0,79.0,0,0,Ever_Unspecified,Ever,0,15.0,0,True
MSK_NPJPO_2021,P-0022193-T01-IM6,P-0022193,Male,1,69.0,69.0,0,0,Ever_Unspecified,Ever,0,2.0,0,True
MSK_NPJPO_2021,P-0022251-T01-IM6,P-0022251,Male,1,64.0,64.0,0,0,Ever_Unspecified,Ever,0,22.5,0,True
MSK_NPJPO_2021,P-0022453-T01-IM6,P-0022453,Male,1,52.0,52.0,0,0,Ever_Unspecified,Ever,0,21.75,0,True
MSK_NPJPO_2021,P-0022491-T01-IM6,P-0022491,Female,0,72.0,72.0,0,0,Never,Never,0,0.0,0,True
MSK_NPJPO_2021,P-0022604-T01-IM6,P-0022604,Male,1,75.0,75.0,0,0,Ever_Unspecified,Ever,0,52.0,0,True
MSK_NPJPO_2021,P-0022881-T01-IM6,P-0022881,Female,0,75.0,75.0,0,0,Ever_Unspecified,Ever,0,13.5,0,True
MSK_NPJPO_2021,P-0023153-T01-IM6,P-0023153,Male,1,76.0,76.0,0,0,Ever_Unspecified,Ever,0,20.0,0,True
MSK_NPJPO_2021,P-0023161-T01-IM6,P-0023161,Male,1,73.0,73.0,0,0,Never,Never,0,0.0,0,True
MSK_NPJPO_2021,P-0023168-T01-IM6,P-0023168,Male,1,80.0,80.0,0,0,Ever_Unspecified,Ever,0,20.0,0,True
MSK_NPJPO_2021,P-0023206-T01-IM6,P-0023206,Female,0,80.0,80.0,0,0,Never,Never,0,0.0,0,True
MSK_NPJPO_2021,P-0023219-T01-IM6,P-0023219,Female,0,79.0,79.0,0,0,Ever_Unspecified,Ever,0,60.0,0,True
MSK_NPJPO_2021,P-0023248-T01-IM6,P-0023248,Female,0,68.0,68.0,0,0,Never,Never,0,0.0,0,True
MSK_NPJPO_2021,P-0023366-T01-IM6,P-0023366,Female,0,75.0,75.0,0,0,Ever_Unspecified,Ever,0,56.0,0,True
MSK_NPJPO_2021,P-0023481-T01-IM6,P-0023481,Male,1,63.0,63.0,0,0,Ever_Unspecified,Ever,0,30.0,0,True
MSK_NPJPO_2021,P-0023574-T01-IM6,P-0023574,Male,1,59.0,59.0,0,0,Never,Never,0,0.0,0,True
MSK_NPJPO_2021,P-0023630-T01-IM6,P-0023630,Female,0,70.0,70.0,0,0,Ever_Unspecified,Ever,0,48.0,0,True
MSK_NPJPO_2021,P-0023671-T01-IM6,P-0023671,Male,1,66.0,66.0,0,0,Never,Never,0,0.0,0,True
MSK_NPJPO_2021,P-0024035-T01-IM6,P-0024035,Male,1,70.0,70.0,0,0,Ever_Unspecified,Ever,0,22.5,0,True
MSK_NPJPO_2021,P-0024178-T01-IM6,P-0024178,Male,1,65.0,65.0,0,0,Ever_Unspecified,Ever,0,5.25,0,True
MSK_NPJPO_2021,P-0024225-T01-IM6,P-0024225,Male,1,83.0,83.0,0,0,Ever_Unspecified,Ever,0,7.0,0,True
MSK_NPJPO_2021,P-0024737-T01-IM6,P-0024737,Male,1,61.0,61.0,0,0,Ever_Unspecified,Ever,0,30.0,0,True
MSK_NPJPO_2021,P-0024758-T01-IM6,P-0024758,Female,0,74.0,74.0,0,0,Ever_Unspecified,Ever,0,40.0,0,True
MSK_NPJPO_2021,P-0024949-T01-IM6,P-0024949,Male,1,74.0,74.0,0,0,Ever_Unspecified,Ever,0,25.0,0,True
MSK_NPJPO_2021,P-0025107-T01-IM6,P-0025107,Male,1,67.0,67.0,0,0,Never,Never,0,0.0,0,True
MSK_NPJPO_2021,P-0025330-T01-IM6,P-0025330,Male,1,70.0,70.0,0,0,Ever_Unspecified,Ever,0,53.0,0,True
MSK_NPJPO_2021,P-0025451-T01-IM6,P-0025451,Male,1,47.0,47.0,0,0,Ever_Unspecified,Ever,0,2.7,0,True
MSK_NPJPO_2021,P-0025546-T01-IM6,P-0025546,Male,1,62.0,62.0,0,0,Ever_Unspecified,Ever,0,35.0,0,True
MSK_NPJPO_2021,P-0025637-T01-IM6,P-0025637,Male,1,60.0,60.0,0,0,Ever_Unspecified,Ever,0,80.0,0,True
MSK_NPJPO_2021,P-0025722-T01-IM6,P-0025722,Male,1,49.0,49.0,0,0,Ever_Unspecified,Ever,0,4.8,0,True
MSK_NPJPO_2021,P-0025833-T01-IM6,P-0025833,Male,1,67.0,67.0,0,0,Never,Never,0,0.0,0,True
MSK_NPJPO_2021,P-0025872-T01-IM6,P-0025872,Female,0,67.0,67.0,0,0,Ever_Unspecified,Ever,0,100.0,0,True
MSK_NPJPO_2021,P-0025918-T01-IM6,P-0025918,Female,0,70.0,70.0,0,0,Ever_Unspecified,Ever,0,25.0,0,True
MSK_NPJPO_2021,P-0025956-T01-IM6,P-0025956,Male,1,70.0,70.0,0,0,Ever_Unspecified,Ever,0,25.0,0,True
MSK_NPJPO_2021,P-0026029-T01-IM6,P-0026029,Female,0,67.0,67.0,0,0,Ever_Unspecified,Ever,0,70.0,0,True
MSK_NPJPO_2021,P-0026045-T01-IM6,P-0026045,Male,1,71.0,71.0,0,0,Never,Never,0,0.0,0,True
MSK_NPJPO_2021,P-0026187-T01-IM6,P-0026187,Female,0,66.0,66.0,0,0,Ever_Unspecified,Ever,0,45.0,0,True
MSK_NPJPO_2021,P-0026292-T01-IM6,P-0026292,Male,1,68.0,68.0,0,0,Never,Never,0,0.0,0,True
MSK_NPJPO_2021,P-0026426-T01-IM6,P-0026426,Male,1,60.0,60.0,0,0,Ever_Unspecified,Ever,0,1.25,0,True
MSK_NPJPO_2021,P-0026624-T01-IM6,P-0026624,Female,0,63.0,63.0,0,0,Ever_Unspecified,Ever,0,40.0,0,True
MSK_NPJPO_2021,P-0026688-T01-IM6,P-0026688,Male,1,63.0,63.0,0,0,Ever_Unspecified,Ever,0,45.0,0,True
MSK_NPJPO_2021,P-0026697-T01-IM6,P-0026697,Male,1,68.0,68.0,0,0,Ever_Unspecified,Ever,0,15.0,0,True
MSK_NPJPO_2021,P-0026830-T02-IM6,P-0026830,Female,0,82.0,82.0,0,0,Ever_Unspecified,Ever,0,60.0,0,True
MSK_NPJPO_2021,P-0026968-T01-IM6,P-0026968,Male,1,71.0,71.0,0,0,Ever_Unspecified,Ever,0,56.0,0,True
MSK_NPJPO_2021,P-0027018-T01-IM6,P-0027018,Male,1,70.0,70.0,0,0,Ever_Unspecified,Ever,0,15.0,0,True
MSK_NPJPO_2021,P-0027093-T01-IM6,P-0027093,Female,0,69.0,69.0,0,0,Ever_Unspecified,Ever,0,20.0,0,True
MSK_NPJPO_2021,P-0027131-T01-IM6,P-0027131,Female,0,75.0,75.0,0,0,Never,Never,0,0.0,0,True
MSK_NPJPO_2021,P-0027187-T01-IM6,P-0027187,Female,0,55.0,55.0,0,0,Ever_Unspecified,Ever,0,12.75,0,True
MSK_NPJPO_2021,P-0027353-T01-IM6,P-0027353,Female,0,61.0,61.0,0,0,Ever_Unspecified,Ever,0,20.0,0,True
MSK_NPJPO_2021,P-0027523-T01-IM6,P-0027523,Male,1,42.0,42.0,0,0,Never,Never,0,0.0,0,True
MSK_NPJPO_2021,P-0027531-T01-IM6,P-0027531,Female,0,49.0,49.0,0,0,Never,Never,0,0.0,0,True
MSK_NPJPO_2021,P-0027540-T01-IM6,P-0027540,Male,1,64.0,64.0,0,0,Ever_Unspecified,Ever,0,46.0,0,True
MSK_NPJPO_2021,P-0027615-T02-IM6,P-0027615,Male,1,66.0,66.0,0,0,Ever_Unspecified,Ever,0,6.0,0,True
MSK_NPJPO_2021,P-0027709-T01-IM6,P-0027709,Male,1,67.0,67.0,0,0,Ever_Unspecified,Ever,0,106.0,0,True
MSK_NPJPO_2021,P-0027812-T01-IM6,P-0027812,Male,1,59.0,59.0,0,0,Ever_Unspecified,Ever,0,46.0,0,True
MSK_NPJPO_2021,P-0027817-T01-IM6,P-0027817,Female,0,74.0,74.0,0,0,Ever_Unspecified,Ever,0,45.0,0,True
MSK_NPJPO_2021,P-0027818-T01-IM6,P-0027818,Female,0,66.0,66.0,0,0,Ever_Unspecified,Ever,0,46.5,0,True
MSK_NPJPO_2021,P-0027848-T01-IM6,P-0027848,Male,1,56.0,56.0,0,0,Ever_Unspecified,Ever,0,102.0,0,True
MSK_NPJPO_2021,P-0027860-T01-IM6,P-0027860,Female,0,59.0,59.0,0,0,Ever_Unspecified,Ever,0,25.0,0,True
MSK_NPJPO_2021,P-0028096-T01-IM6,P-0028096,Male,1,71.0,71.0,0,0,Ever_Unspecified,Ever,0,45.0,0,True
MSK_NPJPO_2021,P-0028111-T01-IM6,P-0028111,Female,0,60.0,60.0,0,0,Ever_Unspecified,Ever,0,40.0,0,True
MSK_NPJPO_2021,P-0028162-T01-IM6,P-0028162,Male,1,70.0,70.0,0,0,Ever_Unspecified,Ever,0,16.0,0,True
MSK_NPJPO_2021,P-0028245-T01-IM6,P-0028245,Male,1,64.0,64.0,0,0,Ever_Unspecified,Ever,0,52.0,0,True
MSK_NPJPO_2021,P-0028377-T01-IM6,P-0028377,Female,0,71.0,71.0,0,0,Never,Never,0,0.0,0,True
MSK_NPJPO_2021,P-0028694-T01-IM6,P-0028694,Female,0,73.0,73.0,0,0,Ever_Unspecified,Ever,0,39.0,0,True
MSK_NPJPO_2021,P-0028809-T04-IM6,P-0028809,Female,0,56.0,56.0,0,0,Ever_Unspecified,Ever,0,27.0,0,True
MSK_NPJPO_2021,P-0028906-T01-IM6,P-0028906,Male,1,54.0,54.0,0,0,Ever_Unspecified,Ever,0,15.0,0,True
MSK_NPJPO_2021,P-0028936-T01-IM6,P-0028936,Female,0,71.0,71.0,0,0,Never,Never,0,0.0,0,True
MSK_NPJPO_2021,P-0028938-T01-IM6,P-0028938,Female,0,72.0,72.0,0,0,Never,Never,0,0.0,0,True
MSK_NPJPO_2021,P-0028947-T01-IM6,P-0028947,Female,0,77.0,77.0,0,0,Never,Never,0,0.0,0,True
MSK_NPJPO_2021,P-0028996-T01-IM6,P-0028996,Male,1,79.0,79.0,0,0,Ever_Unspecified,Ever,0,39.0,0,True
MSK_NPJPO_2021,P-0029180-T01-IM6,P-0029180,Female,0,68.0,68.0,0,0,Ever_Unspecified,Ever,0,24.0,0,True
MSK_NPJPO_2021,P-0029294-T01-IM6,P-0029294,Male,1,63.0,63.0,0,0,Ever_Unspecified,Ever,0,153.0,0,True
MSK_NPJPO_2021,P-0029324-T01-IM6,P-0029324,Female,0,43.0,43.0,0,0,Ever_Unspecified,Ever,0,0.3,0,True
MSK_NPJPO_2021,P-0029357-T02-IM6,P-0029357,Male,1,76.0,76.0,0,0,Ever_Unspecified,Ever,0,2.5,0,True
MSK_NPJPO_2021,P-0029396-T01-IM6,P-0029396,Male,1,64.0,64.0,0,0,Ever_Unspecified,Ever,0,35.0,0,True
MSK_NPJPO_2021,P-0029402-T01-IM6,P-0029402,Female,0,62.0,62.0,0,0,Never,Never,0,0.0,0,True
MSK_NPJPO_2021,P-0029451-T01-IM6,P-0029451,Female,0,63.0,63.0,0,0,Ever_Unspecified,Ever,0,9.0,0,True
MSK_NPJPO_2021,P-0029545-T01-IM6,P-0029545,Male,1,79.0,79.0,0,0,Ever_Unspecified,Ever,0,59.0,0,True
MSK_NPJPO_2021,P-0029583-T01-IM6,P-0029583,Male,1,61.0,61.0,0,0,Ever_Unspecified,Ever,0,3.75,0,True
MSK_NPJPO_2021,P-0029585-T01-IM6,P-0029585,Male,1,71.0,71.0,0,0,Ever_Unspecified,Ever,0,52.0,0,True
MSK_NPJPO_2021,P-0029624-T01-IM6,P-0029624,Female,0,75.0,75.0,0,0,Ever_Unspecified,Ever,0,62.0,0,True
MSK_NPJPO_2021,P-0029663-T01-IM6,P-0029663,Female,0,65.0,65.0,0,0,Ever_Unspecified,Ever,0,37.6,0,True
MSK_NPJPO_2021,P-0029846-T01-IM6,P-0029846,Male,1,80.0,80.0,0,0,Never,Never,0,0.0,0,True
MSK_NPJPO_2021,P-0029874-T01-IM6,P-0029874,Female,0,68.0,68.0,0,0,Ever_Unspecified,Ever,0,20.0,0,True
MSK_NPJPO_2021,P-0029977-T01-IM6,P-0029977,Male,1,61.0,61.0,0,0,Ever_Unspecified,Ever,0,40.0,0,True
MSK_NPJPO_2021,P-0030104-T01-IM6,P-0030104,Female,0,50.0,50.0,0,0,Ever_Unspecified,Ever,0,1.75,0,True
MSK_NPJPO_2021,P-0030626-T01-IM6,P-0030626,Female,0,61.0,61.0,0,0,Ever_Unspecified,Ever,0,30.0,0,True
MSK_NPJPO_2021,P-0030694-T01-IM6,P-0030694,Female,0,81.0,81.0,0,0,Ever_Unspecified,Ever,0,45.0,0,True
MSK_NPJPO_2021,P-0030710-T01-IM6,P-0030710,Female,0,84.0,84.0,0,0,Ever_Unspecified,Ever,0,19.0,0,True
MSK_NPJPO_2021,P-0030893-T01-IM6,P-0030893,Female,0,64.0,64.0,0,0,Ever_Unspecified,Ever,0,44.0,0,True
MSK_NPJPO_2021,P-0031010-T01-IM6,P-0031010,Male,1,63.0,63.0,0,0,Never,Never,0,0.0,0,True
MSK_NPJPO_2021,P-0031031-T01-IM6,P-0031031,Female,0,76.0,76.0,0,0,Ever_Unspecified,Ever,0,16.0,0,True
MSK_NPJPO_2021,P-0031046-T01-IM6,P-0031046,Female,0,65.0,65.0,0,0,Never,Never,0,0.0,0,True
MSK_NPJPO_2021,P-0031081-T01-IM6,P-0031081,Male,1,73.0,73.0,0,0,Ever_Unspecified,Ever,0,20.0,0,True
MSK_NPJPO_2021,P-0031090-T01-IM6,P-0031090,Female,0,57.0,57.0,0,0,Ever_Unspecified,Ever,0,6.0,0,True
MSK_NPJPO_2021,P-0031096-T01-IM6,P-0031096,Female,0,69.0,69.0,0,0,Ever_Unspecified,Ever,0,13.5,0,True
MSK_NPJPO_2021,P-0031139-T01-IM6,P-0031139,Female,0,59.0,59.0,0,0,Ever_Unspecified,Ever,0,9.0,0,True
MSK_NPJPO_2021,P-0031141-T01-IM6,P-0031141,Female,0,68.0,68.0,0,0,Never,Never,0,0.0,0,True
MSK_NPJPO_2021,P-0031283-T01-IM6,P-0031283,Female,0,69.0,69.0,0,0,Ever_Unspecified,Ever,0,19.5,0,True
MSK_NPJPO_2021,P-0031442-T01-IM6,P-0031442,Male,1,69.0,69.0,0,0,Ever_Unspecified,Ever,0,20.0,0,True
MSK_NPJPO_2021,P-0031526-T01-IM6,P-0031526,Male,1,69.0,69.0,0,0,Never,Never,0,0.0,0,True
MSK_NPJPO_2021,P-0031694-T01-IM6,P-0031694,Female,0,74.0,74.0,0,0,Never,Never,0,0.0,0,True
MSK_NPJPO_2021,P-0032008-T01-IM6,P-0032008,Female,0,67.0,67.0,0,0,Ever_Unspecified,Ever,0,102.0,0,True
MSK_NPJPO_2021,P-0032076-T01-IM6,P-0032076,Male,1,76.0,76.0,0,0,Ever_Unspecified,Ever,0,44.0,0,True
MSK_NPJPO_2021,P-0032112-T01-IM6,P-0032112,Male,1,68.0,68.0,0,0,Ever_Unspecified,Ever,0,25.0,0,True
MSK_NPJPO_2021,P-0032170-T01-IM6,P-0032170,Male,1,72.0,72.0,0,0,Never,Never,0,0.0,0,True
MSK_NPJPO_2021,P-0032177-T01-IM6,P-0032177,Male,1,83.0,83.0,0,0,Never,Never,0,0.0,0,True
MSK_NPJPO_2021,P-0032183-T01-IM6,P-0032183,Male,1,68.0,68.0,0,0,Ever_Unspecified,Ever,0,44.0,0,True
MSK_NPJPO_2021,P-0032231-T01-IM6,P-0032231,Male,1,67.0,67.0,0,0,Ever_Unspecified,Ever,0,84.0,0,True
MSK_NPJPO_2021,P-0032534-T01-IM6,P-0032534,Female,0,60.0,60.0,0,0,Ever_Unspecified,Ever,0,45.0,0,True
MSK_NPJPO_2021,P-0032635-T01-IM6,P-0032635,Male,1,73.0,73.0,0,0,Never,Never,0,0.0,0,True
MSK_NPJPO_2021,P-0032644-T01-IM6,P-0032644,Female,0,63.0,63.0,0,0,Never,Never,0,0.0,0,True
MSK_NPJPO_2021,P-0032682-T01-IM6,P-0032682,Female,0,75.0,75.0,0,0,Never,Never,0,0.0,0,True
MSK_NPJPO_2021,P-0032689-T01-IM6,P-0032689,Female,0,64.0,64.0,0,0,Ever_Unspecified,Ever,0,22.0,0,True
MSK_NPJPO_2021,P-0033072-T01-IM6,P-0033072,Female,0,83.0,83.0,0,0,Ever_Unspecified,Ever,0,50.0,0,True
MSK_NPJPO_2021,P-0033178-T01-IM6,P-0033178,Male,1,82.0,82.0,0,0,Ever_Unspecified,Ever,0,30.0,0,True
MSK_NPJPO_2021,P-0033406-T01-IM6,P-0033406,Female,0,73.0,73.0,0,0,Ever_Unspecified,Ever,0,15.0,0,True
MSK_NPJPO_2021,P-0033485-T01-IM6,P-0033485,Male,1,64.0,64.0,0,0,Ever_Unspecified,Ever,0,30.0,0,True
MSK_NPJPO_2021,P-0033508-T01-IM6,P-0033508,Female,0,69.0,69.0,0,0,Never,Never,0,0.0,0,True
MSK_NPJPO_2021,P-0033579-T01-IM6,P-0033579,Female,0,63.0,63.0,0,0,Never,Never,0,0.0,0,True
MSK_NPJPO_2021,P-0033584-T01-IM6,P-0033584,Female,0,62.0,62.0,0,0,Never,Never,0,0.0,0,True
MSK_NPJPO_2021,P-0033615-T01-IM6,P-0033615,Male,1,78.0,78.0,0,0,Ever_Unspecified,Ever,0,59.0,0,True
MSK_NPJPO_2021,P-0033749-T01-IM6,P-0033749,Male,1,49.0,49.0,0,0,Never,Never,0,0.0,0,True
MSK_NPJPO_2021,P-0033766-T01-IM6,P-0033766,Female,0,59.0,59.0,0,0,Ever_Unspecified,Ever,0,40.0,0,True
MSK_NPJPO_2021,P-0033841-T01-IM6,P-0033841,Female,0,75.0,75.0,0,0,Ever_Unspecified,Ever,0,40.0,0,True
MSK_NPJPO_2021,P-0034215-T01-IM6,P-0034215,Male,1,73.0,73.0,0,0,Ever_Unspecified,Ever,0,25.0,0,True
MSK_NPJPO_2021,P-0034559-T01-IM6,P-0034559,Female,0,66.0,66.0,0,0,Ever_Unspecified,Ever,0,76.5,0,True
MSK_NPJPO_2021,P-0034604-T01-IM6,P-0034604,Female,0,73.0,73.0,0,0,Never,Never,0,0.0,0,True
MSK_NPJPO_2021,P-0034706-T01-IM6,P-0034706,Male,1,56.0,56.0,0,0,Ever_Unspecified,Ever,0,5.0,0,True
MSK_NPJPO_2021,P-0034750-T01-IM6,P-0034750,Female,0,59.0,59.0,0,0,Ever_Unspecified,Ever,0,2.5,0,True
MSK_NPJPO_2021,P-0034948-T01-IM6,P-0034948,Female,0,74.0,74.0,0,0,Ever_Unspecified,Ever,0,50.0,0,True
MSK_NPJPO_2021,P-0035026-T01-IM6,P-0035026,Female,0,65.0,65.0,0,0,Ever_Unspecified,Ever,0,2.5,0,True
MSK_NPJPO_2021,P-0035135-T01-IM6,P-0035135,Female,0,56.0,56.0,0,0,Never,Never,0,0.0,0,True
MSK_NPJPO_2021,P-0035140-T01-IM6,P-0035140,Male,1,66.0,66.0,0,0,Ever_Unspecified,Ever,0,50.0,0,True
MSK_NPJPO_2021,P-0035244-T01-IM6,P-0035244,Female,0,77.0,77.0,0,0,Ever_Unspecified,Ever,0,40.0,0,True
MSK_NPJPO_2021,P-0035278-T01-IM6,P-0035278,Female,0,73.0,73.0,0,0,Ever_Unspecified,Ever,0,4.0,0,True
MSK_NPJPO_2021,P-0035280-T01-IM6,P-0035280,Male,1,69.0,69.0,0,0,Never,Never,0,0.0,0,True
MSK_NPJPO_2021,P-0035469-T01-IM6,P-0035469,Male,1,65.0,65.0,0,0,Ever_Unspecified,Ever,0,48.0,0,True
MSK_NPJPO_2021,P-0035494-T01-IM6,P-0035494,Female,0,65.0,65.0,0,0,Ever_Unspecified,Ever,0,45.0,0,True
MSK_NPJPO_2021,P-0035731-T01-IM6,P-0035731,Female,0,60.0,60.0,0,0,Ever_Unspecified,Ever,0,3.5,0,True
MSK_NPJPO_2021,P-0036032-T01-IM6,P-0036032,Female,0,80.0,80.0,0,0,Never,Never,0,0.0,0,True
MSK_NPJPO_2021,P-0036225-T01-IM6,P-0036225,Female,0,64.0,64.0,0,0,Ever_Unspecified,Ever,0,30.0,0,True
MSK_NPJPO_2021,P-0036267-T01-IM6,P-0036267,Male,1,71.0,71.0,0,0,Never,Never,0,0.0,0,True
MSK_NPJPO_2021,P-0036637-T01-IM6,P-0036637,Female,0,64.0,64.0,0,0,Never,Never,0,0.0,0,True
MSK_NPJPO_2021,P-0036744-T01-IM6,P-0036744,Male,1,69.0,69.0,0,0,Ever_Unspecified,Ever,0,40.0,0,True
MSK_NPJPO_2021,P-0036810-T01-IM6,P-0036810,Male,1,73.0,73.0,0,0,Ever_Unspecified,Ever,0,46.0,0,True
NCI_2022,NSLC-0001-T01,NSLC-0001,Female,0,69.0,69.0,0,0,Unknown,Unknown,1,,1,True
NCI_2022,NSLC-0002-T01,NSLC-0002,Female,0,70.0,70.0,0,0,Unknown,Unknown,1,,1,True
NCI_2022,NSLC-0004-T01,NSLC-0004,Female,0,69.0,69.0,0,0,Unknown,Unknown,1,,1,True
NCI_2022,NSLC-0005-T01,NSLC-0005,Female,0,66.0,66.0,0,0,Unknown,Unknown,1,,1,True
NCI_2022,NSLC-0008-T01,NSLC-0008,Female,0,77.0,77.0,0,0,Unknown,Unknown,1,,1,True
NCI_2022,NSLC-0009-T01,NSLC-0009,Female,0,58.0,58.0,0,0,Unknown,Unknown,1,,1,True
NCI_2022,NSLC-0011-T01,NSLC-0011,Female,0,73.0,73.0,0,0,Unknown,Unknown,1,,1,True
NCI_2022,NSLC-0012-T01,NSLC-0012,Female,0,63.0,63.0,0,0,Unknown,Unknown,1,,1,True
NCI_2022,NSLC-0015-T01,NSLC-0015,Female,0,62.0,62.0,0,0,Unknown,Unknown,1,,1,True
NCI_2022,NSLC-0017-T01,NSLC-0017,Male,1,71.0,71.0,0,0,Unknown,Unknown,1,,1,True
NCI_2022,NSLC-0018-T01,NSLC-0018,Female,0,55.0,55.0,0,0,Unknown,Unknown,1,,1,True
NCI_2022,NSLC-0019-T01,NSLC-0019,Female,0,51.0,51.0,0,0,Unknown,Unknown,1,,1,True
NCI_2022,NSLC-0020-T01,NSLC-0020,Male,1,,,1,0,Unknown,Unknown,1,,1,True
NCI_2022,NSLC-0024-T01,NSLC-0024,Female,0,57.0,57.0,0,0,Unknown,Unknown,1,,1,True
NCI_2022,NSLC-0025-T01,NSLC-0025,Female,0,71.0,71.0,0,0,Unknown,Unknown,1,,1,True
NCI_2022,NSLC-0026-T01,NSLC-0026,Female,0,60.0,60.0,0,0,Unknown,Unknown,1,,1,True
NCI_2022,NSLC-0027-T01,NSLC-0027,Female,0,49.0,49.0,0,0,Unknown,Unknown,1,,1,True
NCI_2022,NSLC-0028-T01,NSLC-0028,Female,0,72.0,72.0,0,0,Unknown,Unknown,1,,1,True
NCI_2022,NSLC-0029-T01,NSLC-0029,Male,1,74.0,74.0,0,0,Unknown,Unknown,1,,1,True
NCI_2022,NSLC-0031-T01,NSLC-0031,Male,1,61.0,61.0,0,0,Unknown,Unknown,1,,1,True
NCI_2022,NSLC-0032-T01,NSLC-0032,Male,1,26.0,26.0,0,0,Unknown,Unknown,1,,1,True
NCI_2022,NSLC-0033-T01,NSLC-0033,Female,0,64.0,64.0,0,0,Unknown,Unknown,1,,1,True
NCI_2022,NSLC-0035-T01,NSLC-0035,Female,0,72.0,72.0,0,0,Unknown,Unknown,1,,1,True
NCI_2022,NSLC-0036-T01,NSLC-0036,Female,0,58.0,58.0,0,0,Unknown,Unknown,1,,1,True
NCI_2022,NSLC-0037-T01,NSLC-0037,Female,0,62.0,62.0,0,0,Unknown,Unknown,1,,1,True
NCI_2022,NSLC-0041-T01,NSLC-0041,Female,0,68.0,68.0,0,0,Unknown,Unknown,1,,1,True
NCI_2022,NSLC-0043-T01,NSLC-0043,Female,0,76.0,76.0,0,0,Unknown,Unknown,1,,1,True
NCI_2022,NSLC-0044-T01,NSLC-0044,Female,0,49.0,49.0,0,0,Unknown,Unknown,1,,1,True
NCI_2022,NSLC-0045-T01,NSLC-0045,Female,0,63.0,63.0,0,0,Unknown,Unknown,1,,1,True
NCI_2022,NSLC-0046-T01,NSLC-0046,Female,0,67.0,67.0,0,0,Unknown,Unknown,1,,1,True
NCI_2022,NSLC-0048-T01,NSLC-0048,Female,0,79.0,79.0,0,0,Unknown,Unknown,1,,1,True
NCI_2022,NSLC-0049-T01,NSLC-0049,Female,0,67.0,67.0,0,0,Unknown,Unknown,1,,1,True
NCI_2022,NSLC-0053-T01,NSLC-0053,Female,0,60.0,60.0,0,0,Unknown,Unknown,1,,1,True
NCI_2022,NSLC-0054-T01,NSLC-0054,Male,1,68.0,68.0,0,0,Unknown,Unknown,1,,1,True
NCI_2022,NSLC-0055-T01,NSLC-0055,Female,0,53.0,53.0,0,0,Unknown,Unknown,1,,1,True
NCI_2022,NSLC-0057-T01,NSLC-0057,Female,0,65.0,65.0,0,0,Unknown,Unknown,1,,1,True
NCI_2022,NSLC-0061-T01,NSLC-0061,Female,0,72.0,72.0,0,0,Unknown,Unknown,1,,1,True
NCI_2022,NSLC-0062-T01,NSLC-0062,Female,0,63.0,63.0,0,0,Unknown,Unknown,1,,1,True
NCI_2022,NSLC-0063-T01,NSLC-0063,Female,0,63.0,63.0,0,0,Unknown,Unknown,1,,1,True
NCI_2022,NSLC-0065-T01,NSLC-0065,Female,0,69.0,69.0,0,0,Unknown,Unknown,1,,1,True
NCI_2022,NSLC-0067-T01,NSLC-0067,Female,0,70.0,70.0,0,0,Unknown,Unknown,1,,1,True
NCI_2022,NSLC-0069-T01,NSLC-0069,Female,0,65.0,65.0,0,0,Unknown,Unknown,1,,1,True
NCI_2022,NSLC-0071-T01,NSLC-0071,Female,0,49.0,49.0,0,0,Unknown,Unknown,1,,1,True
NCI_2022,NSLC-0076-T01,NSLC-0076,Female,0,68.0,68.0,0,0,Unknown,Unknown,1,,1,True
NCI_2022,NSLC-0078-T01,NSLC-0078,Female,0,65.0,65.0,0,0,Unknown,Unknown,1,,1,True
NCI_2022,NSLC-0079-T01,NSLC-0079,Female,0,66.0,66.0,0,0,Unknown,Unknown,1,,1,True
NCI_2022,NSLC-0080-T01,NSLC-0080,Female,0,55.0,55.0,0,0,Unknown,Unknown,1,,1,True
NCI_2022,NSLC-0081-T01,NSLC-0081,Female,0,67.0,67.0,0,0,Unknown,Unknown,1,,1,True
NCI_2022,NSLC-0085-T01,NSLC-0085,Female,0,69.0,69.0,0,0,Unknown,Unknown,1,,1,True
NCI_2022,NSLC-0086-T01,NSLC-0086,Female,0,57.0,57.0,0,0,Unknown,Unknown,1,,1,True
NCI_2022,NSLC-0087-T01,NSLC-0087,Male,1,72.0,72.0,0,0,Unknown,Unknown,1,,1,True
NCI_2022,NSLC-0088-T01,NSLC-0088,Male,1,59.0,59.0,0,0,Unknown,Unknown,1,,1,True
NCI_2022,NSLC-0090-T01,NSLC-0090,Female,0,79.31006,79.31006,0,0,Unknown,Unknown,1,,1,True
NCI_2022,NSLC-0092-T08,NSLC-0092,Female,0,77.80698,77.80698,0,0,Unknown,Unknown,1,,1,True
NCI_2022,NSLC-0093-T01,NSLC-0093,Female,0,73.74949,73.74949,0,0,Unknown,Unknown,1,,1,True
NCI_2022,NSLC-0095-T01,NSLC-0095,Female,0,71.23888,71.23888,0,0,Unknown,Unknown,1,,1,True
NCI_2022,NSLC-0097-T01,NSLC-0097,Female,0,70.81999,70.81999,0,0,Unknown,Unknown,1,,1,True
NCI_2022,NSLC-0100-T02,NSLC-0100,Female,0,44.06571,44.06571,0,0,Unknown,Unknown,1,,1,True
NCI_2022,NSLC-0101-T01,NSLC-0101,Female,0,65.09514,65.09514,0,0,Unknown,Unknown,1,,1,True
NCI_2022,NSLC-0103-T01,NSLC-0103,Female,0,71.56468,71.56468,0,0,Unknown,Unknown,1,,1,True
NCI_2022,NSLC-0104-T01,NSLC-0104,Female,0,69.72211,69.72211,0,0,Unknown,Unknown,1,,1,True
NCI_2022,NSLC-0105-T01,NSLC-0105,Female,0,66.04517,66.04517,0,0,Unknown,Unknown,1,,1,True
NCI_2022,NSLC-0108-T01,NSLC-0108,Female,0,74.25873,74.25873,0,0,Unknown,Unknown,1,,1,True
NCI_2022,NSLC-0109-T01,NSLC-0109,Female,0,69.99042,69.99042,0,0,Unknown,Unknown,1,,1,True
NCI_2022,NSLC-0111-T01,NSLC-0111,Female,0,68.14784,68.14784,0,0,Unknown,Unknown,1,,1,True
NCI_2022,NSLC-0114-T01,NSLC-0114,Female,0,59.0,59.0,0,0,Unknown,Unknown,1,,1,True
NCI_2022,NSLC-0116-T01,NSLC-0116,Female,0,69.0,69.0,0,0,Unknown,Unknown,1,,1,True
NCI_2022,NSLC-0117-T01,NSLC-0117,Male,1,65.0,65.0,0,0,Unknown,Unknown,1,,1,True
NCI_2022,NSLC-0118-T01,NSLC-0118,Female,0,83.0,83.0,0,0,Unknown,Unknown,1,,1,True
NCI_2022,NSLC-0120-T01,NSLC-0120,Female,0,78.0,78.0,0,0,Unknown,Unknown,1,,1,True
NCI_2022,NSLC-0122-T01,NSLC-0122,Male,1,61.0,61.0,0,0,Unknown,Unknown,1,,1,True
NCI_2022,NSLC-0123-T01,NSLC-0123,Female,0,55.0,55.0,0,0,Unknown,Unknown,1,,1,True
NCI_2022,NSLC-0124-T01,NSLC-0124,Female,0,68.0,68.0,0,0,Unknown,Unknown,1,,1,True
NCI_2022,NSLC-0125-T01,NSLC-0125,Female,0,29.0,29.0,0,0,Unknown,Unknown,1,,1,True
NCI_2022,NSLC-0130-T01,NSLC-0130,Female,0,70.0,70.0,0,0,Unknown,Unknown,1,,1,True
NCI_2022,NSLC-0131-T01,NSLC-0131,Male,1,55.0,55.0,0,0,Unknown,Unknown,1,,1,True
NCI_2022,NSLC-0133-T01,NSLC-0133,Female,0,75.0,75.0,0,0,Unknown,Unknown,1,,1,True
NCI_2022,NSLC-0136-T01,NSLC-0136,Female,0,74.0,74.0,0,0,Unknown,Unknown,1,,1,True
NCI_2022,NSLC-0138-T01,NSLC-0138,Female,0,72.0,72.0,0,0,Unknown,Unknown,1,,1,True
NCI_2022,NSLC-0139-T01,NSLC-0139,Male,1,71.0,71.0,0,0,Unknown,Unknown,1,,1,True
NCI_2022,NSLC-0140-T01,NSLC-0140,Female,0,79.0,79.0,0,0,Unknown,Unknown,1,,1,True
NCI_2022,NSLC-0142-T01,NSLC-0142,Male,1,47.0,47.0,0,0,Unknown,Unknown,1,,1,True
NCI_2022,NSLC-0144-T01,NSLC-0144,Female,0,75.0,75.0,0,0,Unknown,Unknown,1,,1,True
NCI_2022,NSLC-0145-T01,NSLC-0145,Male,1,65.0,65.0,0,0,Unknown,Unknown,1,,1,True
NCI_2022,NSLC-0146-T01,NSLC-0146,Female,0,82.0,82.0,0,0,Unknown,Unknown,1,,1,True
NCI_2022,NSLC-0147-T01,NSLC-0147,Female,0,69.0,69.0,0,0,Unknown,Unknown,1,,1,True
NCI_2022,NSLC-0148-T01,NSLC-0148,Female,0,73.0,73.0,0,0,Unknown,Unknown,1,,1,True
NCI_2022,NSLC-0151-T01,NSLC-0151,Male,1,57.0,57.0,0,0,Unknown,Unknown,1,,1,True
NCI_2022,NSLC-0152-T01,NSLC-0152,Female,0,64.0,64.0,0,0,Unknown,Unknown,1,,1,True
NCI_2022,NSLC-0153-T01,NSLC-0153,Female,0,59.0,59.0,0,0,Unknown,Unknown,1,,1,True
NCI_2022,NSLC-0154-T01,NSLC-0154,Female,0,74.0,74.0,0,0,Unknown,Unknown,1,,1,True
NCI_2022,NSLC-0155-T01,NSLC-0155,Female,0,77.0,77.0,0,0,Unknown,Unknown,1,,1,True
NCI_2022,NSLC-0156-T01,NSLC-0156,Female,0,77.0,77.0,0,0,Unknown,Unknown,1,,1,True
NCI_2022,NSLC-0157-T01,NSLC-0157,Male,1,47.0,47.0,0,0,Unknown,Unknown,1,,1,True
NCI_2022,NSLC-0158-T01,NSLC-0158,Female,0,70.0,70.0,0,0,Unknown,Unknown,1,,1,True
NCI_2022,NSLC-0160-T01,NSLC-0160,Female,0,72.0,72.0,0,0,Unknown,Unknown,1,,1,True
NCI_2022,NSLC-0161-T01,NSLC-0161,Male,1,77.0,77.0,0,0,Unknown,Unknown,1,,1,True
NCI_2022,NSLC-0163-T01,NSLC-0163,Female,0,68.0,68.0,0,0,Unknown,Unknown,1,,1,True
NCI_2022,NSLC-0166-T01,NSLC-0166,Female,0,57.0,57.0,0,0,Unknown,Unknown,1,,1,True
NCI_2022,NSLC-0167-T03,NSLC-0167,Female,0,74.22861,74.22861,0,0,Unknown,Unknown,1,,1,True
NCI_2022,NSLC-0168-T01,NSLC-0168,Female,0,58.2423,58.2423,0,0,Unknown,Unknown,1,,1,True
NCI_2022,NSLC-0170-T01,NSLC-0170,Female,0,62.19028,62.19028,0,0,Unknown,Unknown,1,,1,True
NCI_2022,NSLC-0171-T01,NSLC-0171,Female,0,74.0616,74.0616,0,0,Unknown,Unknown,1,,1,True
NCI_2022,NSLC-0173-T01,NSLC-0173,Female,0,57.0,57.0,0,0,Unknown,Unknown,1,,1,True
NCI_2022,NSLC-0175-T01,NSLC-0175,Male,1,65.0,65.0,0,0,Unknown,Unknown,1,,1,True
NCI_2022,NSLC-0176-T01,NSLC-0176,Female,0,76.0,76.0,0,0,Unknown,Unknown,1,,1,True
NCI_2022,NSLC-0177-T01,NSLC-0177,Male,1,78.0,78.0,0,0,Unknown,Unknown,1,,1,True
NCI_2022,NSLC-0178-T01,NSLC-0178,Male,1,61.0,61.0,0,0,Unknown,Unknown,1,,1,True
NCI_2022,NSLC-0180-T01,NSLC-0180,Female,0,73.0,73.0,0,0,Unknown,Unknown,1,,1,True
NCI_2022,NSLC-0183-T01,NSLC-0183,Female,0,62.0,62.0,0,0,Unknown,Unknown,1,,1,True
NCI_2022,NSLC-0184-T01,NSLC-0184,Female,0,62.0,62.0,0,0,Unknown,Unknown,1,,1,True
NCI_2022,NSLC-0185-T01,NSLC-0185,Male,1,72.0,72.0,0,0,Unknown,Unknown,1,,1,True
NCI_2022,NSLC-0186-T01,NSLC-0186,Female,0,73.0,73.0,0,0,Unknown,Unknown,1,,1,True
NCI_2022,NSLC-0187-T01,NSLC-0187,Female,0,77.0,77.0,0,0,Unknown,Unknown,1,,1,True
NCI_2022,NSLC-0188-T01,NSLC-0188,Male,1,66.0,66.0,0,0,Unknown,Unknown,1,,1,True
NCI_2022,NSLC-0191-T01,NSLC-0191,Female,0,67.0,67.0,0,0,Unknown,Unknown,1,,1,True
NCI_2022,NSLC-0192-T01,NSLC-0192,Male,1,82.0,82.0,0,0,Unknown,Unknown,1,,1,True
NCI_2022,NSLC-0194-T01,NSLC-0194,Female,0,50.0,50.0,0,0,Unknown,Unknown,1,,1,True
NCI_2022,NSLC-0196-T01,NSLC-0196,Female,0,77.0,77.0,0,0,Unknown,Unknown,1,,1,True
NCI_2022,NSLC-0198-T01,NSLC-0198,Female,0,69.0,69.0,0,0,Unknown,Unknown,1,,1,True
NCI_2022,NSLC-0199-T01,NSLC-0199,Female,0,74.0,74.0,0,0,Unknown,Unknown,1,,1,True
NCI_2022,NSLC-0200-T01,NSLC-0200,Female,0,79.0,79.0,0,0,Unknown,Unknown,1,,1,True
NCI_2022,NSLC-0201-T01,NSLC-0201,Female,0,56.0,56.0,0,0,Unknown,Unknown,1,,1,True
NCI_2022,NSLC-0207-T01,NSLC-0207,Male,1,68.0,68.0,0,0,Unknown,Unknown,1,,1,True
NCI_2022,NSLC-0209-T01,NSLC-0209,Female,0,52.0,52.0,0,0,Unknown,Unknown,1,,1,True
NCI_2022,NSLC-0210-T01,NSLC-0210,Female,0,69.0,69.0,0,0,Unknown,Unknown,1,,1,True
NCI_2022,NSLC-0212-T01,NSLC-0212,Female,0,65.0,65.0,0,0,Unknown,Unknown,1,,1,True
NCI_2022,NSLC-0213-T01,NSLC-0213,Male,1,71.0,71.0,0,0,Unknown,Unknown,1,,1,True
NCI_2022,NSLC-0214-T01,NSLC-0214,Female,0,78.0,78.0,0,0,Unknown,Unknown,1,,1,True
NCI_2022,NSLC-0215-T01,NSLC-0215,Female,0,67.0,67.0,0,0,Unknown,Unknown,1,,1,True
NCI_2022,NSLC-0216-T01,NSLC-0216,Male,1,68.0,68.0,0,0,Unknown,Unknown,1,,1,True
NCI_2022,NSLC-0221-T01,NSLC-0221,Female,0,75.0,75.0,0,0,Unknown,Unknown,1,,1,True
NCI_2022,NSLC-0225-T01,NSLC-0225,Female,0,63.0,63.0,0,0,Unknown,Unknown,1,,1,True
NCI_2022,NSLC-0226-T01,NSLC-0226,Female,0,86.0,86.0,0,0,Unknown,Unknown,1,,1,True
NCI_2022,NSLC-0227-T01,NSLC-0227,Female,0,70.0,70.0,0,0,Unknown,Unknown,1,,1,True
NCI_2022,NSLC-0228-T01,NSLC-0228,Female,0,82.0,82.0,0,0,Unknown,Unknown,1,,1,True
NCI_2022,NSLC-0229-T01,NSLC-0229,Female,0,,,1,0,Unknown,Unknown,1,,1,True
NCI_2022,NSLC-0230-T01,NSLC-0230,Female,0,,,1,0,Unknown,Unknown,1,,1,True
NCI_2022,NSLC-0233-T01,NSLC-0233,Female,0,,,1,0,Unknown,Unknown,1,,1,True
NCI_2022,NSLC-0236-T01,NSLC-0236,Female,0,,,1,0,Unknown,Unknown,1,,1,True
NCI_2022,NSLC-0237-T01,NSLC-0237,Female,0,,,1,0,Unknown,Unknown,1,,1,True
NCI_2022,NSLC-0240-T01,NSLC-0240,Male,1,28.0,28.0,0,0,Unknown,Unknown,1,,1,True
NCI_2022,NSLC-0242-T01,NSLC-0242,Female,0,,,1,0,Unknown,Unknown,1,,1,True
NCI_2022,NSLC-0243-T01,NSLC-0243,Female,0,39.0,39.0,0,0,Unknown,Unknown,1,,1,True
NCI_2022,NSLC-0244-T01,NSLC-0244,Male,1,,,1,0,Unknown,Unknown,1,,1,True
NCI_2022,NSLC-0245-T01,NSLC-0245,Male,1,,,1,0,Unknown,Unknown,1,,1,True
NCI_2022,NSLC-0246-T01,NSLC-0246,Male,1,,,1,0,Unknown,Unknown,1,,1,True
NCI_2022,NSLC-0247-T01,NSLC-0247,Female,0,25.0,25.0,0,0,Unknown,Unknown,1,,1,True
NCI_2022,NSLC-0249-T01,NSLC-0249,Male,1,,,1,0,Unknown,Unknown,1,,1,True
NCI_2022,NSLC-0251-T01,NSLC-0251,Male,1,59.0,59.0,0,0,Unknown,Unknown,1,,1,True
NCI_2022,NSLC-0253-T01,NSLC-0253,Female,0,,,1,0,Unknown,Unknown,1,,1,True
ONCOSG_2020,A012,A012,Male,1,69.0,69.0,0,0,Ever_Unspecified,Ever,0,32.0,0,True
ONCOSG_2020,A015,A015,Female,0,69.0,69.0,0,0,Never,Never,0,,1,True
ONCOSG_2020,A016,A016,Male,1,78.0,78.0,0,0,Ever_Unspecified,Ever,0,,1,True
ONCOSG_2020,A017,A017,Female,0,52.0,52.0,0,0,Never,Never,0,,1,True
ONCOSG_2020,A021,A021,Female,0,57.0,57.0,0,0,Never,Never,0,,1,True
ONCOSG_2020,A025,A025,Male,1,76.0,76.0,0,0,Ever_Unspecified,Ever,0,5.0,0,True
ONCOSG_2020,A027,A027,Female,0,58.0,58.0,0,0,Never,Never,0,,1,True
ONCOSG_2020,A028,A028,Male,1,75.0,75.0,0,0,Never,Never,0,,1,True
ONCOSG_2020,A033,A033,Female,0,44.0,44.0,0,0,Never,Never,0,,1,True
ONCOSG_2020,A037,A037,Female,0,66.0,66.0,0,0,Never,Never,0,,1,True
ONCOSG_2020,A062,A062,Male,1,74.0,74.0,0,0,Never,Never,0,,1,True
ONCOSG_2020,A063,A063,Female,0,70.0,70.0,0,0,Never,Never,0,,1,True
ONCOSG_2020,A066,A066,Female,0,72.0,72.0,0,0,Never,Never,0,,1,True
ONCOSG_2020,A068,A068,Female,0,79.0,79.0,0,0,Never,Never,0,,1,True
ONCOSG_2020,A071,A071,Female,0,76.0,76.0,0,0,Never,Never,0,,1,True
ONCOSG_2020,A072,A072,Female,0,60.0,60.0,0,0,Never,Never,0,,1,True
ONCOSG_2020,A073,A073,Male,1,51.0,51.0,0,0,Never,Never,0,,1,True
ONCOSG_2020,A074,A074,Female,0,78.0,78.0,0,0,Never,Never,0,,1,True
ONCOSG_2020,A100,A100,Female,0,73.0,73.0,0,0,Never,Never,0,,1,True
ONCOSG_2020,A101,A101,Female,0,58.0,58.0,0,0,Never,Never,0,,1,True
ONCOSG_2020,A102,A102,Male,1,73.0,73.0,0,0,Never,Never,0,,1,True
ONCOSG_2020,A103,A103,Female,0,63.0,63.0,0,0,Ever_Unspecified,Ever,0,1.0,0,True
ONCOSG_2020,A104,A104,Male,1,70.0,70.0,0,0,Never,Never,0,,1,True
ONCOSG_2020,A109,A109,Male,1,79.0,79.0,0,0,Ever_Unspecified,Ever,0,48.0,0,True
ONCOSG_2020,A110,A110,Male,1,72.0,72.0,0,0,Ever_Unspecified,Ever,0,24.0,0,True
ONCOSG_2020,A111,A111,Female,0,62.0,62.0,0,0,Never,Never,0,,1,True
ONCOSG_2020,A112,A112,Female,0,61.0,61.0,0,0,Never,Never,0,,1,True
ONCOSG_2020,A114,A114,Female,0,61.0,61.0,0,0,Never,Never,0,,1,True
ONCOSG_2020,A117,A117,Female,0,64.0,64.0,0,0,Never,Never,0,,1,True
ONCOSG_2020,A120,A120,Male,1,82.0,82.0,0,0,Never,Never,0,,1,True
ONCOSG_2020,A122,A122,Male,1,63.0,63.0,0,0,Never,Never,0,,1,True
ONCOSG_2020,A126,A126,Male,1,68.0,68.0,0,0,Ever_Unspecified,Ever,0,41.25,0,True
ONCOSG_2020,A130,A130,Female,0,66.0,66.0,0,0,Never,Never,0,,1,True
ONCOSG_2020,A131,A131,Male,1,69.0,69.0,0,0,Ever_Unspecified,Ever,0,89.25,0,True
ONCOSG_2020,A134,A134,Female,0,52.0,52.0,0,0,Never,Never,0,,1,True
ONCOSG_2020,A136,A136,Female,0,72.0,72.0,0,0,Never,Never,0,,1,True
ONCOSG_2020,A139,A139,Female,0,76.0,76.0,0,0,Never,Never,0,,1,True
ONCOSG_2020,A143,A143,Male,1,68.0,68.0,0,0,Ever_Unspecified,Ever,0,40.0,0,True
ONCOSG_2020,A144,A144,Male,1,74.0,74.0,0,0,Never,Never,0,,1,True
ONCOSG_2020,A146,A146,Male,1,73.0,73.0,0,0,Never,Never,0,,1,True
ONCOSG_2020,A147,A147,Male,1,57.0,57.0,0,0,Ever_Unspecified,Ever,0,21.0,0,True
ONCOSG_2020,A148,A148,Male,1,57.0,57.0,0,0,Ever_Unspecified,Ever,0,129.0,0,True
ONCOSG_2020,A149,A149,Male,1,76.0,76.0,0,0,Never,Never,0,,1,True
ONCOSG_2020,A150,A150,Male,1,48.0,48.0,0,0,Ever_Unspecified,Ever,0,0.5,0,True
ONCOSG_2020,A152,A152,Female,0,59.0,59.0,0,0,Never,Never,0,,1,True
ONCOSG_2020,A153,A153,Male,1,78.0,78.0,0,0,Never,Never,0,,1,True
ONCOSG_2020,A155,A155,Male,1,66.0,66.0,0,0,Ever_Unspecified,Ever,0,2.0,0,True
ONCOSG_2020,A156,A156,Female,0,61.0,61.0,0,0,Never,Never,0,,1,True
ONCOSG_2020,A157,A157,Male,1,74.0,74.0,0,0,Ever_Unspecified,Ever,0,55.0,0,True
ONCOSG_2020,A158,A158,Male,1,63.0,63.0,0,0,Ever_Unspecified,Ever,0,40.0,0,True
ONCOSG_2020,A159,A159,Male,1,49.0,49.0,0,0,Ever_Unspecified,Ever,0,30.0,0,True
ONCOSG_2020,A162,A162,Male,1,67.0,67.0,0,0,Never,Never,0,,1,True
ONCOSG_2020,A163,A163,Female,0,57.0,57.0,0,0,Never,Never,0,,1,True
ONCOSG_2020,A165,A165,Female,0,44.0,44.0,0,0,Never,Never,0,,1,True
ONCOSG_2020,A167,A167,Male,1,74.0,74.0,0,0,Ever_Unspecified,Ever,0,55.0,0,True
ONCOSG_2020,A168,A168,Male,1,64.0,64.0,0,0,Never,Never,0,,1,True
ONCOSG_2020,A177,A177,Male,1,77.0,77.0,0,0,Ever_Unspecified,Ever,0,99.0,0,True
ONCOSG_2020,A182,A182,Female,0,72.0,72.0,0,0,Never,Never,0,,1,True
ONCOSG_2020,A183,A183,Male,1,75.0,75.0,0,0,Ever_Unspecified,Ever,0,60.0,0,True
ONCOSG_2020,A185,A185,Female,0,59.0,59.0,0,0,Never,Never,0,,1,True
ONCOSG_2020,A186,A186,Female,0,80.0,80.0,0,0,Never,Never,0,,1,True
ONCOSG_2020,A187,A187,Female,0,38.0,38.0,0,0,Ever_Unspecified,Ever,0,4.2,0,True
ONCOSG_2020,A190,A190,Female,0,65.0,65.0,0,0,Never,Never,0,,1,True
ONCOSG_2020,A191,A191,Male,1,62.0,62.0,0,0,Never,Never,0,,1,True
ONCOSG_2020,A192,A192,Female,0,84.0,84.0,0,0,Never,Never,0,,1,True
ONCOSG_2020,A193,A193,Male,1,54.0,54.0,0,0,Ever_Unspecified,Ever,0,42.0,0,True
ONCOSG_2020,A194,A194,Female,0,54.0,54.0,0,0,Never,Never,0,,1,True
ONCOSG_2020,A196,A196,Male,1,82.0,82.0,0,0,Ever_Unspecified,Ever,0,33.0,0,True
ONCOSG_2020,A197,A197,Male,1,52.0,52.0,0,0,Ever_Unspecified,Ever,0,43.0,0,True
ONCOSG_2020,A198,A198,Male,1,67.0,67.0,0,0,Ever_Unspecified,Ever,0,22.0,0,True
ONCOSG_2020,A199,A199,Male,1,69.0,69.0,0,0,Ever_Unspecified,Ever,0,49.5,0,True
ONCOSG_2020,A200,A200,Male,1,49.0,49.0,0,0,Ever_Unspecified,Ever,0,49.5,0,True
ONCOSG_2020,A201,A201,Female,0,67.0,67.0,0,0,Ever_Unspecified,Ever,0,0.03,0,True
ONCOSG_2020,A202,A202,Female,0,73.0,73.0,0,0,Never,Never,0,,1,True
ONCOSG_2020,A203,A203,Male,1,55.0,55.0,0,0,Never,Never,0,,1,True
ONCOSG_2020,A204,A204,Female,0,70.0,70.0,0,0,Never,Never,0,,1,True
ONCOSG_2020,A205,A205,Female,0,79.0,79.0,0,0,Never,Never,0,,1,True
ONCOSG_2020,A206,A206,Male,1,78.0,78.0,0,0,Never,Never,0,,1,True
ONCOSG_2020,A207,A207,Female,0,59.0,59.0,0,0,Never,Never,0,,1,True
ONCOSG_2020,A208,A208,Male,1,77.0,77.0,0,0,Ever_Unspecified,Ever,0,0.5,0,True
ONCOSG_2020,A209,A209,Male,1,62.0,62.0,0,0,Never,Never,0,,1,True
ONCOSG_2020,A210,A210,Male,1,50.0,50.0,0,0,Ever_Unspecified,Ever,0,35.0,0,True
ONCOSG_2020,A213,A213,Male,1,76.0,76.0,0,0,Ever_Unspecified,Ever,0,37.0,0,True
ONCOSG_2020,A214,A214,Male,1,58.0,58.0,0,0,Ever_Unspecified,Ever,0,43.2,0,True
ONCOSG_2020,A215,A215,Female,0,54.0,54.0,0,0,Never,Never,0,,1,True
ONCOSG_2020,A216,A216,Male,1,61.0,61.0,0,0,Ever_Unspecified,Ever,0,53.75,0,True
ONCOSG_2020,A217,A217,Male,1,71.0,71.0,0,0,Never,Never,0,,1,True
ONCOSG_2020,A218,A218,Male,1,67.0,67.0,0,0,Ever_Unspecified,Ever,0,27.0,0,True
ONCOSG_2020,A219,A219,Female,0,52.0,52.0,0,0,Never,Never,0,,1,True
ONCOSG_2020,A220,A220,Female,0,60.0,60.0,0,0,Ever_Unspecified,Ever,0,0.35,0,True
ONCOSG_2020,A221,A221,Female,0,72.0,72.0,0,0,Never,Never,0,,1,True
ONCOSG_2020,A222,A222,Female,0,61.0,61.0,0,0,Never,Never,0,,1,True
ONCOSG_2020,A227,A227,Male,1,75.0,75.0,0,0,Ever_Unspecified,Ever,0,29.5,0,True
ONCOSG_2020,A228,A228,Male,1,66.0,66.0,0,0,Ever_Unspecified,Ever,0,46.0,0,True
ONCOSG_2020,A229,A229,Male,1,75.0,75.0,0,0,Ever_Unspecified,Ever,0,55.0,0,True
ONCOSG_2020,A230,A230,Male,1,68.0,68.0,0,0,Ever_Unspecified,Ever,0,12.0,0,True
ONCOSG_2020,A231,A231,Male,1,71.0,71.0,0,0,Ever_Unspecified,Ever,0,102.0,0,True
ONCOSG_2020,A232,A232,Male,1,76.0,76.0,0,0,Ever_Unspecified,Ever,0,16.2,0,True
ONCOSG_2020,A233,A233,Male,1,81.0,81.0,0,0,Never,Never,0,,1,True
ONCOSG_2020,A234,A234,Male,1,77.0,77.0,0,0,Ever_Unspecified,Ever,0,6.75,0,True
ONCOSG_2020,A239,A239,Male,1,53.0,53.0,0,0,Never,Never,0,,1,True
ONCOSG_2020,A240,A240,Male,1,50.0,50.0,0,0,Ever_Unspecified,Ever,0,40.0,0,True
ONCOSG_2020,A241,A241,Female,0,70.0,70.0,0,0,Never,Never,0,,1,True
ONCOSG_2020,A243,A243,Female,0,62.0,62.0,0,0,Never,Never,0,,1,True
ONCOSG_2020,A247,A247,Male,1,69.0,69.0,0,0,Ever_Unspecified,Ever,0,49.0,0,True
ONCOSG_2020,A249,A249,Female,0,53.0,53.0,0,0,Never,Never,0,,1,True
ONCOSG_2020,A250,A250,Male,1,55.0,55.0,0,0,Ever_Unspecified,Ever,0,37.0,0,True
ONCOSG_2020,A255,A255,Male,1,63.0,63.0,0,0,Never,Never,0,,1,True
ONCOSG_2020,A258,A258,Male,1,65.0,65.0,0,0,Ever_Unspecified,Ever,0,234.0,0,True
ONCOSG_2020,A260,A260,Female,0,61.0,61.0,0,0,Never,Never,0,,1,True
ONCOSG_2020,A261,A261,Male,1,45.0,45.0,0,0,Ever_Unspecified,Ever,0,18.75,0,True
ONCOSG_2020,A262,A262,Female,0,64.0,64.0,0,0,Never,Never,0,,1,True
ONCOSG_2020,A263,A263,Male,1,64.0,64.0,0,0,Ever_Unspecified,Ever,0,9.0,0,True
ONCOSG_2020,A265,A265,Female,0,65.0,65.0,0,0,Ever_Unspecified,Ever,0,47.0,0,True
ONCOSG_2020,A266,A266,Female,0,63.0,63.0,0,0,Never,Never,0,,1,True
ONCOSG_2020,A267,A267,Female,0,72.0,72.0,0,0,Ever_Unspecified,Ever,0,40.0,0,True
ONCOSG_2020,A269,A269,Female,0,66.0,66.0,0,0,Never,Never,0,,1,True
ONCOSG_2020,A271,A271,Male,1,70.0,70.0,0,0,Ever_Unspecified,Ever,0,36.0,0,True
ONCOSG_2020,A273,A273,Female,0,64.0,64.0,0,0,Never,Never,0,,1,True
ONCOSG_2020,A274,A274,Female,0,44.0,44.0,0,0,Never,Never,0,,1,True
ONCOSG_2020,A275,A275,Female,0,55.0,55.0,0,0,Never,Never,0,,1,True
ONCOSG_2020,A276,A276,Male,1,71.0,71.0,0,0,Never,Never,0,,1,True
ONCOSG_2020,A277,A277,Female,0,70.0,70.0,0,0,Never,Never,0,,1,True
ONCOSG_2020,A278,A278,Female,0,73.0,73.0,0,0,Never,Never,0,,1,True
ONCOSG_2020,A279,A279,Male,1,59.0,59.0,0,0,Ever_Unspecified,Ever,0,3.0,0,True
ONCOSG_2020,A280,A280,Male,1,49.0,49.0,0,0,Ever_Unspecified,Ever,0,20.25,0,True
ONCOSG_2020,A281,A281,Male,1,66.0,66.0,0,0,Never,Never,0,,1,True
ONCOSG_2020,A282,A282,Female,0,72.0,72.0,0,0,Never,Never,0,,1,True
ONCOSG_2020,A283,A283,Female,0,67.0,67.0,0,0,Never,Never,0,,1,True
ONCOSG_2020,A284,A284,Female,0,58.0,58.0,0,0,Never,Never,0,,1,True
ONCOSG_2020,A285,A285,Female,0,64.0,64.0,0,0,Never,Never,0,,1,True
ONCOSG_2020,A295,A295,Female,0,74.0,74.0,0,0,Never,Never,0,,1,True
ONCOSG_2020,A302,A302,Female,0,68.0,68.0,0,0,Never,Never,0,,1,True
ONCOSG_2020,A306,A306,Male,1,55.0,55.0,0,0,Ever_Unspecified,Ever,0,38.0,0,True
ONCOSG_2020,A307,A307,Male,1,56.0,56.0,0,0,Never,Never,0,,1,True
ONCOSG_2020,A310,A310,Male,1,67.0,67.0,0,0,Never,Never,0,,1,True
ONCOSG_2020,A315,A315,Female,0,64.0,64.0,0,0,Never,Never,0,,1,True
ONCOSG_2020,A316,A316,Female,0,77.0,77.0,0,0,Never,Never,0,,1,True
ONCOSG_2020,A320,A320,Female,0,75.0,75.0,0,0,Ever_Unspecified,Ever,0,2.25,0,True
ONCOSG_2020,A323,A323,Male,1,63.0,63.0,0,0,Never,Never,0,,1,True
ONCOSG_2020,A349,A349,Male,1,74.0,74.0,0,0,Ever_Unspecified,Ever,0,32.0,0,True
ONCOSG_2020,A364,A364,Female,0,79.0,79.0,0,0,Never,Never,0,,1,True
ONCOSG_2020,A368,A368,Female,0,60.0,60.0,0,0,Never,Never,0,,1,True
ONCOSG_2020,A375,A375,Female,0,60.0,60.0,0,0,Never,Never,0,,1,True
ONCOSG_2020,A377,A377,Female,0,71.0,71.0,0,0,Never,Never,0,,1,True
ONCOSG_2020,A380,A380,Female,0,61.0,61.0,0,0,Never,Never,0,,1,True
ONCOSG_2020,A381,A381,Male,1,66.0,66.0,0,0,Ever_Unspecified,Ever,0,15.75,0,True
ONCOSG_2020,A426,A426,Female,0,65.0,65.0,0,0,Never,Never,0,,1,True
ONCOSG_2020,A428,A428,Male,1,66.0,66.0,0,0,Never,Never,0,,1,True
ONCOSG_2020,A430,A430,Female,0,70.0,70.0,0,0,Never,Never,0,,1,True
ONCOSG_2020,A432,A432,Female,0,64.0,64.0,0,0,Never,Never,0,,1,True
ONCOSG_2020,A433,A433,Female,0,64.0,64.0,0,0,Ever_Unspecified,Ever,0,4.41,0,True
ONCOSG_2020,A434,A434,Female,0,67.0,67.0,0,0,Never,Never,0,,1,True
ONCOSG_2020,A435,A435,Female,0,68.0,68.0,0,0,Never,Never,0,,1,True
ONCOSG_2020,A483,A483,Female,0,58.0,58.0,0,0,Never,Never,0,,1,True
ONCOSG_2020,A485,A485,Female,0,72.0,72.0,0,0,Never,Never,0,,1,True
ONCOSG_2020,A486,A486,Female,0,45.0,45.0,0,0,Never,Never,0,,1,True
ONCOSG_2020,A488,A488,Female,0,60.0,60.0,0,0,Never,Never,0,,1,True
ONCOSG_2020,A490,A490,Male,1,59.0,59.0,0,0,Never,Never,0,,1,True
ONCOSG_2020,A492,A492,Male,1,47.0,47.0,0,0,Ever_Unspecified,Ever,0,2.4,0,True
ONCOSG_2020,A493,A493,Female,0,58.0,58.0,0,0,Never,Never,0,,1,True
ONCOSG_2020,A494,A494,Female,0,67.0,67.0,0,0,Never,Never,0,,1,True
ONCOSG_2020,A495,A495,Male,1,53.0,53.0,0,0,Never,Never,0,,1,True
ONCOSG_2020,A496,A496,Female,0,53.0,53.0,0,0,Never,Never,0,,1,True
ONCOSG_2020,A497,A497,Female,0,45.0,45.0,0,0,Never,Never,0,,1,True
ONCOSG_2020,A499,A499,Male,1,70.0,70.0,0,0,Ever_Unspecified,Ever,0,29.0,0,True
ONCOSG_2020,A502,A502,Female,0,54.0,54.0,0,0,Never,Never,0,,1,True
ONCOSG_2020,A503,A503,Female,0,60.0,60.0,0,0,Never,Never,0,,1,True
ONCOSG_2020,A504,A504,Female,0,72.0,72.0,0,0,Never,Never,0,,1,True
ONCOSG_2020,A505,A505,Female,0,41.0,41.0,0,0,Never,Never,0,,1,True
ONCOSG_2020,A507,A507,Female,0,72.0,72.0,0,0,Never,Never,0,,1,True
ONCOSG_2020,A508,A508,Male,1,71.0,71.0,0,0,Ever_Unspecified,Ever,0,110.0,0,True
ONCOSG_2020,A509,A509,Male,1,75.0,75.0,0,0,Ever_Unspecified,Ever,0,17.5,0,True
ONCOSG_2020,A510,A510,Male,1,73.0,73.0,0,0,Never,Never,0,,1,True
ONCOSG_2020,A511,A511,Male,1,63.0,63.0,0,0,Never,Never,0,,1,True
ONCOSG_2020,A512,A512,Male,1,55.0,55.0,0,0,Never,Never,0,,1,True
ONCOSG_2020,A513,A513,Male,1,65.0,65.0,0,0,Ever_Unspecified,Ever,0,21.0,0,True
ONCOSG_2020,A514,A514,Female,0,56.0,56.0,0,0,Never,Never,0,,1,True
ONCOSG_2020,A517,A517,Female,0,68.0,68.0,0,0,Never,Never,0,,1,True
ONCOSG_2020,A519,A519,Female,0,69.0,69.0,0,0,Ever_Unspecified,Ever,0,3.0,0,True
ONCOSG_2020,A521,A521,Female,0,55.0,55.0,0,0,Never,Never,0,,1,True
ONCOSG_2020,A524,A524,Male,1,73.0,73.0,0,0,Ever_Unspecified,Ever,0,0.6,0,True
ONCOSG_2020,A530,A530,Female,0,72.0,72.0,0,0,Ever_Unspecified,Ever,0,36.0,0,True
ONCOSG_2020,A532,A532,Male,1,62.0,62.0,0,0,Ever_Unspecified,Ever,0,61.5,0,True
ONCOSG_2020,A534,A534,Female,0,77.0,77.0,0,0,Never,Never,0,,1,True
ONCOSG_2020,A538,A538,Female,0,59.0,59.0,0,0,Never,Never,0,,1,True
ONCOSG_2020,BGI-EX01,BGI-EX01,Male,1,59.0,59.0,0,0,Ever_Unspecified,Ever,0,,1,True
ONCOSG_2020,BGI-EX02,BGI-EX02,Male,1,45.0,45.0,0,0,Never,Never,0,,1,True
ONCOSG_2020,BGI-EX03,BGI-EX03,Male,1,60.0,60.0,0,0,Ever_Unspecified,Ever,0,,1,True
ONCOSG_2020,BGI-EX04,BGI-EX04,Female,0,67.0,67.0,0,0,Never,Never,0,,1,True
ONCOSG_2020,BGI-EX05,BGI-EX05,Male,1,68.0,68.0,0,0,Ever_Unspecified,Ever,0,,1,True
ONCOSG_2020,BGI-EX06,BGI-EX06,Male,1,82.0,82.0,0,0,Ever_Unspecified,Ever,0,,1,True
ONCOSG_2020,BGI-EX07,BGI-EX07,Male,1,51.0,51.0,0,0,Ever_Unspecified,Ever,0,,1,True
ONCOSG_2020,BGI-EX08,BGI-EX08,Male,1,47.0,47.0,0,0,Ever_Unspecified,Ever,0,,1,True
ONCOSG_2020,BGI-EX09,BGI-EX09,Male,1,52.0,52.0,0,0,Ever_Unspecified,Ever,0,,1,True
ONCOSG_2020,BGI-RS01,BGI-RS01,Male,1,57.0,57.0,0,0,Never,Never,0,,1,True
ONCOSG_2020,BGI-RS02,BGI-RS02,Female,0,58.0,58.0,0,0,Never,Never,0,,1,True
ONCOSG_2020,BGI-RS03,BGI-RS03,Male,1,50.0,50.0,0,0,Ever_Unspecified,Ever,0,,1,True
ONCOSG_2020,BGI-RS05,BGI-RS05,Male,1,71.0,71.0,0,0,Ever_Unspecified,Ever,0,,1,True
ONCOSG_2020,BGI-RS06,BGI-RS06,Male,1,56.0,56.0,0,0,Ever_Unspecified,Ever,0,,1,True
ONCOSG_2020,BGI-RS07,BGI-RS07,Male,1,72.0,72.0,0,0,Never,Never,0,,1,True
ONCOSG_2020,BGI-RS08,BGI-RS08,Female,0,66.0,66.0,0,0,Never,Never,0,,1,True
ONCOSG_2020,BGI-RS10,BGI-RS10,Male,1,51.0,51.0,0,0,Never,Never,0,,1,True
ONCOSG_2020,BGI-RS11,BGI-RS11,Female,0,60.0,60.0,0,0,Never,Never,0,,1,True
ONCOSG_2020,BGI-RS13,BGI-RS13,Male,1,67.0,67.0,0,0,Never,Never,0,,1,True
ONCOSG_2020,BGI-RS14,BGI-RS14,Male,1,55.0,55.0,0,0,Ever_Unspecified,Ever,0,,1,True
ONCOSG_2020,BGI-RS15,BGI-RS15,Male,1,64.0,64.0,0,0,Never,Never,0,,1,True
ONCOSG_2020,BGI-RS16,BGI-RS16,Female,0,56.0,56.0,0,0,Never,Never,0,,1,True
ONCOSG_2020,BGI-RS17,BGI-RS17,Female,0,53.0,53.0,0,0,Never,Never,0,,1,True
ONCOSG_2020,BGI-RS18,BGI-RS18,Male,1,62.0,62.0,0,0,Ever_Unspecified,Ever,0,,1,True
ONCOSG_2020,BGI-RS20,BGI-RS20,Female,0,42.0,42.0,0,0,Never,Never,0,,1,True
ONCOSG_2020,BGI-RS21,BGI-RS21,Female,0,67.0,67.0,0,0,Never,Never,0,,1,True
ONCOSG_2020,BGI-RS22,BGI-RS22,Male,1,62.0,62.0,0,0,Never,Never,0,,1,True
ONCOSG_2020,BGI-RS23,BGI-RS23,Male,1,70.0,70.0,0,0,Never,Never,0,,1,True
ONCOSG_2020,BGI-RS24,BGI-RS24,Male,1,53.0,53.0,0,0,Unknown,Unknown,1,,1,True
ONCOSG_2020,BGI-RS25,BGI-RS25,Female,0,59.0,59.0,0,0,Never,Never,0,,1,True
ONCOSG_2020,BGI-RS26,BGI-RS26,Male,1,68.0,68.0,0,0,Ever_Unspecified,Ever,0,,1,True
ONCOSG_2020,BGI-RS27,BGI-RS27,Male,1,70.0,70.0,0,0,Never,Never,0,,1,True
ONCOSG_2020,BGI-RS28,BGI-RS28,Male,1,62.0,62.0,0,0,Never,Never,0,,1,True
ONCOSG_2020,BGI-RS29,BGI-RS29,Female,0,57.0,57.0,0,0,Never,Never,0,,1,True
ONCOSG_2020,BGI-RS30,BGI-RS30,Male,1,61.0,61.0,0,0,Ever_Unspecified,Ever,0,,1,True
ONCOSG_2020,BGI-RS31,BGI-RS31,Male,1,63.0,63.0,0,0,Ever_Unspecified,Ever,0,,1,True
ONCOSG_2020,BGI-RS32,BGI-RS32,Female,0,67.0,67.0,0,0,Never,Never,0,,1,True
ONCOSG_2020,BGI-RS33,BGI-RS33,Male,1,67.0,67.0,0,0,Ever_Unspecified,Ever,0,,1,True
ONCOSG_2020,BGI-RS34,BGI-RS34,Male,1,74.0,74.0,0,0,Ever_Unspecified,Ever,0,,1,True
ONCOSG_2020,BGI-RS35,BGI-RS35,Male,1,72.0,72.0,0,0,Never,Never,0,,1,True
ONCOSG_2020,BGI-RS36,BGI-RS36,Male,1,63.0,63.0,0,0,Ever_Unspecified,Ever,0,,1,True
ONCOSG_2020,BGI-RS37,BGI-RS37,Female,0,54.0,54.0,0,0,Never,Never,0,,1,True
ONCOSG_2020,BGI-RS38,BGI-RS38,Male,1,58.0,58.0,0,0,Ever_Unspecified,Ever,0,,1,True
ONCOSG_2020,BGI-RS39,BGI-RS39,Female,0,55.0,55.0,0,0,Never,Never,0,,1,True
ONCOSG_2020,BGI-RS40,BGI-RS40,Male,1,41.0,41.0,0,0,Never,Never,0,,1,True
ONCOSG_2020,BGI-RS42,BGI-RS42,Male,1,46.0,46.0,0,0,Ever_Unspecified,Ever,0,,1,True
ONCOSG_2020,BGI-RS44,BGI-RS44,Male,1,67.0,67.0,0,0,Ever_Unspecified,Ever,0,,1,True
ONCOSG_2020,BGI-RS46,BGI-RS46,Male,1,68.0,68.0,0,0,Never,Never,0,,1,True
ONCOSG_2020,BGI-RS47,BGI-RS47,Female,0,49.0,49.0,0,0,Never,Never,0,,1,True
ONCOSG_2020,BGI-RS48,BGI-RS48,Male,1,36.0,36.0,0,0,Never,Never,0,,1,True
ONCOSG_2020,BGI-RS49,BGI-RS49,Male,1,51.0,51.0,0,0,Ever_Unspecified,Ever,0,,1,True
ONCOSG_2020,BGI-RS50,BGI-RS50,Male,1,65.0,65.0,0,0,Never,Never,0,,1,True
ONCOSG_2020,BGI-RS52,BGI-RS52,Female,0,57.0,57.0,0,0,Never,Never,0,,1,True
ONCOSG_2020,BGI-RS54,BGI-RS54,Male,1,67.0,67.0,0,0,Ever_Unspecified,Ever,0,,1,True
ONCOSG_2020,BGI-RS55,BGI-RS55,Male,1,63.0,63.0,0,0,Never,Never,0,,1,True
ONCOSG_2020,BGI-RS56,BGI-RS56,Male,1,62.0,62.0,0,0,Never,Never,0,,1,True
ONCOSG_2020,BGI-RS57,BGI-RS57,Male,1,71.0,71.0,0,0,Ever_Unspecified,Ever,0,,1,True
ONCOSG_2020,BGI-RS58,BGI-RS58,Female,0,78.0,78.0,0,0,Ever_Unspecified,Ever,0,,1,True
ONCOSG_2020,BGI-RS59,BGI-RS59,Male,1,74.0,74.0,0,0,Never,Never,0,,1,True
ONCOSG_2020,BGI-RS60,BGI-RS60,Male,1,60.0,60.0,0,0,Ever_Unspecified,Ever,0,,1,True
ONCOSG_2020,BGI-WG01,BGI-WG01,Male,1,77.0,77.0,0,0,Unknown,Unknown,1,,1,True
ONCOSG_2020,BGI-WG02,BGI-WG02,Male,1,78.0,78.0,0,0,Ever_Unspecified,Ever,0,,1,True
ONCOSG_2020,BGI-WG03,BGI-WG03,Male,1,56.0,56.0,0,0,Never,Never,0,,1,True
ONCOSG_2020,BGI-WG04,BGI-WG04,Female,0,25.0,25.0,0,0,Never,Never,0,,1,True
ONCOSG_2020,BGI-WG05,BGI-WG05,Male,1,58.0,58.0,0,0,Unknown,Unknown,1,,1,True
ONCOSG_2020,BGI-WG06,BGI-WG06,Female,0,48.0,48.0,0,0,Never,Never,0,,1,True
ONCOSG_2020,BGI-WG07,BGI-WG07,Female,0,55.0,55.0,0,0,Unknown,Unknown,1,,1,True
ONCOSG_2020,BGI-WG08,BGI-WG08,Male,1,63.0,63.0,0,0,Ever_Unspecified,Ever,0,,1,True
ONCOSG_2020,BGI-WG10,BGI-WG10,Male,1,65.0,65.0,0,0,Ever_Unspecified,Ever,0,,1,True
ONCOSG_2020,BGI-WG11,BGI-WG11,Female,0,68.0,68.0,0,0,Never,Never,0,,1,True
ONCOSG_2020,BGI-WG12,BGI-WG12,Female,0,57.0,57.0,0,0,Never,Never,0,,1,True
ONCOSG_2020,BGI-WG13,BGI-WG13,Female,0,70.0,70.0,0,0,Never,Never,0,,1,True
ONCOSG_2020,BGI-WG14,BGI-WG14,Male,1,59.0,59.0,0,0,Never,Never,0,,1,True
ONCOSG_2020,BGI-WG15,BGI-WG15,Female,0,56.0,56.0,0,0,Ever_Unspecified,Ever,0,,1,True
ONCOSG_2020,BGI-WG16,BGI-WG16,Female,0,41.0,41.0,0,0,Never,Never,0,,1,True
ONCOSG_2020,BGI-WG17,BGI-WG17,Male,1,51.0,51.0,0,0,Never,Never,0,,1,True
ONCOSG_2020,BGI-WG18,BGI-WG18,Female,0,65.0,65.0,0,0,Never,Never,0,,1,True
ONCOSG_2020,BGI-WG19,BGI-WG19,Female,0,61.0,61.0,0,0,Never,Never,0,,1,True
ONCOSG_2020,BGI-WG20,BGI-WG20,Male,1,62.0,62.0,0,0,Never,Never,0,,1,True
ONCOSG_2020,BGI-WG22,BGI-WG22,Female,0,34.0,34.0,0,0,Never,Never,0,,1,True
ONCOSG_2020,BGI-WG23,BGI-WG23,Male,1,73.0,73.0,0,0,Never,Never,0,,1,True
ONCOSG_2020,BGI-WG24,BGI-WG24,Male,1,67.0,67.0,0,0,Ever_Unspecified,Ever,0,,1,True
TCGA_Atlas_2018,TCGA-05-4244-01,TCGA-05-4244,Male,1,70.0,70.0,0,0,Unknown,Unknown,1,,1,True
TCGA_Atlas_2018,TCGA-05-4249-01,TCGA-05-4249,Male,1,67.0,67.0,0,0,Unknown,Unknown,1,,1,True
TCGA_Atlas_2018,TCGA-05-4250-01,TCGA-05-4250,Female,0,79.0,79.0,0,0,Unknown,Unknown,1,,1,True
TCGA_Atlas_2018,TCGA-05-4382-01,TCGA-05-4382,Male,1,68.0,68.0,0,0,Unknown,Unknown,1,,1,True
TCGA_Atlas_2018,TCGA-05-4384-01,TCGA-05-4384,Male,1,66.0,66.0,0,0,Unknown,Unknown,1,,1,True
TCGA_Atlas_2018,TCGA-05-4389-01,TCGA-05-4389,Male,1,70.0,70.0,0,0,Unknown,Unknown,1,,1,True
TCGA_Atlas_2018,TCGA-05-4390-01,TCGA-05-4390,Female,0,58.0,58.0,0,0,Unknown,Unknown,1,,1,True
TCGA_Atlas_2018,TCGA-05-4395-01,TCGA-05-4395,Male,1,76.0,76.0,0,0,Unknown,Unknown,1,,1,True
TCGA_Atlas_2018,TCGA-05-4396-01,TCGA-05-4396,Male,1,76.0,76.0,0,0,Unknown,Unknown,1,,1,True
TCGA_Atlas_2018,TCGA-05-4397-01,TCGA-05-4397,Male,1,65.0,65.0,0,0,Unknown,Unknown,1,,1,True
TCGA_Atlas_2018,TCGA-05-4398-01,TCGA-05-4398,Female,0,47.0,47.0,0,0,Unknown,Unknown,1,,1,True
TCGA_Atlas_2018,TCGA-05-4402-01,TCGA-05-4402,Female,0,57.0,57.0,0,0,Unknown,Unknown,1,,1,True
TCGA_Atlas_2018,TCGA-05-4403-01,TCGA-05-4403,Male,1,76.0,76.0,0,0,Unknown,Unknown,1,,1,True
TCGA_Atlas_2018,TCGA-05-4405-01,TCGA-05-4405,Female,0,74.0,74.0,0,0,Unknown,Unknown,1,,1,True
TCGA_Atlas_2018,TCGA-05-4410-01,TCGA-05-4410,Male,1,62.0,62.0,0,0,Unknown,Unknown,1,,1,True
TCGA_Atlas_2018,TCGA-05-4415-01,TCGA-05-4415,Male,1,57.0,57.0,0,0,Unknown,Unknown,1,,1,True
TCGA_Atlas_2018,TCGA-05-4417-01,TCGA-05-4417,Female,0,51.0,51.0,0,0,Unknown,Unknown,1,,1,True
TCGA_Atlas_2018,TCGA-05-4418-01,TCGA-05-4418,Male,1,69.0,69.0,0,0,Unknown,Unknown,1,,1,True
TCGA_Atlas_2018,TCGA-05-4420-01,TCGA-05-4420,Male,1,41.0,41.0,0,0,Unknown,Unknown,1,,1,True
TCGA_Atlas_2018,TCGA-05-4422-01,TCGA-05-4422,Male,1,68.0,68.0,0,0,Unknown,Unknown,1,,1,True
TCGA_Atlas_2018,TCGA-05-4424-01,TCGA-05-4424,Male,1,70.0,70.0,0,0,Unknown,Unknown,1,,1,True
TCGA_Atlas_2018,TCGA-05-4425-01,TCGA-05-4425,Female,0,70.0,70.0,0,0,Unknown,Unknown,1,,1,True
TCGA_Atlas_2018,TCGA-05-4426-01,TCGA-05-4426,Male,1,71.0,71.0,0,0,Unknown,Unknown,1,,1,True
TCGA_Atlas_2018,TCGA-05-4427-01,TCGA-05-4427,Female,0,65.0,65.0,0,0,Unknown,Unknown,1,,1,True
TCGA_Atlas_2018,TCGA-05-4430-01,TCGA-05-4430,Female,0,59.0,59.0,0,0,Unknown,Unknown,1,,1,True
TCGA_Atlas_2018,TCGA-05-4432-01,TCGA-05-4432,Male,1,66.0,66.0,0,0,Unknown,Unknown,1,,1,True
TCGA_Atlas_2018,TCGA-05-4433-01,TCGA-05-4433,Male,1,82.0,82.0,0,0,Unknown,Unknown,1,,1,True
TCGA_Atlas_2018,TCGA-05-4434-01,TCGA-05-4434,Female,0,67.0,67.0,0,0,Unknown,Unknown,1,,1,True
TCGA_Atlas_2018,TCGA-05-5423-01,TCGA-05-5423,Male,1,65.0,65.0,0,0,Unknown,Unknown,1,,1,True
TCGA_Atlas_2018,TCGA-05-5425-01,TCGA-05-5425,Male,1,68.0,68.0,0,0,Unknown,Unknown,1,,1,True
TCGA_Atlas_2018,TCGA-05-5428-01,TCGA-05-5428,Male,1,57.0,57.0,0,0,Unknown,Unknown,1,,1,True
TCGA_Atlas_2018,TCGA-05-5429-01,TCGA-05-5429,Male,1,60.0,60.0,0,0,Unknown,Unknown,1,,1,True
TCGA_Atlas_2018,TCGA-05-5715-01,TCGA-05-5715,Female,0,69.0,69.0,0,0,Unknown,Unknown,1,,1,True
TCGA_Atlas_2018,TCGA-35-3615-01,TCGA-35-3615,Male,1,57.0,57.0,0,0,Unknown,Unknown,1,,1,True
TCGA_Atlas_2018,TCGA-35-4122-01,TCGA-35-4122,Male,1,69.0,69.0,0,0,Unknown,Unknown,1,,1,True
TCGA_Atlas_2018,TCGA-35-4123-01,TCGA-35-4123,Male,1,38.0,38.0,0,0,Unknown,Unknown,1,,1,True
TCGA_Atlas_2018,TCGA-35-5375-01,TCGA-35-5375,Male,1,61.0,61.0,0,0,Unknown,Unknown,1,,1,True
TCGA_Atlas_2018,TCGA-38-4625-01,TCGA-38-4625,Female,0,66.0,66.0,0,0,Unknown,Unknown,1,,1,True
TCGA_Atlas_2018,TCGA-38-4626-01,TCGA-38-4626,Female,0,57.0,57.0,0,0,Unknown,Unknown,1,,1,True
TCGA_Atlas_2018,TCGA-38-4627-01,TCGA-38-4627,Female,0,64.0,64.0,0,0,Unknown,Unknown,1,,1,True
TCGA_Atlas_2018,TCGA-38-4628-01,TCGA-38-4628,Female,0,65.0,65.0,0,0,Unknown,Unknown,1,,1,True
TCGA_Atlas_2018,TCGA-38-4631-01,TCGA-38-4631,Female,0,72.0,72.0,0,0,Unknown,Unknown,1,,1,True
TCGA_Atlas_2018,TCGA-38-4632-01,TCGA-38-4632,Male,1,42.0,42.0,0,0,Unknown,Unknown,1,,1,True
TCGA_Atlas_2018,TCGA-38-6178-01,TCGA-38-6178,Female,0,70.0,70.0,0,0,Unknown,Unknown,1,,1,True
TCGA_Atlas_2018,TCGA-38-7271-01,TCGA-38-7271,Female,0,72.0,72.0,0,0,Unknown,Unknown,1,,1,True
TCGA_Atlas_2018,TCGA-38-A44F-01,TCGA-38-A44F,Male,1,80.0,80.0,0,0,Unknown,Unknown,1,,1,True
TCGA_Atlas_2018,TCGA-44-2655-01,TCGA-44-2655,Female,0,65.0,65.0,0,0,Unknown,Unknown,1,,1,True
TCGA_Atlas_2018,TCGA-44-2656-01,TCGA-44-2656,Male,1,59.0,59.0,0,0,Unknown,Unknown,1,,1,True
TCGA_Atlas_2018,TCGA-44-2657-01,TCGA-44-2657,Female,0,74.0,74.0,0,0,Unknown,Unknown,1,,1,True
TCGA_Atlas_2018,TCGA-44-2659-01,TCGA-44-2659,Female,0,65.0,65.0,0,0,Unknown,Unknown,1,,1,True
TCGA_Atlas_2018,TCGA-44-2662-01,TCGA-44-2662,Male,1,65.0,65.0,0,0,Unknown,Unknown,1,,1,True
TCGA_Atlas_2018,TCGA-44-2666-01,TCGA-44-2666,Male,1,43.0,43.0,0,0,Unknown,Unknown,1,,1,True
TCGA_Atlas_2018,TCGA-44-2668-01,TCGA-44-2668,Male,1,51.0,51.0,0,0,Unknown,Unknown,1,,1,True
TCGA_Atlas_2018,TCGA-44-3396-01,TCGA-44-3396,Female,0,74.0,74.0,0,0,Unknown,Unknown,1,,1,True
TCGA_Atlas_2018,TCGA-44-3398-01,TCGA-44-3398,Female,0,77.0,77.0,0,0,Unknown,Unknown,1,,1,True
TCGA_Atlas_2018,TCGA-44-3917-01,TCGA-44-3917,Female,0,33.0,33.0,0,0,Unknown,Unknown,1,,1,True
TCGA_Atlas_2018,TCGA-44-3918-01,TCGA-44-3918,Female,0,60.0,60.0,0,0,Unknown,Unknown,1,,1,True
TCGA_Atlas_2018,TCGA-44-4112-01,TCGA-44-4112,Female,0,60.0,60.0,0,0,Unknown,Unknown,1,,1,True
TCGA_Atlas_2018,TCGA-44-5643-01,TCGA-44-5643,Male,1,53.0,53.0,0,0,Unknown,Unknown,1,,1,True
TCGA_Atlas_2018,TCGA-44-5644-01,TCGA-44-5644,Female,0,51.0,51.0,0,0,Unknown,Unknown,1,,1,True
TCGA_Atlas_2018,TCGA-44-5645-01,TCGA-44-5645,Female,0,61.0,61.0,0,0,Unknown,Unknown,1,,1,True
TCGA_Atlas_2018,TCGA-44-6144-01,TCGA-44-6144,Male,1,58.0,58.0,0,0,Unknown,Unknown,1,,1,True
TCGA_Atlas_2018,TCGA-44-6145-01,TCGA-44-6145,Female,0,62.0,62.0,0,0,Unknown,Unknown,1,,1,True
TCGA_Atlas_2018,TCGA-44-6146-01,TCGA-44-6146,Male,1,64.0,64.0,0,0,Unknown,Unknown,1,,1,True
TCGA_Atlas_2018,TCGA-44-6774-01,TCGA-44-6774,Female,0,56.0,56.0,0,0,Unknown,Unknown,1,,1,True
TCGA_Atlas_2018,TCGA-44-6775-01,TCGA-44-6775,Female,0,72.0,72.0,0,0,Unknown,Unknown,1,,1,True
TCGA_Atlas_2018,TCGA-44-6776-01,TCGA-44-6776,Female,0,60.0,60.0,0,0,Unknown,Unknown,1,,1,True
TCGA_Atlas_2018,TCGA-44-6777-01,TCGA-44-6777,Female,0,85.0,85.0,0,0,Unknown,Unknown,1,,1,True
TCGA_Atlas_2018,TCGA-44-6778-01,TCGA-44-6778,Male,1,59.0,59.0,0,0,Unknown,Unknown,1,,1,True
TCGA_Atlas_2018,TCGA-44-6779-01,TCGA-44-6779,Female,0,50.0,50.0,0,0,Unknown,Unknown,1,,1,True
TCGA_Atlas_2018,TCGA-44-7659-01,TCGA-44-7659,Male,1,70.0,70.0,0,0,Unknown,Unknown,1,,1,True
TCGA_Atlas_2018,TCGA-44-7660-01,TCGA-44-7660,Male,1,72.0,72.0,0,0,Unknown,Unknown,1,,1,True
TCGA_Atlas_2018,TCGA-44-7661-01,TCGA-44-7661,Female,0,69.0,69.0,0,0,Unknown,Unknown,1,,1,True
TCGA_Atlas_2018,TCGA-44-7662-01,TCGA-44-7662,Male,1,61.0,61.0,0,0,Unknown,Unknown,1,,1,True
TCGA_Atlas_2018,TCGA-44-7667-01,TCGA-44-7667,Female,0,49.0,49.0,0,0,Unknown,Unknown,1,,1,True
TCGA_Atlas_2018,TCGA-44-7669-01,TCGA-44-7669,Male,1,59.0,59.0,0,0,Unknown,Unknown,1,,1,True
TCGA_Atlas_2018,TCGA-44-7670-01,TCGA-44-7670,Female,0,47.0,47.0,0,0,Unknown,Unknown,1,,1,True
TCGA_Atlas_2018,TCGA-44-7671-01,TCGA-44-7671,Male,1,64.0,64.0,0,0,Unknown,Unknown,1,,1,True
TCGA_Atlas_2018,TCGA-44-7672-01,TCGA-44-7672,Female,0,52.0,52.0,0,0,Unknown,Unknown,1,,1,True
TCGA_Atlas_2018,TCGA-44-8117-01,TCGA-44-8117,Female,0,54.0,54.0,0,0,Unknown,Unknown,1,,1,True
TCGA_Atlas_2018,TCGA-44-8119-01,TCGA-44-8119,Male,1,73.0,73.0,0,0,Unknown,Unknown,1,,1,True
TCGA_Atlas_2018,TCGA-44-8120-01,TCGA-44-8120,Male,1,58.0,58.0,0,0,Unknown,Unknown,1,,1,True
TCGA_Atlas_2018,TCGA-44-A479-01,TCGA-44-A479,Female,0,73.0,73.0,0,0,Unknown,Unknown,1,,1,True
TCGA_Atlas_2018,TCGA-44-A47A-01,TCGA-44-A47A,Female,0,78.0,78.0,0,0,Unknown,Unknown,1,,1,True
TCGA_Atlas_2018,TCGA-44-A47B-01,TCGA-44-A47B,Male,1,79.0,79.0,0,0,Unknown,Unknown,1,,1,True
TCGA_Atlas_2018,TCGA-44-A47F-01,TCGA-44-A47F,Male,1,74.0,74.0,0,0,Unknown,Unknown,1,,1,True
TCGA_Atlas_2018,TCGA-44-A47G-01,TCGA-44-A47G,Female,0,73.0,73.0,0,0,Unknown,Unknown,1,,1,True
TCGA_Atlas_2018,TCGA-44-A4SS-01,TCGA-44-A4SS,Male,1,73.0,73.0,0,0,Unknown,Unknown,1,,1,True
TCGA_Atlas_2018,TCGA-44-A4SU-01,TCGA-44-A4SU,Female,0,67.0,67.0,0,0,Unknown,Unknown,1,,1,True
TCGA_Atlas_2018,TCGA-49-4486-01,TCGA-49-4486,Male,1,72.0,72.0,0,0,Unknown,Unknown,1,,1,True
TCGA_Atlas_2018,TCGA-49-4487-01,TCGA-49-4487,Female,0,72.0,72.0,0,0,Unknown,Unknown,1,,1,True
TCGA_Atlas_2018,TCGA-49-4488-01,TCGA-49-4488,Female,0,74.0,74.0,0,0,Unknown,Unknown,1,,1,True
TCGA_Atlas_2018,TCGA-49-4490-01,TCGA-49-4490,Female,0,45.0,45.0,0,0,Unknown,Unknown,1,,1,True
TCGA_Atlas_2018,TCGA-49-4494-01,TCGA-49-4494,Male,1,77.0,77.0,0,0,Unknown,Unknown,1,,1,True
TCGA_Atlas_2018,TCGA-49-4501-01,TCGA-49-4501,Female,0,67.0,67.0,0,0,Unknown,Unknown,1,,1,True
TCGA_Atlas_2018,TCGA-49-4505-01,TCGA-49-4505,Female,0,61.0,61.0,0,0,Unknown,Unknown,1,,1,True
TCGA_Atlas_2018,TCGA-49-4506-01,TCGA-49-4506,Female,0,68.0,68.0,0,0,Unknown,Unknown,1,,1,True
TCGA_Atlas_2018,TCGA-49-4507-01,TCGA-49-4507,Female,0,73.0,73.0,0,0,Unknown,Unknown,1,,1,True
TCGA_Atlas_2018,TCGA-49-4510-01,TCGA-49-4510,Female,0,51.0,51.0,0,0,Unknown,Unknown,1,,1,True
TCGA_Atlas_2018,TCGA-49-4512-01,TCGA-49-4512,Female,0,69.0,69.0,0,0,Unknown,Unknown,1,,1,True
TCGA_Atlas_2018,TCGA-49-4514-01,TCGA-49-4514,Female,0,79.0,79.0,0,0,Unknown,Unknown,1,,1,True
TCGA_Atlas_2018,TCGA-49-6742-01,TCGA-49-6742,Male,1,70.0,70.0,0,0,Unknown,Unknown,1,,1,True
TCGA_Atlas_2018,TCGA-49-6743-01,TCGA-49-6743,Female,0,81.0,81.0,0,0,Unknown,Unknown,1,,1,True
TCGA_Atlas_2018,TCGA-49-6744-01,TCGA-49-6744,Female,0,64.0,64.0,0,0,Unknown,Unknown,1,,1,True
TCGA_Atlas_2018,TCGA-49-6745-01,TCGA-49-6745,Male,1,82.0,82.0,0,0,Unknown,Unknown,1,,1,True
TCGA_Atlas_2018,TCGA-49-6761-01,TCGA-49-6761,Female,0,68.0,68.0,0,0,Unknown,Unknown,1,,1,True
TCGA_Atlas_2018,TCGA-49-6767-01,TCGA-49-6767,Female,0,46.0,46.0,0,0,Unknown,Unknown,1,,1,True
TCGA_Atlas_2018,TCGA-49-AAQV-01,TCGA-49-AAQV,Female,0,63.0,63.0,0,0,Unknown,Unknown,1,,1,True
TCGA_Atlas_2018,TCGA-49-AAR0-01,TCGA-49-AAR0,Male,1,57.0,57.0,0,0,Unknown,Unknown,1,,1,True
TCGA_Atlas_2018,TCGA-49-AAR2-01,TCGA-49-AAR2,Male,1,64.0,64.0,0,0,Unknown,Unknown,1,,1,True
TCGA_Atlas_2018,TCGA-49-AAR3-01,TCGA-49-AAR3,Male,1,69.0,69.0,0,0,Unknown,Unknown,1,,1,True
TCGA_Atlas_2018,TCGA-49-AAR4-01,TCGA-49-AAR4,Male,1,51.0,51.0,0,0,Unknown,Unknown,1,,1,True
TCGA_Atlas_2018,TCGA-49-AAR9-01,TCGA-49-AAR9,Male,1,61.0,61.0,0,0,Unknown,Unknown,1,,1,True
TCGA_Atlas_2018,TCGA-49-AARE-01,TCGA-49-AARE,Female,0,51.0,51.0,0,0,Unknown,Unknown,1,,1,True
TCGA_Atlas_2018,TCGA-49-AARN-01,TCGA-49-AARN,Female,0,56.0,56.0,0,0,Unknown,Unknown,1,,1,True
TCGA_Atlas_2018,TCGA-49-AARO-01,TCGA-49-AARO,Female,0,39.0,39.0,0,0,Unknown,Unknown,1,,1,True
TCGA_Atlas_2018,TCGA-49-AARQ-01,TCGA-49-AARQ,Female,0,41.0,41.0,0,0,Unknown,Unknown,1,,1,True
TCGA_Atlas_2018,TCGA-4B-A93V-01,TCGA-4B-A93V,Female,0,52.0,52.0,0,0,Unknown,Unknown,1,,1,True
TCGA_Atlas_2018,TCGA-50-5044-01,TCGA-50-5044,Female,0,72.0,72.0,0,0,Unknown,Unknown,1,,1,True
TCGA_Atlas_2018,TCGA-50-5045-01,TCGA-50-5045,Female,0,57.0,57.0,0,0,Unknown,Unknown,1,,1,True
TCGA_Atlas_2018,TCGA-50-5049-01,TCGA-50-5049,Male,1,70.0,70.0,0,0,Unknown,Unknown,1,,1,True
TCGA_Atlas_2018,TCGA-50-5051-01,TCGA-50-5051,Female,0,42.0,42.0,0,0,Unknown,Unknown,1,,1,True
TCGA_Atlas_2018,TCGA-50-5066-01,TCGA-50-5066,Male,1,72.0,72.0,0,0,Unknown,Unknown,1,,1,True
TCGA_Atlas_2018,TCGA-50-5068-01,TCGA-50-5068,Female,0,59.0,59.0,0,0,Unknown,Unknown,1,,1,True
TCGA_Atlas_2018,TCGA-50-5072-01,TCGA-50-5072,Male,1,74.0,74.0,0,0,Unknown,Unknown,1,,1,True
TCGA_Atlas_2018,TCGA-50-5930-01,TCGA-50-5930,Male,1,47.0,47.0,0,0,Unknown,Unknown,1,,1,True
TCGA_Atlas_2018,TCGA-50-5931-01,TCGA-50-5931,Female,0,75.0,75.0,0,0,Unknown,Unknown,1,,1,True
TCGA_Atlas_2018,TCGA-50-5932-01,TCGA-50-5932,Male,1,75.0,75.0,0,0,Unknown,Unknown,1,,1,True
TCGA_Atlas_2018,TCGA-50-5933-01,TCGA-50-5933,Male,1,72.0,72.0,0,0,Unknown,Unknown,1,,1,True
TCGA_Atlas_2018,TCGA-50-5935-01,TCGA-50-5935,Female,0,86.0,86.0,0,0,Unknown,Unknown,1,,1,True
TCGA_Atlas_2018,TCGA-50-5936-01,TCGA-50-5936,Male,1,58.0,58.0,0,0,Unknown,Unknown,1,,1,True
TCGA_Atlas_2018,TCGA-50-5939-01,TCGA-50-5939,Male,1,85.0,85.0,0,0,Unknown,Unknown,1,,1,True
TCGA_Atlas_2018,TCGA-50-5941-01,TCGA-50-5941,Female,0,55.0,55.0,0,0,Unknown,Unknown,1,,1,True
TCGA_Atlas_2018,TCGA-50-5942-01,TCGA-50-5942,Female,0,67.0,67.0,0,0,Unknown,Unknown,1,,1,True
TCGA_Atlas_2018,TCGA-50-5944-01,TCGA-50-5944,Female,0,69.0,69.0,0,0,Unknown,Unknown,1,,1,True
TCGA_Atlas_2018,TCGA-50-5946-01,TCGA-50-5946,Male,1,62.0,62.0,0,0,Unknown,Unknown,1,,1,True
TCGA_Atlas_2018,TCGA-50-6590-01,TCGA-50-6590,Female,0,72.0,72.0,0,0,Unknown,Unknown,1,,1,True
TCGA_Atlas_2018,TCGA-50-6591-01,TCGA-50-6591,Female,0,63.0,63.0,0,0,Unknown,Unknown,1,,1,True
TCGA_Atlas_2018,TCGA-50-6592-01,TCGA-50-6592,Female,0,71.0,71.0,0,0,Unknown,Unknown,1,,1,True
TCGA_Atlas_2018,TCGA-50-6593-01,TCGA-50-6593,Female,0,49.0,49.0,0,0,Unknown,Unknown,1,,1,True
TCGA_Atlas_2018,TCGA-50-6594-01,TCGA-50-6594,Female,0,79.0,79.0,0,0,Unknown,Unknown,1,,1,True
TCGA_Atlas_2018,TCGA-50-6595-01,TCGA-50-6595,Female,0,74.0,74.0,0,0,Unknown,Unknown,1,,1,True
TCGA_Atlas_2018,TCGA-50-6673-01,TCGA-50-6673,Female,0,84.0,84.0,0,0,Unknown,Unknown,1,,1,True
TCGA_Atlas_2018,TCGA-50-7109-01,TCGA-50-7109,Male,1,60.0,60.0,0,0,Unknown,Unknown,1,,1,True
TCGA_Atlas_2018,TCGA-50-8457-01,TCGA-50-8457,Female,0,63.0,63.0,0,0,Unknown,Unknown,1,,1,True
TCGA_Atlas_2018,TCGA-50-8459-01,TCGA-50-8459,Male,1,68.0,68.0,0,0,Unknown,Unknown,1,,1,True
TCGA_Atlas_2018,TCGA-50-8460-01,TCGA-50-8460,Male,1,74.0,74.0,0,0,Unknown,Unknown,1,,1,True
TCGA_Atlas_2018,TCGA-53-7624-01,TCGA-53-7624,Female,0,40.0,40.0,0,0,Unknown,Unknown,1,,1,True
TCGA_Atlas_2018,TCGA-53-7626-01,TCGA-53-7626,Female,0,76.0,76.0,0,0,Unknown,Unknown,1,,1,True
TCGA_Atlas_2018,TCGA-53-7813-01,TCGA-53-7813,Female,0,51.0,51.0,0,0,Unknown,Unknown,1,,1,True
TCGA_Atlas_2018,TCGA-53-A4EZ-01,TCGA-53-A4EZ,Male,1,63.0,63.0,0,0,Unknown,Unknown,1,,1,True
TCGA_Atlas_2018,TCGA-55-1592-01,TCGA-55-1592,Male,1,65.0,65.0,0,0,Unknown,Unknown,1,,1,True
TCGA_Atlas_2018,TCGA-55-1594-01,TCGA-55-1594,Male,1,68.0,68.0,0,0,Unknown,Unknown,1,,1,True
TCGA_Atlas_2018,TCGA-55-1595-01,TCGA-55-1595,Female,0,74.0,74.0,0,0,Unknown,Unknown,1,,1,True
TCGA_Atlas_2018,TCGA-55-1596-01,TCGA-55-1596,Male,1,55.0,55.0,0,0,Unknown,Unknown,1,,1,True
TCGA_Atlas_2018,TCGA-55-5899-01,TCGA-55-5899,Male,1,58.0,58.0,0,0,Unknown,Unknown,1,,1,True
TCGA_Atlas_2018,TCGA-55-6543-01,TCGA-55-6543,Female,0,60.0,60.0,0,0,Unknown,Unknown,1,,1,True
TCGA_Atlas_2018,TCGA-55-6642-01,TCGA-55-6642,Male,1,63.0,63.0,0,0,Unknown,Unknown,1,,1,True
TCGA_Atlas_2018,TCGA-55-6712-01,TCGA-55-6712,Male,1,71.0,71.0,0,0,Unknown,Unknown,1,,1,True
TCGA_Atlas_2018,TCGA-55-6968-01,TCGA-55-6968,Male,1,61.0,61.0,0,0,Unknown,Unknown,1,,1,True
TCGA_Atlas_2018,TCGA-55-6969-01,TCGA-55-6969,Male,1,52.0,52.0,0,0,Unknown,Unknown,1,,1,True
TCGA_Atlas_2018,TCGA-55-6970-01,TCGA-55-6970,Female,0,67.0,67.0,0,0,Unknown,Unknown,1,,1,True
TCGA_Atlas_2018,TCGA-55-6971-01,TCGA-55-6971,Female,0,59.0,59.0,0,0,Unknown,Unknown,1,,1,True
TCGA_Atlas_2018,TCGA-55-6972-01,TCGA-55-6972,Male,1,72.0,72.0,0,0,Unknown,Unknown,1,,1,True
TCGA_Atlas_2018,TCGA-55-6975-01,TCGA-55-6975,Male,1,61.0,61.0,0,0,Unknown,Unknown,1,,1,True
TCGA_Atlas_2018,TCGA-55-6979-01,TCGA-55-6979,Female,0,59.0,59.0,0,0,Unknown,Unknown,1,,1,True
TCGA_Atlas_2018,TCGA-55-6980-01,TCGA-55-6980,Male,1,56.0,56.0,0,0,Unknown,Unknown,1,,1,True
TCGA_Atlas_2018,TCGA-55-6981-01,TCGA-55-6981,Female,0,53.0,53.0,0,0,Unknown,Unknown,1,,1,True
TCGA_Atlas_2018,TCGA-55-6983-01,TCGA-55-6983,Male,1,81.0,81.0,0,0,Unknown,Unknown,1,,1,True
TCGA_Atlas_2018,TCGA-55-6984-01,TCGA-55-6984,Female,0,71.0,71.0,0,0,Unknown,Unknown,1,,1,True
TCGA_Atlas_2018,TCGA-55-6985-01,TCGA-55-6985,Female,0,58.0,58.0,0,0,Unknown,Unknown,1,,1,True
TCGA_Atlas_2018,TCGA-55-6986-01,TCGA-55-6986,Female,0,74.0,74.0,0,0,Unknown,Unknown,1,,1,True
TCGA_Atlas_2018,TCGA-55-6987-01,TCGA-55-6987,Male,1,77.0,77.0,0,0,Unknown,Unknown,1,,1,True
TCGA_Atlas_2018,TCGA-55-7227-01,TCGA-55-7227,Male,1,77.0,77.0,0,0,Unknown,Unknown,1,,1,True
TCGA_Atlas_2018,TCGA-55-7281-01,TCGA-55-7281,Female,0,70.0,70.0,0,0,Unknown,Unknown,1,,1,True
TCGA_Atlas_2018,TCGA-55-7283-01,TCGA-55-7283,Female,0,76.0,76.0,0,0,Unknown,Unknown,1,,1,True
TCGA_Atlas_2018,TCGA-55-7284-01,TCGA-55-7284,Male,1,74.0,74.0,0,0,Unknown,Unknown,1,,1,True
TCGA_Atlas_2018,TCGA-55-7570-01,TCGA-55-7570,Male,1,60.0,60.0,0,0,Unknown,Unknown,1,,1,True
TCGA_Atlas_2018,TCGA-55-7573-01,TCGA-55-7573,Female,0,72.0,72.0,0,0,Unknown,Unknown,1,,1,True
TCGA_Atlas_2018,TCGA-55-7574-01,TCGA-55-7574,Female,0,64.0,64.0,0,0,Unknown,Unknown,1,,1,True
TCGA_Atlas_2018,TCGA-55-7576-01,TCGA-55-7576,Male,1,54.0,54.0,0,0,Unknown,Unknown,1,,1,True
TCGA_Atlas_2018,TCGA-55-7724-01,TCGA-55-7724,Female,0,76.0,76.0,0,0,Unknown,Unknown,1,,1,True
TCGA_Atlas_2018,TCGA-55-7725-01,TCGA-55-7725,Female,0,68.0,68.0,0,0,Unknown,Unknown,1,,1,True
TCGA_Atlas_2018,TCGA-55-7726-01,TCGA-55-7726,Female,0,72.0,72.0,0,0,Unknown,Unknown,1,,1,True
TCGA_Atlas_2018,TCGA-55-7727-01,TCGA-55-7727,Male,1,70.0,70.0,0,0,Unknown,Unknown,1,,1,True
TCGA_Atlas_2018,TCGA-55-7728-01,TCGA-55-7728,Female,0,64.0,64.0,0,0,Unknown,Unknown,1,,1,True
TCGA_Atlas_2018,TCGA-55-7815-01,TCGA-55-7815,Male,1,76.0,76.0,0,0,Unknown,Unknown,1,,1,True
TCGA_Atlas_2018,TCGA-55-7903-01,TCGA-55-7903,Male,1,64.0,64.0,0,0,Unknown,Unknown,1,,1,True
TCGA_Atlas_2018,TCGA-55-7907-01,TCGA-55-7907,Male,1,77.0,77.0,0,0,Unknown,Unknown,1,,1,True
TCGA_Atlas_2018,TCGA-55-7910-01,TCGA-55-7910,Female,0,50.0,50.0,0,0,Unknown,Unknown,1,,1,True
TCGA_Atlas_2018,TCGA-55-7911-01,TCGA-55-7911,Female,0,70.0,70.0,0,0,Unknown,Unknown,1,,1,True
TCGA_Atlas_2018,TCGA-55-7913-01,TCGA-55-7913,Female,0,61.0,61.0,0,0,Unknown,Unknown,1,,1,True
TCGA_Atlas_2018,TCGA-55-7914-01,TCGA-55-7914,Female,0,71.0,71.0,0,0,Unknown,Unknown,1,,1,True
TCGA_Atlas_2018,TCGA-55-7994-01,TCGA-55-7994,Male,1,81.0,81.0,0,0,Unknown,Unknown,1,,1,True
TCGA_Atlas_2018,TCGA-55-7995-01,TCGA-55-7995,Female,0,73.0,73.0,0,0,Unknown,Unknown,1,,1,True
TCGA_Atlas_2018,TCGA-55-8085-01,TCGA-55-8085,Male,1,64.0,64.0,0,0,Unknown,Unknown,1,,1,True
TCGA_Atlas_2018,TCGA-55-8087-01,TCGA-55-8087,Female,0,59.0,59.0,0,0,Unknown,Unknown,1,,1,True
TCGA_Atlas_2018,TCGA-55-8089-01,TCGA-55-8089,Male,1,56.0,56.0,0,0,Unknown,Unknown,1,,1,True
TCGA_Atlas_2018,TCGA-55-8090-01,TCGA-55-8090,Male,1,80.0,80.0,0,0,Unknown,Unknown,1,,1,True
TCGA_Atlas_2018,TCGA-55-8091-01,TCGA-55-8091,Male,1,74.0,74.0,0,0,Unknown,Unknown,1,,1,True
TCGA_Atlas_2018,TCGA-55-8092-01,TCGA-55-8092,Male,1,75.0,75.0,0,0,Unknown,Unknown,1,,1,True
TCGA_Atlas_2018,TCGA-55-8094-01,TCGA-55-8094,Male,1,51.0,51.0,0,0,Unknown,Unknown,1,,1,True
TCGA_Atlas_2018,TCGA-55-8096-01,TCGA-55-8096,Female,0,67.0,67.0,0,0,Unknown,Unknown,1,,1,True
TCGA_Atlas_2018,TCGA-55-8097-01,TCGA-55-8097,Female,0,60.0,60.0,0,0,Unknown,Unknown,1,,1,True
TCGA_Atlas_2018,TCGA-55-8203-01,TCGA-55-8203,Female,0,69.0,69.0,0,0,Unknown,Unknown,1,,1,True
TCGA_Atlas_2018,TCGA-55-8204-01,TCGA-55-8204,Female,0,87.0,87.0,0,0,Unknown,Unknown,1,,1,True
TCGA_Atlas_2018,TCGA-55-8205-01,TCGA-55-8205,Female,0,76.0,76.0,0,0,Unknown,Unknown,1,,1,True
TCGA_Atlas_2018,TCGA-55-8206-01,TCGA-55-8206,Male,1,56.0,56.0,0,0,Unknown,Unknown,1,,1,True
TCGA_Atlas_2018,TCGA-55-8207-01,TCGA-55-8207,Male,1,73.0,73.0,0,0,Unknown,Unknown,1,,1,True
TCGA_Atlas_2018,TCGA-55-8208-01,TCGA-55-8208,Female,0,73.0,73.0,0,0,Unknown,Unknown,1,,1,True
TCGA_Atlas_2018,TCGA-55-8299-01,TCGA-55-8299,Female,0,61.0,61.0,0,0,Unknown,Unknown,1,,1,True
TCGA_Atlas_2018,TCGA-55-8301-01,TCGA-55-8301,Male,1,58.0,58.0,0,0,Unknown,Unknown,1,,1,True
TCGA_Atlas_2018,TCGA-55-8302-01,TCGA-55-8302,Male,1,54.0,54.0,0,0,Unknown,Unknown,1,,1,True
TCGA_Atlas_2018,TCGA-55-8505-01,TCGA-55-8505,Male,1,62.0,62.0,0,0,Unknown,Unknown,1,,1,True
TCGA_Atlas_2018,TCGA-55-8506-01,TCGA-55-8506,Female,0,62.0,62.0,0,0,Unknown,Unknown,1,,1,True
TCGA_Atlas_2018,TCGA-55-8507-01,TCGA-55-8507,Male,1,53.0,53.0,0,0,Unknown,Unknown,1,,1,True
TCGA_Atlas_2018,TCGA-55-8508-01,TCGA-55-8508,Female,0,60.0,60.0,0,0,Unknown,Unknown,1,,1,True
TCGA_Atlas_2018,TCGA-55-8510-01,TCGA-55-8510,Female,0,55.0,55.0,0,0,Unknown,Unknown,1,,1,True
TCGA_Atlas_2018,TCGA-55-8511-01,TCGA-55-8511,Female,0,73.0,73.0,0,0,Unknown,Unknown,1,,1,True
TCGA_Atlas_2018,TCGA-55-8512-01,TCGA-55-8512,Male,1,41.0,41.0,0,0,Unknown,Unknown,1,,1,True
TCGA_Atlas_2018,TCGA-55-8514-01,TCGA-55-8514,Female,0,70.0,70.0,0,0,Unknown,Unknown,1,,1,True
TCGA_Atlas_2018,TCGA-55-8614-01,TCGA-55-8614,Male,1,76.0,76.0,0,0,Unknown,Unknown,1,,1,True
TCGA_Atlas_2018,TCGA-55-8615-01,TCGA-55-8615,Male,1,67.0,67.0,0,0,Unknown,Unknown,1,,1,True
TCGA_Atlas_2018,TCGA-55-8616-01,TCGA-55-8616,Female,0,58.0,58.0,0,0,Unknown,Unknown,1,,1,True
TCGA_Atlas_2018,TCGA-55-8619-01,TCGA-55-8619,Female,0,72.0,72.0,0,0,Unknown,Unknown,1,,1,True
TCGA_Atlas_2018,TCGA-55-8620-01,TCGA-55-8620,Male,1,60.0,60.0,0,0,Unknown,Unknown,1,,1,True
TCGA_Atlas_2018,TCGA-55-8621-01,TCGA-55-8621,Female,0,75.0,75.0,0,0,Unknown,Unknown,1,,1,True
TCGA_Atlas_2018,TCGA-55-A48X-01,TCGA-55-A48X,Female,0,63.0,63.0,0,0,Unknown,Unknown,1,,1,True
TCGA_Atlas_2018,TCGA-55-A48Y-01,TCGA-55-A48Y,Male,1,69.0,69.0,0,0,Unknown,Unknown,1,,1,True
TCGA_Atlas_2018,TCGA-55-A48Z-01,TCGA-55-A48Z,Female,0,60.0,60.0,0,0,Unknown,Unknown,1,,1,True
TCGA_Atlas_2018,TCGA-55-A490-01,TCGA-55-A490,Male,1,78.0,78.0,0,0,Unknown,Unknown,1,,1,True
TCGA_Atlas_2018,TCGA-55-A491-01,TCGA-55-A491,Female,0,81.0,81.0,0,0,Unknown,Unknown,1,,1,True
TCGA_Atlas_2018,TCGA-55-A492-01,TCGA-55-A492,Female,0,70.0,70.0,0,0,Unknown,Unknown,1,,1,True
TCGA_Atlas_2018,TCGA-55-A493-01,TCGA-55-A493,Female,0,54.0,54.0,0,0,Unknown,Unknown,1,,1,True
TCGA_Atlas_2018,TCGA-55-A494-01,TCGA-55-A494,Female,0,61.0,61.0,0,0,Unknown,Unknown,1,,1,True
TCGA_Atlas_2018,TCGA-55-A4DF-01,TCGA-55-A4DF,Male,1,88.0,88.0,0,0,Unknown,Unknown,1,,1,True
TCGA_Atlas_2018,TCGA-55-A4DG-01,TCGA-55-A4DG,Male,1,71.0,71.0,0,0,Unknown,Unknown,1,,1,True
TCGA_Atlas_2018,TCGA-55-A57B-01,TCGA-55-A57B,Female,0,80.0,80.0,0,0,Unknown,Unknown,1,,1,True
TCGA_Atlas_2018,TCGA-62-8394-01,TCGA-62-8394,Female,0,65.0,65.0,0,0,Unknown,Unknown,1,,1,True
TCGA_Atlas_2018,TCGA-62-8395-01,TCGA-62-8395,Female,0,80.0,80.0,0,0,Unknown,Unknown,1,,1,True
TCGA_Atlas_2018,TCGA-62-8398-01,TCGA-62-8398,Male,1,55.0,55.0,0,0,Unknown,Unknown,1,,1,True
TCGA_Atlas_2018,TCGA-62-8399-01,TCGA-62-8399,Male,1,62.0,62.0,0,0,Unknown,Unknown,1,,1,True
TCGA_Atlas_2018,TCGA-62-8402-01,TCGA-62-8402,Female,0,73.0,73.0,0,0,Unknown,Unknown,1,,1,True
TCGA_Atlas_2018,TCGA-62-A46O-01,TCGA-62-A46O,Female,0,65.0,65.0,0,0,Unknown,Unknown,1,,1,True
TCGA_Atlas_2018,TCGA-62-A46P-01,TCGA-62-A46P,Male,1,65.0,65.0,0,0,Unknown,Unknown,1,,1,True
TCGA_Atlas_2018,TCGA-62-A46R-01,TCGA-62-A46R,Female,0,54.0,54.0,0,0,Unknown,Unknown,1,,1,True
TCGA_Atlas_2018,TCGA-62-A46S-01,TCGA-62-A46S,Male,1,73.0,73.0,0,0,Unknown,Unknown,1,,1,True
TCGA_Atlas_2018,TCGA-62-A46U-01,TCGA-62-A46U,Female,0,71.0,71.0,0,0,Unknown,Unknown,1,,1,True
TCGA_Atlas_2018,TCGA-62-A46V-01,TCGA-62-A46V,Female,0,78.0,78.0,0,0,Unknown,Unknown,1,,1,True
TCGA_Atlas_2018,TCGA-62-A46Y-01,TCGA-62-A46Y,Female,0,70.0,70.0,0,0,Unknown,Unknown,1,,1,True
TCGA_Atlas_2018,TCGA-62-A470-01,TCGA-62-A470,Male,1,84.0,84.0,0,0,Unknown,Unknown,1,,1,True
TCGA_Atlas_2018,TCGA-62-A471-01,TCGA-62-A471,Male,1,64.0,64.0,0,0,Unknown,Unknown,1,,1,True
TCGA_Atlas_2018,TCGA-62-A472-01,TCGA-62-A472,Male,1,70.0,70.0,0,0,Unknown,Unknown,1,,1,True
TCGA_Atlas_2018,TCGA-64-1676-01,TCGA-64-1676,Male,1,58.0,58.0,0,0,Unknown,Unknown,1,,1,True
TCGA_Atlas_2018,TCGA-64-1677-01,TCGA-64-1677,Female,0,77.0,77.0,0,0,Unknown,Unknown,1,,1,True
TCGA_Atlas_2018,TCGA-64-1679-01,TCGA-64-1679,Female,0,58.0,58.0,0,0,Unknown,Unknown,1,,1,True
TCGA_Atlas_2018,TCGA-64-1680-01,TCGA-64-1680,Male,1,63.0,63.0,0,0,Unknown,Unknown,1,,1,True
TCGA_Atlas_2018,TCGA-64-1681-01,TCGA-64-1681,Female,0,61.0,61.0,0,0,Unknown,Unknown,1,,1,True
TCGA_Atlas_2018,TCGA-64-5774-01,TCGA-64-5774,Male,1,60.0,60.0,0,0,Unknown,Unknown,1,,1,True
TCGA_Atlas_2018,TCGA-64-5775-01,TCGA-64-5775,Male,1,71.0,71.0,0,0,Unknown,Unknown,1,,1,True
TCGA_Atlas_2018,TCGA-64-5778-01,TCGA-64-5778,Male,1,60.0,60.0,0,0,Unknown,Unknown,1,,1,True
TCGA_Atlas_2018,TCGA-64-5779-01,TCGA-64-5779,Male,1,61.0,61.0,0,0,Unknown,Unknown,1,,1,True
TCGA_Atlas_2018,TCGA-64-5781-01,TCGA-64-5781,Female,0,55.0,55.0,0,0,Unknown,Unknown,1,,1,True
TCGA_Atlas_2018,TCGA-64-5815-01,TCGA-64-5815,Male,1,74.0,74.0,0,0,Unknown,Unknown,1,,1,True
TCGA_Atlas_2018,TCGA-67-3770-01,TCGA-67-3770,Female,0,70.0,70.0,0,0,Unknown,Unknown,1,,1,True
TCGA_Atlas_2018,TCGA-67-3771-01,TCGA-67-3771,Female,0,77.0,77.0,0,0,Unknown,Unknown,1,,1,True
TCGA_Atlas_2018,TCGA-67-3772-01,TCGA-67-3772,Female,0,82.0,82.0,0,0,Unknown,Unknown,1,,1,True
TCGA_Atlas_2018,TCGA-67-3773-01,TCGA-67-3773,Female,0,84.0,84.0,0,0,Unknown,Unknown,1,,1,True
TCGA_Atlas_2018,TCGA-67-3774-01,TCGA-67-3774,Female,0,73.0,73.0,0,0,Unknown,Unknown,1,,1,True
TCGA_Atlas_2018,TCGA-67-6215-01,TCGA-67-6215,Female,0,52.0,52.0,0,0,Unknown,Unknown,1,,1,True
TCGA_Atlas_2018,TCGA-67-6216-01,TCGA-67-6216,Female,0,57.0,57.0,0,0,Unknown,Unknown,1,,1,True
TCGA_Atlas_2018,TCGA-67-6217-01,TCGA-67-6217,Female,0,73.0,73.0,0,0,Unknown,Unknown,1,,1,True
TCGA_Atlas_2018,TCGA-69-7760-01,TCGA-69-7760,Male,1,73.0,73.0,0,0,Unknown,Unknown,1,,1,True
TCGA_Atlas_2018,TCGA-69-7761-01,TCGA-69-7761,Male,1,84.0,84.0,0,0,Unknown,Unknown,1,,1,True
TCGA_Atlas_2018,TCGA-69-7763-01,TCGA-69-7763,Male,1,69.0,69.0,0,0,Unknown,Unknown,1,,1,True
TCGA_Atlas_2018,TCGA-69-7764-01,TCGA-69-7764,Male,1,75.0,75.0,0,0,Unknown,Unknown,1,,1,True
TCGA_Atlas_2018,TCGA-69-7765-01,TCGA-69-7765,Male,1,56.0,56.0,0,0,Unknown,Unknown,1,,1,True
TCGA_Atlas_2018,TCGA-69-7973-01,TCGA-69-7973,Female,0,42.0,42.0,0,0,Unknown,Unknown,1,,1,True
TCGA_Atlas_2018,TCGA-69-7974-01,TCGA-69-7974,Female,0,54.0,54.0,0,0,Unknown,Unknown,1,,1,True
TCGA_Atlas_2018,TCGA-69-7978-01,TCGA-69-7978,Male,1,59.0,59.0,0,0,Unknown,Unknown,1,,1,True
TCGA_Atlas_2018,TCGA-69-7979-01,TCGA-69-7979,Female,0,71.0,71.0,0,0,Unknown,Unknown,1,,1,True
TCGA_Atlas_2018,TCGA-69-7980-01,TCGA-69-7980,Female,0,70.0,70.0,0,0,Unknown,Unknown,1,,1,True
TCGA_Atlas_2018,TCGA-69-8253-01,TCGA-69-8253,Female,0,59.0,59.0,0,0,Unknown,Unknown,1,,1,True
TCGA_Atlas_2018,TCGA-69-8255-01,TCGA-69-8255,Male,1,71.0,71.0,0,0,Unknown,Unknown,1,,1,True
TCGA_Atlas_2018,TCGA-69-A59K-01,TCGA-69-A59K,Female,0,60.0,60.0,0,0,Unknown,Unknown,1,,1,True
TCGA_Atlas_2018,TCGA-71-8520-01,TCGA-71-8520,Female,0,60.0,60.0,0,0,Unknown,Unknown,1,,1,True
TCGA_Atlas_2018,TCGA-73-4658-01,TCGA-73-4658,Female,0,80.0,80.0,0,0,Unknown,Unknown,1,,1,True
TCGA_Atlas_2018,TCGA-73-4659-01,TCGA-73-4659,Male,1,66.0,66.0,0,0,Unknown,Unknown,1,,1,True
TCGA_Atlas_2018,TCGA-73-4662-01,TCGA-73-4662,Female,0,65.0,65.0,0,0,Unknown,Unknown,1,,1,True
TCGA_Atlas_2018,TCGA-73-4666-01,TCGA-73-4666,Female,0,52.0,52.0,0,0,Unknown,Unknown,1,,1,True
TCGA_Atlas_2018,TCGA-73-4668-01,TCGA-73-4668,Female,0,66.0,66.0,0,0,Unknown,Unknown,1,,1,True
TCGA_Atlas_2018,TCGA-73-4670-01,TCGA-73-4670,Female,0,69.0,69.0,0,0,Unknown,Unknown,1,,1,True
TCGA_Atlas_2018,TCGA-73-4676-01,TCGA-73-4676,Male,1,45.0,45.0,0,0,Unknown,Unknown,1,,1,True
TCGA_Atlas_2018,TCGA-73-4677-01,TCGA-73-4677,Male,1,74.0,74.0,0,0,Unknown,Unknown,1,,1,True
TCGA_Atlas_2018,TCGA-73-7498-01,TCGA-73-7498,Female,0,58.0,58.0,0,0,Unknown,Unknown,1,,1,True
TCGA_Atlas_2018,TCGA-73-7499-01,TCGA-73-7499,Female,0,81.0,81.0,0,0,Unknown,Unknown,1,,1,True
TCGA_Atlas_2018,TCGA-73-A9RS-01,TCGA-73-A9RS,Male,1,41.0,41.0,0,0,Unknown,Unknown,1,,1,True
TCGA_Atlas_2018,TCGA-75-5122-01,TCGA-75-5122,Male,1,,,1,0,Unknown,Unknown,1,,1,True
TCGA_Atlas_2018,TCGA-75-5125-01,TCGA-75-5125,Male,1,,,1,0,Unknown,Unknown,1,,1,True
TCGA_Atlas_2018,TCGA-75-5126-01,TCGA-75-5126,Female,0,,,1,0,Unknown,Unknown,1,,1,True
TCGA_Atlas_2018,TCGA-75-5146-01,TCGA-75-5146,Male,1,,,1,0,Unknown,Unknown,1,,1,True
TCGA_Atlas_2018,TCGA-75-5147-01,TCGA-75-5147,Female,0,,,1,0,Unknown,Unknown,1,,1,True
TCGA_Atlas_2018,TCGA-75-6203-01,TCGA-75-6203,Female,0,,,1,0,Unknown,Unknown,1,,1,True
TCGA_Atlas_2018,TCGA-75-6205-01,TCGA-75-6205,Female,0,,,1,0,Unknown,Unknown,1,,1,True
TCGA_Atlas_2018,TCGA-75-6206-01,TCGA-75-6206,Male,1,,,1,0,Unknown,Unknown,1,,1,True
TCGA_Atlas_2018,TCGA-75-6207-01,TCGA-75-6207,Male,1,,,1,0,Unknown,Unknown,1,,1,True
TCGA_Atlas_2018,TCGA-75-6211-01,TCGA-75-6211,Female,0,,,1,0,Unknown,Unknown,1,,1,True
TCGA_Atlas_2018,TCGA-75-6212-01,TCGA-75-6212,Female,0,,,1,0,Unknown,Unknown,1,,1,True
TCGA_Atlas_2018,TCGA-75-6214-01,TCGA-75-6214,Female,0,,,1,0,Unknown,Unknown,1,,1,True
TCGA_Atlas_2018,TCGA-75-7025-01,TCGA-75-7025,Male,1,,,1,0,Unknown,Unknown,1,,1,True
TCGA_Atlas_2018,TCGA-75-7027-01,TCGA-75-7027,Male,1,,,1,0,Unknown,Unknown,1,,1,True
TCGA_Atlas_2018,TCGA-75-7030-01,TCGA-75-7030,Male,1,,,1,0,Unknown,Unknown,1,,1,True
TCGA_Atlas_2018,TCGA-75-7031-01,TCGA-75-7031,Female,0,,,1,0,Unknown,Unknown,1,,1,True
TCGA_Atlas_2018,TCGA-78-7145-01,TCGA-78-7145,Female,0,52.0,52.0,0,0,Unknown,Unknown,1,,1,True
TCGA_Atlas_2018,TCGA-78-7146-01,TCGA-78-7146,Female,0,71.0,71.0,0,0,Unknown,Unknown,1,,1,True
TCGA_Atlas_2018,TCGA-78-7147-01,TCGA-78-7147,Female,0,67.0,67.0,0,0,Unknown,Unknown,1,,1,True
TCGA_Atlas_2018,TCGA-78-7148-01,TCGA-78-7148,Male,1,71.0,71.0,0,0,Unknown,Unknown,1,,1,True
TCGA_Atlas_2018,TCGA-78-7149-01,TCGA-78-7149,Male,1,71.0,71.0,0,0,Unknown,Unknown,1,,1,True
TCGA_Atlas_2018,TCGA-78-7150-01,TCGA-78-7150,Male,1,59.0,59.0,0,0,Unknown,Unknown,1,,1,True
TCGA_Atlas_2018,TCGA-78-7152-01,TCGA-78-7152,Male,1,65.0,65.0,0,0,Unknown,Unknown,1,,1,True
TCGA_Atlas_2018,TCGA-78-7153-01,TCGA-78-7153,Female,0,65.0,65.0,0,0,Unknown,Unknown,1,,1,True
TCGA_Atlas_2018,TCGA-78-7154-01,TCGA-78-7154,Male,1,72.0,72.0,0,0,Unknown,Unknown,1,,1,True
TCGA_Atlas_2018,TCGA-78-7155-01,TCGA-78-7155,Male,1,68.0,68.0,0,0,Unknown,Unknown,1,,1,True
TCGA_Atlas_2018,TCGA-78-7156-01,TCGA-78-7156,Male,1,62.0,62.0,0,0,Unknown,Unknown,1,,1,True
TCGA_Atlas_2018,TCGA-78-7158-01,TCGA-78-7158,Female,0,59.0,59.0,0,0,Unknown,Unknown,1,,1,True
TCGA_Atlas_2018,TCGA-78-7159-01,TCGA-78-7159,Female,0,60.0,60.0,0,0,Unknown,Unknown,1,,1,True
TCGA_Atlas_2018,TCGA-78-7160-01,TCGA-78-7160,Male,1,61.0,61.0,0,0,Unknown,Unknown,1,,1,True
TCGA_Atlas_2018,TCGA-78-7161-01,TCGA-78-7161,Female,0,69.0,69.0,0,0,Unknown,Unknown,1,,1,True
TCGA_Atlas_2018,TCGA-78-7162-01,TCGA-78-7162,Male,1,75.0,75.0,0,0,Unknown,Unknown,1,,1,True
TCGA_Atlas_2018,TCGA-78-7163-01,TCGA-78-7163,Male,1,60.0,60.0,0,0,Unknown,Unknown,1,,1,True
TCGA_Atlas_2018,TCGA-78-7166-01,TCGA-78-7166,Male,1,84.0,84.0,0,0,Unknown,Unknown,1,,1,True
TCGA_Atlas_2018,TCGA-78-7167-01,TCGA-78-7167,Male,1,77.0,77.0,0,0,Unknown,Unknown,1,,1,True
TCGA_Atlas_2018,TCGA-78-7220-01,TCGA-78-7220,Female,0,53.0,53.0,0,0,Unknown,Unknown,1,,1,True
TCGA_Atlas_2018,TCGA-78-7535-01,TCGA-78-7535,Male,1,45.0,45.0,0,0,Unknown,Unknown,1,,1,True
TCGA_Atlas_2018,TCGA-78-7536-01,TCGA-78-7536,Male,1,69.0,69.0,0,0,Unknown,Unknown,1,,1,True
TCGA_Atlas_2018,TCGA-78-7537-01,TCGA-78-7537,Male,1,72.0,72.0,0,0,Unknown,Unknown,1,,1,True
TCGA_Atlas_2018,TCGA-78-7539-01,TCGA-78-7539,Female,0,75.0,75.0,0,0,Unknown,Unknown,1,,1,True
TCGA_Atlas_2018,TCGA-78-7540-01,TCGA-78-7540,Female,0,66.0,66.0,0,0,Unknown,Unknown,1,,1,True
TCGA_Atlas_2018,TCGA-78-7542-01,TCGA-78-7542,Male,1,56.0,56.0,0,0,Unknown,Unknown,1,,1,True
TCGA_Atlas_2018,TCGA-78-7633-01,TCGA-78-7633,Male,1,67.0,67.0,0,0,Unknown,Unknown,1,,1,True
TCGA_Atlas_2018,TCGA-78-8640-01,TCGA-78-8640,Male,1,59.0,59.0,0,0,Unknown,Unknown,1,,1,True
TCGA_Atlas_2018,TCGA-78-8655-01,TCGA-78-8655,Female,0,77.0,77.0,0,0,Unknown,Unknown,1,,1,True
TCGA_Atlas_2018,TCGA-78-8660-01,TCGA-78-8660,Male,1,69.0,69.0,0,0,Unknown,Unknown,1,,1,True
TCGA_Atlas_2018,TCGA-78-8662-01,TCGA-78-8662,Female,0,53.0,53.0,0,0,Unknown,Unknown,1,,1,True
TCGA_Atlas_2018,TCGA-80-5607-01,TCGA-80-5607,Female,0,,,1,0,Unknown,Unknown,1,,1,True
TCGA_Atlas_2018,TCGA-80-5608-01,TCGA-80-5608,Female,0,,,1,0,Unknown,Unknown,1,,1,True
TCGA_Atlas_2018,TCGA-80-5611-01,TCGA-80-5611,Male,1,,,1,0,Unknown,Unknown,1,,1,True
TCGA_Atlas_2018,TCGA-83-5908-01,TCGA-83-5908,Female,0,59.0,59.0,0,0,Unknown,Unknown,1,,1,True
TCGA_Atlas_2018,TCGA-86-6562-01,TCGA-86-6562,Male,1,52.0,52.0,0,0,Unknown,Unknown,1,,1,True
TCGA_Atlas_2018,TCGA-86-6851-01,TCGA-86-6851,Female,0,73.0,73.0,0,0,Unknown,Unknown,1,,1,True
TCGA_Atlas_2018,TCGA-86-7701-01,TCGA-86-7701,Male,1,66.0,66.0,0,0,Unknown,Unknown,1,,1,True
TCGA_Atlas_2018,TCGA-86-7711-01,TCGA-86-7711,Male,1,70.0,70.0,0,0,Unknown,Unknown,1,,1,True
TCGA_Atlas_2018,TCGA-86-7713-01,TCGA-86-7713,Male,1,70.0,70.0,0,0,Unknown,Unknown,1,,1,True
TCGA_Atlas_2018,TCGA-86-7714-01,TCGA-86-7714,Female,0,61.0,61.0,0,0,Unknown,Unknown,1,,1,True
TCGA_Atlas_2018,TCGA-86-7953-01,TCGA-86-7953,Female,0,69.0,69.0,0,0,Unknown,Unknown,1,,1,True
TCGA_Atlas_2018,TCGA-86-7954-01,TCGA-86-7954,Female,0,68.0,68.0,0,0,Unknown,Unknown,1,,1,True
TCGA_Atlas_2018,TCGA-86-7955-01,TCGA-86-7955,Male,1,62.0,62.0,0,0,Unknown,Unknown,1,,1,True
TCGA_Atlas_2018,TCGA-86-8054-01,TCGA-86-8054,Male,1,61.0,61.0,0,0,Unknown,Unknown,1,,1,True
TCGA_Atlas_2018,TCGA-86-8055-01,TCGA-86-8055,Male,1,79.0,79.0,0,0,Unknown,Unknown,1,,1,True
TCGA_Atlas_2018,TCGA-86-8056-01,TCGA-86-8056,Female,0,63.0,63.0,0,0,Unknown,Unknown,1,,1,True
TCGA_Atlas_2018,TCGA-86-8073-01,TCGA-86-8073,Male,1,58.0,58.0,0,0,Unknown,Unknown,1,,1,True
TCGA_Atlas_2018,TCGA-86-8074-01,TCGA-86-8074,Female,0,62.0,62.0,0,0,Unknown,Unknown,1,,1,True
TCGA_Atlas_2018,TCGA-86-8075-01,TCGA-86-8075,Female,0,66.0,66.0,0,0,Unknown,Unknown,1,,1,True
TCGA_Atlas_2018,TCGA-86-8076-01,TCGA-86-8076,Male,1,42.0,42.0,0,0,Unknown,Unknown,1,,1,True
TCGA_Atlas_2018,TCGA-86-8278-01,TCGA-86-8278,Female,0,63.0,63.0,0,0,Unknown,Unknown,1,,1,True
TCGA_Atlas_2018,TCGA-86-8279-01,TCGA-86-8279,Male,1,46.0,46.0,0,0,Unknown,Unknown,1,,1,True
TCGA_Atlas_2018,TCGA-86-8280-01,TCGA-86-8280,Female,0,54.0,54.0,0,0,Unknown,Unknown,1,,1,True
TCGA_Atlas_2018,TCGA-86-8281-01,TCGA-86-8281,Male,1,75.0,75.0,0,0,Unknown,Unknown,1,,1,True
TCGA_Atlas_2018,TCGA-86-8358-01,TCGA-86-8358,Male,1,44.0,44.0,0,0,Unknown,Unknown,1,,1,True
TCGA_Atlas_2018,TCGA-86-8359-01,TCGA-86-8359,Male,1,52.0,52.0,0,0,Unknown,Unknown,1,,1,True
TCGA_Atlas_2018,TCGA-86-8585-01,TCGA-86-8585,Male,1,57.0,57.0,0,0,Unknown,Unknown,1,,1,True
TCGA_Atlas_2018,TCGA-86-8668-01,TCGA-86-8668,Female,0,61.0,61.0,0,0,Unknown,Unknown,1,,1,True
TCGA_Atlas_2018,TCGA-86-8669-01,TCGA-86-8669,Male,1,64.0,64.0,0,0,Unknown,Unknown,1,,1,True
TCGA_Atlas_2018,TCGA-86-8671-01,TCGA-86-8671,Female,0,72.0,72.0,0,0,Unknown,Unknown,1,,1,True
TCGA_Atlas_2018,TCGA-86-8672-01,TCGA-86-8672,Male,1,59.0,59.0,0,0,Unknown,Unknown,1,,1,True
TCGA_Atlas_2018,TCGA-86-8673-01,TCGA-86-8673,Male,1,61.0,61.0,0,0,Unknown,Unknown,1,,1,True
TCGA_Atlas_2018,TCGA-86-8674-01,TCGA-86-8674,Male,1,50.0,50.0,0,0,Unknown,Unknown,1,,1,True
TCGA_Atlas_2018,TCGA-86-A456-01,TCGA-86-A456,Female,0,78.0,78.0,0,0,Unknown,Unknown,1,,1,True
TCGA_Atlas_2018,TCGA-86-A4JF-01,TCGA-86-A4JF,Male,1,56.0,56.0,0,0,Unknown,Unknown,1,,1,True
TCGA_Atlas_2018,TCGA-86-A4P7-01,TCGA-86-A4P7,Female,0,63.0,63.0,0,0,Unknown,Unknown,1,,1,True
TCGA_Atlas_2018,TCGA-91-6828-01,TCGA-91-6828,Male,1,70.0,70.0,0,0,Unknown,Unknown,1,,1,True
TCGA_Atlas_2018,TCGA-91-6829-01,TCGA-91-6829,Male,1,78.0,78.0,0,0,Unknown,Unknown,1,,1,True
TCGA_Atlas_2018,TCGA-91-6830-01,TCGA-91-6830,Female,0,65.0,65.0,0,0,Unknown,Unknown,1,,1,True
TCGA_Atlas_2018,TCGA-91-6831-01,TCGA-91-6831,Male,1,66.0,66.0,0,0,Unknown,Unknown,1,,1,True
TCGA_Atlas_2018,TCGA-91-6835-01,TCGA-91-6835,Female,0,81.0,81.0,0,0,Unknown,Unknown,1,,1,True
TCGA_Atlas_2018,TCGA-91-6836-01,TCGA-91-6836,Female,0,52.0,52.0,0,0,Unknown,Unknown,1,,1,True
TCGA_Atlas_2018,TCGA-91-6840-01,TCGA-91-6840,Female,0,59.0,59.0,0,0,Unknown,Unknown,1,,1,True
TCGA_Atlas_2018,TCGA-91-6847-01,TCGA-91-6847,Female,0,62.0,62.0,0,0,Unknown,Unknown,1,,1,True
TCGA_Atlas_2018,TCGA-91-6848-01,TCGA-91-6848,Male,1,59.0,59.0,0,0,Unknown,Unknown,1,,1,True
TCGA_Atlas_2018,TCGA-91-6849-01,TCGA-91-6849,Female,0,75.0,75.0,0,0,Unknown,Unknown,1,,1,True
TCGA_Atlas_2018,TCGA-91-7771-01,TCGA-91-7771,Male,1,62.0,62.0,0,0,Unknown,Unknown,1,,1,True
TCGA_Atlas_2018,TCGA-91-8499-01,TCGA-91-8499,Female,0,76.0,76.0,0,0,Unknown,Unknown,1,,1,True
TCGA_Atlas_2018,TCGA-91-A4BC-01,TCGA-91-A4BC,Male,1,59.0,59.0,0,0,Unknown,Unknown,1,,1,True
TCGA_Atlas_2018,TCGA-91-A4BD-01,TCGA-91-A4BD,Male,1,78.0,78.0,0,0,Unknown,Unknown,1,,1,True
TCGA_Atlas_2018,TCGA-93-7347-01,TCGA-93-7347,Female,0,76.0,76.0,0,0,Unknown,Unknown,1,,1,True
TCGA_Atlas_2018,TCGA-93-7348-01,TCGA-93-7348,Female,0,75.0,75.0,0,0,Unknown,Unknown,1,,1,True
TCGA_Atlas_2018,TCGA-93-8067-01,TCGA-93-8067,Male,1,77.0,77.0,0,0,Unknown,Unknown,1,,1,True
TCGA_Atlas_2018,TCGA-93-A4JN-01,TCGA-93-A4JN,Male,1,71.0,71.0,0,0,Unknown,Unknown,1,,1,True
TCGA_Atlas_2018,TCGA-93-A4JO-01,TCGA-93-A4JO,Male,1,70.0,70.0,0,0,Unknown,Unknown,1,,1,True
TCGA_Atlas_2018,TCGA-93-A4JP-01,TCGA-93-A4JP,Male,1,64.0,64.0,0,0,Unknown,Unknown,1,,1,True
TCGA_Atlas_2018,TCGA-93-A4JQ-01,TCGA-93-A4JQ,Male,1,49.0,49.0,0,0,Unknown,Unknown,1,,1,True
TCGA_Atlas_2018,TCGA-95-7039-01,TCGA-95-7039,Female,0,54.0,54.0,0,0,Unknown,Unknown,1,,1,True
TCGA_Atlas_2018,TCGA-95-7043-01,TCGA-95-7043,Female,0,63.0,63.0,0,0,Unknown,Unknown,1,,1,True
TCGA_Atlas_2018,TCGA-95-7562-01,TCGA-95-7562,Male,1,71.0,71.0,0,0,Unknown,Unknown,1,,1,True
TCGA_Atlas_2018,TCGA-95-7567-01,TCGA-95-7567,Male,1,61.0,61.0,0,0,Unknown,Unknown,1,,1,True
TCGA_Atlas_2018,TCGA-95-7944-01,TCGA-95-7944,Male,1,71.0,71.0,0,0,Unknown,Unknown,1,,1,True
TCGA_Atlas_2018,TCGA-95-7947-01,TCGA-95-7947,Male,1,67.0,67.0,0,0,Unknown,Unknown,1,,1,True
TCGA_Atlas_2018,TCGA-95-7948-01,TCGA-95-7948,Female,0,42.0,42.0,0,0,Unknown,Unknown,1,,1,True
TCGA_Atlas_2018,TCGA-95-8039-01,TCGA-95-8039,Male,1,72.0,72.0,0,0,Unknown,Unknown,1,,1,True
TCGA_Atlas_2018,TCGA-95-8494-01,TCGA-95-8494,Male,1,67.0,67.0,0,0,Unknown,Unknown,1,,1,True
TCGA_Atlas_2018,TCGA-95-A4VK-01,TCGA-95-A4VK,Female,0,74.0,74.0,0,0,Unknown,Unknown,1,,1,True
TCGA_Atlas_2018,TCGA-95-A4VN-01,TCGA-95-A4VN,Female,0,62.0,62.0,0,0,Unknown,Unknown,1,,1,True
TCGA_Atlas_2018,TCGA-95-A4VP-01,TCGA-95-A4VP,Female,0,66.0,66.0,0,0,Unknown,Unknown,1,,1,True
TCGA_Atlas_2018,TCGA-97-7546-01,TCGA-97-7546,Female,0,76.0,76.0,0,0,Unknown,Unknown,1,,1,True
TCGA_Atlas_2018,TCGA-97-7547-01,TCGA-97-7547,Female,0,67.0,67.0,0,0,Unknown,Unknown,1,,1,True
TCGA_Atlas_2018,TCGA-97-7553-01,TCGA-97-7553,Female,0,58.0,58.0,0,0,Unknown,Unknown,1,,1,True
TCGA_Atlas_2018,TCGA-97-7554-01,TCGA-97-7554,Female,0,83.0,83.0,0,0,Unknown,Unknown,1,,1,True
TCGA_Atlas_2018,TCGA-97-7937-01,TCGA-97-7937,Male,1,65.0,65.0,0,0,Unknown,Unknown,1,,1,True
TCGA_Atlas_2018,TCGA-97-7938-01,TCGA-97-7938,Female,0,76.0,76.0,0,0,Unknown,Unknown,1,,1,True
TCGA_Atlas_2018,TCGA-97-7941-01,TCGA-97-7941,Female,0,72.0,72.0,0,0,Unknown,Unknown,1,,1,True
TCGA_Atlas_2018,TCGA-97-8171-01,TCGA-97-8171,Male,1,81.0,81.0,0,0,Unknown,Unknown,1,,1,True
TCGA_Atlas_2018,TCGA-97-8172-01,TCGA-97-8172,Female,0,75.0,75.0,0,0,Unknown,Unknown,1,,1,True
TCGA_Atlas_2018,TCGA-97-8174-01,TCGA-97-8174,Male,1,67.0,67.0,0,0,Unknown,Unknown,1,,1,True
TCGA_Atlas_2018,TCGA-97-8175-01,TCGA-97-8175,Female,0,55.0,55.0,0,0,Unknown,Unknown,1,,1,True
TCGA_Atlas_2018,TCGA-97-8176-01,TCGA-97-8176,Male,1,63.0,63.0,0,0,Unknown,Unknown,1,,1,True
TCGA_Atlas_2018,TCGA-97-8177-01,TCGA-97-8177,Female,0,59.0,59.0,0,0,Unknown,Unknown,1,,1,True
TCGA_Atlas_2018,TCGA-97-8179-01,TCGA-97-8179,Male,1,72.0,72.0,0,0,Unknown,Unknown,1,,1,True
TCGA_Atlas_2018,TCGA-97-8547-01,TCGA-97-8547,Female,0,78.0,78.0,0,0,Unknown,Unknown,1,,1,True
TCGA_Atlas_2018,TCGA-97-8552-01,TCGA-97-8552,Female,0,55.0,55.0,0,0,Unknown,Unknown,1,,1,True
TCGA_Atlas_2018,TCGA-97-A4LX-01,TCGA-97-A4LX,Male,1,81.0,81.0,0,0,Unknown,Unknown,1,,1,True
TCGA_Atlas_2018,TCGA-97-A4M0-01,TCGA-97-A4M0,Female,0,60.0,60.0,0,0,Unknown,Unknown,1,,1,True
TCGA_Atlas_2018,TCGA-97-A4M1-01,TCGA-97-A4M1,Female,0,52.0,52.0,0,0,Unknown,Unknown,1,,1,True
TCGA_Atlas_2018,TCGA-97-A4M3-01,TCGA-97-A4M3,Female,0,69.0,69.0,0,0,Unknown,Unknown,1,,1,True
TCGA_Atlas_2018,TCGA-97-A4M5-01,TCGA-97-A4M5,Male,1,83.0,83.0,0,0,Unknown,Unknown,1,,1,True
TCGA_Atlas_2018,TCGA-97-A4M6-01,TCGA-97-A4M6,Female,0,45.0,45.0,0,0,Unknown,Unknown,1,,1,True
TCGA_Atlas_2018,TCGA-97-A4M7-01,TCGA-97-A4M7,Male,1,74.0,74.0,0,0,Unknown,Unknown,1,,1,True
TCGA_Atlas_2018,TCGA-99-7458-01,TCGA-99-7458,Female,0,74.0,74.0,0,0,Unknown,Unknown,1,,1,True
TCGA_Atlas_2018,TCGA-99-8025-01,TCGA-99-8025,Female,0,72.0,72.0,0,0,Unknown,Unknown,1,,1,True
TCGA_Atlas_2018,TCGA-99-8028-01,TCGA-99-8028,Female,0,50.0,50.0,0,0,Unknown,Unknown,1,,1,True
TCGA_Atlas_2018,TCGA-99-8032-01,TCGA-99-8032,Male,1,61.0,61.0,0,0,Unknown,Unknown,1,,1,True
TCGA_Atlas_2018,TCGA-99-8033-01,TCGA-99-8033,Female,0,74.0,74.0,0,0,Unknown,Unknown,1,,1,True
TCGA_Atlas_2018,TCGA-99-AA5R-01,TCGA-99-AA5R,Female,0,70.0,70.0,0,0,Unknown,Unknown,1,,1,True
TCGA_Atlas_2018,TCGA-J2-8192-01,TCGA-J2-8192,Female,0,65.0,65.0,0,0,Unknown,Unknown,1,,1,True
TCGA_Atlas_2018,TCGA-J2-8194-01,TCGA-J2-8194,Female,0,69.0,69.0,0,0,Unknown,Unknown,1,,1,True
TCGA_Atlas_2018,TCGA-J2-A4AD-01,TCGA-J2-A4AD,Female,0,61.0,61.0,0,0,Unknown,Unknown,1,,1,True
TCGA_Atlas_2018,TCGA-J2-A4AE-01,TCGA-J2-A4AE,Female,0,77.0,77.0,0,0,Unknown,Unknown,1,,1,True
TCGA_Atlas_2018,TCGA-J2-A4AG-01,TCGA-J2-A4AG,Female,0,66.0,66.0,0,0,Unknown,Unknown,1,,1,True
TCGA_Atlas_2018,TCGA-L4-A4E5-01,TCGA-L4-A4E5,Female,0,48.0,48.0,0,0,Unknown,Unknown,1,,1,True
TCGA_Atlas_2018,TCGA-L9-A443-01,TCGA-L9-A443,Female,0,63.0,63.0,0,0,Unknown,Unknown,1,,1,True
TCGA_Atlas_2018,TCGA-L9-A444-01,TCGA-L9-A444,Female,0,60.0,60.0,0,0,Unknown,Unknown,1,,1,True
TCGA_Atlas_2018,TCGA-L9-A50W-01,TCGA-L9-A50W,Male,1,75.0,75.0,0,0,Unknown,Unknown,1,,1,True
TCGA_Atlas_2018,TCGA-L9-A5IP-01,TCGA-L9-A5IP,Female,0,40.0,40.0,0,0,Unknown,Unknown,1,,1,True
TCGA_Atlas_2018,TCGA-L9-A743-01,TCGA-L9-A743,Male,1,56.0,56.0,0,0,Unknown,Unknown,1,,1,True
TCGA_Atlas_2018,TCGA-L9-A7SV-01,TCGA-L9-A7SV,Male,1,69.0,69.0,0,0,Unknown,Unknown,1,,1,True
TCGA_Atlas_2018,TCGA-L9-A8F4-01,TCGA-L9-A8F4,Female,0,64.0,64.0,0,0,Unknown,Unknown,1,,1,True
TCGA_Atlas_2018,TCGA-MN-A4N1-01,TCGA-MN-A4N1,Male,1,60.0,60.0,0,0,Unknown,Unknown,1,,1,True
TCGA_Atlas_2018,TCGA-MN-A4N4-01,TCGA-MN-A4N4,Male,1,57.0,57.0,0,0,Unknown,Unknown,1,,1,True
TCGA_Atlas_2018,TCGA-MN-A4N5-01,TCGA-MN-A4N5,Male,1,63.0,63.0,0,0,Unknown,Unknown,1,,1,True
TCGA_Atlas_2018,TCGA-MP-A4SV-01,TCGA-MP-A4SV,Male,1,67.0,67.0,0,0,Unknown,Unknown,1,,1,True
TCGA_Atlas_2018,TCGA-MP-A4SW-01,TCGA-MP-A4SW,Male,1,53.0,53.0,0,0,Unknown,Unknown,1,,1,True
TCGA_Atlas_2018,TCGA-MP-A4SY-01,TCGA-MP-A4SY,Male,1,61.0,61.0,0,0,Unknown,Unknown,1,,1,True
TCGA_Atlas_2018,TCGA-MP-A4T2-01,TCGA-MP-A4T2,Male,1,71.0,71.0,0,0,Unknown,Unknown,1,,1,True
TCGA_Atlas_2018,TCGA-MP-A4T4-01,TCGA-MP-A4T4,Female,0,68.0,68.0,0,0,Unknown,Unknown,1,,1,True
TCGA_Atlas_2018,TCGA-MP-A4T6-01,TCGA-MP-A4T6,Female,0,76.0,76.0,0,0,Unknown,Unknown,1,,1,True
TCGA_Atlas_2018,TCGA-MP-A4T7-01,TCGA-MP-A4T7,Female,0,75.0,75.0,0,0,Unknown,Unknown,1,,1,True
TCGA_Atlas_2018,TCGA-MP-A4T8-01,TCGA-MP-A4T8,Male,1,68.0,68.0,0,0,Unknown,Unknown,1,,1,True
TCGA_Atlas_2018,TCGA-MP-A4T9-01,TCGA-MP-A4T9,Female,0,54.0,54.0,0,0,Unknown,Unknown,1,,1,True
TCGA_Atlas_2018,TCGA-MP-A4TA-01,TCGA-MP-A4TA,Female,0,75.0,75.0,0,0,Unknown,Unknown,1,,1,True
TCGA_Atlas_2018,TCGA-MP-A4TC-01,TCGA-MP-A4TC,Male,1,77.0,77.0,0,0,Unknown,Unknown,1,,1,True
TCGA_Atlas_2018,TCGA-MP-A4TD-01,TCGA-MP-A4TD,Male,1,71.0,71.0,0,0,Unknown,Unknown,1,,1,True
TCGA_Atlas_2018,TCGA-MP-A4TE-01,TCGA-MP-A4TE,Male,1,56.0,56.0,0,0,Unknown,Unknown,1,,1,True
TCGA_Atlas_2018,TCGA-MP-A4TF-01,TCGA-MP-A4TF,Female,0,58.0,58.0,0,0,Unknown,Unknown,1,,1,True
TCGA_Atlas_2018,TCGA-MP-A4TH-01,TCGA-MP-A4TH,Female,0,70.0,70.0,0,0,Unknown,Unknown,1,,1,True
TCGA_Atlas_2018,TCGA-MP-A4TI-01,TCGA-MP-A4TI,Male,1,72.0,72.0,0,0,Unknown,Unknown,1,,1,True
TCGA_Atlas_2018,TCGA-MP-A4TJ-01,TCGA-MP-A4TJ,Female,0,62.0,62.0,0,0,Unknown,Unknown,1,,1,True
TCGA_Atlas_2018,TCGA-MP-A4TK-01,TCGA-MP-A4TK,Female,0,56.0,56.0,0,0,Unknown,Unknown,1,,1,True
TCGA_Atlas_2018,TCGA-MP-A5C7-01,TCGA-MP-A5C7,Female,0,76.0,76.0,0,0,Unknown,Unknown,1,,1,True
TCGA_Atlas_2018,TCGA-NJ-A4YF-01,TCGA-NJ-A4YF,Female,0,50.0,50.0,0,0,Unknown,Unknown,1,,1,True
TCGA_Atlas_2018,TCGA-NJ-A4YG-01,TCGA-NJ-A4YG,Male,1,65.0,65.0,0,0,Unknown,Unknown,1,,1,True
TCGA_Atlas_2018,TCGA-NJ-A4YI-01,TCGA-NJ-A4YI,Female,0,87.0,87.0,0,0,Unknown,Unknown,1,,1,True
TCGA_Atlas_2018,TCGA-NJ-A4YP-01,TCGA-NJ-A4YP,Male,1,52.0,52.0,0,0,Unknown,Unknown,1,,1,True
TCGA_Atlas_2018,TCGA-NJ-A4YQ-01,TCGA-NJ-A4YQ,Female,0,69.0,69.0,0,0,Unknown,Unknown,1,,1,True
TCGA_Atlas_2018,TCGA-NJ-A55A-01,TCGA-NJ-A55A,Female,0,76.0,76.0,0,0,Unknown,Unknown,1,,1,True
TCGA_Atlas_2018,TCGA-NJ-A55O-01,TCGA-NJ-A55O,Female,0,56.0,56.0,0,0,Unknown,Unknown,1,,1,True
TCGA_Atlas_2018,TCGA-NJ-A55R-01,TCGA-NJ-A55R,Male,1,67.0,67.0,0,0,Unknown,Unknown,1,,1,True
TCGA_Atlas_2018,TCGA-NJ-A7XG-01,TCGA-NJ-A7XG,Male,1,49.0,49.0,0,0,Unknown,Unknown,1,,1,True
TCGA_Atlas_2018,TCGA-O1-A52J-01,TCGA-O1-A52J,Female,0,74.0,74.0,0,0,Unknown,Unknown,1,,1,True
TCGA_Atlas_2018,TCGA-S2-AA1A-01,TCGA-S2-AA1A,Female,0,68.0,68.0,0,0,Unknown,Unknown,1,,1,True
